k1_wang,k2_wang,kx,ky,zero_field_energy_meV,target_weight_raw,target_weight,target_probability,target_relative,active_weight,common_weight
0.0,0.0,0.0,0.0,24.999999999999968,0.0001125174095300456,0.00011251740953004561,0.00033362217418217687,0.4199661987063646,0.00028170835426723483,0.0006314759883246224
0.025,0.0,0.0013383166562134473,0.0,24.89519931450672,0.00012106910920561,0.0001132281112302691,0.0003357294556012378,0.4226188610161675,0.0002928556692003336,0.000630498166385677
0.05,0.0,0.0026766333124268946,0.0,24.58851814865079,0.0001313431178327354,0.00011512040799341093,0.0003413402509701864,0.42968177405122826,0.00032091018332880736,0.0006294676355245242
0.075,0.0,0.004014949968640341,0.0,24.105700840562562,0.00014287553158016461,0.00011883571670902215,0.0003523564072844608,0.44354899766429257,0.00034191098547500006,0.0006287165108411384
0.1,0.0,0.005353266624853789,0.0,23.489337267492196,0.00015489328859995356,0.00012602728727021718,0.00037367992883042867,0.4703912131394647,0.00035285543730805463,0.0006283124074805092
0.125,0.0,0.0066915832810672355,0.0,22.793275544412943,0.0001666696057645383,0.00013766138200883922,0.00040817585259504447,0.5138149514140659,0.00036298266703572676,0.0006281437222882209
0.15,0.0,0.008029899937280682,0.0,22.075066080227458,0.00017776144265757753,0.0001526879244390218,0.00045273062662456537,0.5699008489694884,0.0003752439898006547,0.0006280716824457067
0.175,0.0,0.00936821659349413,0.0,21.38900744959287,0.00018801846688242584,0.00016878593483174364,0.0005004623798675425,0.6299859527734616,0.0003913978406587536,0.0006280110791530447
0.2,0.0,0.010706533249707578,0.0,20.7813364981688,0.00019745554849848207,0.00018372655739986858,0.000544762395355209,0.6857511582865379,0.0004123532887719165,0.0006279393638154811
0.225,0.0,0.012044849905921024,0.0,20.287492640349054,0.00020613348266397923,0.00019649326206227932,0.0005826165886254324,0.733402312445466,0.0004367671312224625,0.0006278675562550407
0.25,0.0,0.013383166562134471,0.0,19.93047921238693,0.0002140859802563191,0.000207106940988699,0.0006140869064570754,0.7730173943393311,0.00046106024343380296,0.0006278114638914798
0.275,0.0,0.01472148321834792,0.0,19.719339347903087,0.00022128549867515818,0.0002159411194828335,0.000640280878115653,0.8059905704582186,0.00048209969299432267,0.000627775475733897
0.3,0.0,0.016059799874561364,0.0,19.647361253838636,0.0002276780669270239,0.00022333096058446694,0.0006621922860078639,0.8335728218578861,0.0004989104009629721,0.0006277499716774918
0.325,0.0,0.017398116530774815,0.0,19.690594249668738,0.0002332471726602736,0.00022956156863806007,0.0006806664849251581,0.856828287752682,0.0005119518867764736,0.0006277236799425041
0.35,0.0,0.01873643318698826,0.0,19.80826826527102,0.00023807150730994282,0.00023487803479260873,0.0006964301876699574,0.876671759894481,0.0005220390993726928,0.0006276936503334562
0.375,0.0,0.020074749843201706,0.0,19.94702375133285,0.0002423641830203849,0.00023950457538557022,0.00071014821173408,0.89394011573472,0.0005298799666947689,0.0006276576187636233
0.4,0.0,0.021413066499415156,0.0,20.049686653022725,0.000246429150142851,0.00024382088972585273,0.0007229463927504519,0.9100505659617684,0.0005359881105060937,0.0006276126813610885
0.425,0.0,0.0227513831556286,0.0,20.066913252958628,0.00025052345605887523,0.0002480594539191044,0.0007355140390148795,0.9258708172424157,0.0005407030088259211,0.0006275590772494276
0.45,0.0,0.024089699811842048,0.0,19.96801379556223,0.0002547239064737422,0.00025235151217575097,0.0007482402990068198,0.9418907327221512,0.000544231636948167,0.0006274870357612056
0.475,0.0,0.025428016468055495,0.0,19.747278331058062,0.0002588834039512456,0.0002565970206212015,0.0007608285354761439,0.9577369031135474,0.0005467046924906419,0.0006273833302322396
0.5,0.0,0.026766333124268942,0.0,19.424153480385897,0.0002626267868569009,0.0002604655361261054,0.0007722989608884786,0.9721759642154413,0.0005482065597180975,0.000627260322814399
0.525,0.0,0.02810464978048239,0.0,19.038052515854766,0.0002653872802977828,0.00026344960629933394,0.0007811469425764932,0.983313872673858,0.0005487650546117304,0.0006271532875476463
0.55,0.0,0.02944296643669584,0.0,18.63991484578941,0.00026659158051647516,0.0002649946670902185,0.0007857281584296799,0.9890807429726696,0.0005483713363903026,0.000627152200352299
0.575,0.0,0.03078128309290928,0.0,18.28272065757008,0.000265865033350678,0.0002646865071208822,0.0007848144420599618,0.9879305496696406,0.0005470123480130746,0.0006274787335893714
0.6,0.0,0.03211959974912273,0.0,18.0128482633965,0.0002631486333689302,0.0002623926278574402,0.0007780129258290306,0.9793687479130702,0.0005445563829969369,0.000628405659757713
0.625,0.0,0.03345791640533618,0.0,17.863977427262807,0.0002588083840785652,0.00025836706382878087,0.0007660768403009305,0.9643435102202871,0.0005405280492608733,0.0006300560937578185
0.65,0.0,0.03479623306154963,0.0,17.85478238608173,0.0002535344444543548,0.0002530973650742613,0.0007504518062452142,0.9446745953074149,0.0005338366784812677,0.0006322522347673316
0.675,0.0,0.03613454971776307,0.0,17.990387930877112,0.00024800380365990946,0.0002471958132639997,0.0007329532826459619,0.922647317123745,0.0005224910437058527,0.000634509379047766
0.7,0.0,0.03747286637397652,0.0,18.266057556775962,0.0002425026400119232,0.0002411584309963913,0.0007150520120168104,0.9001130578330737,0.0005030386501463517,0.0006360789240521215
0.725,0.0,0.03881118303018997,0.0,18.67103354023228,0.00023642849318960442,0.0002349150472348317,0.0006965399322108048,0.8768099071796891,0.00046996441470288674,0.0006359040640830857
0.75,0.0,0.04014949968640341,0.0,19.19108953848815,0.0002279995199253256,0.00022749182059085305,0.0006745295337955275,0.8491030457363935,0.00042409785618004544,0.0006328920758431552
0.775,0.0,0.04148781634261686,0.0,19.80938993199674,0.00021467468138278373,0.00021741466033888132,0.000644650032242061,0.811490495798996,0.00038575777013784464,0.0006264681507033348
0.8,0.0,0.04282613299883031,0.0,20.505978923528318,0.00019447504735544468,0.00020350131768009238,0.0006033959752267572,0.759559566602209,0.00035831220310192916,0.0006178668482604199
0.825,0.0,0.04416444965504375,0.0,21.256542726898253,0.00016812303979539544,0.00018564665422861283,0.0005504556199088272,0.6929178338230959,0.00033269799192687133,0.0006103021118215458
0.85,0.0,0.0455027663112572,0.0,22.031188170757922,0.00014011084011479467,0.0001658792449286536,0.0004918438362200075,0.6191368627124882,0.0003085906286727585,0.0006076318242535621
0.875,0.0,0.04684108296747065,0.0,22.793992932257552,0.00011701931828114493,0.00014752928349591652,0.0004374348869301281,0.5506464523706366,0.0002898884834335433,0.0006112513256440033
0.9,0.0,0.048179399623684095,0.0,23.503971657174834,0.00010333885647146031,0.00013311714399190638,0.000394701861560745,0.496853786257854,0.0002789327035243995,0.0006187494452343128
0.925,0.0,0.049517716279897546,0.0,24.11774200267756,9.901506267284649e-5,0.00012317272762774447,0.0003652159551375386,0.4597366969447087,0.0002750428310238818,0.0006259703186365268
0.95,0.0,0.05085603293611099,0.0,24.593569041487935,0.00010080813368710896,0.00011688941265310343,0.00034658547642614057,0.43628450482442943,0.0002760970338344032,0.0006303095035028046
0.975,0.0,0.052194349592324434,0.0,24.895956666427935,0.00010572474505954046,0.00011350198549202494,0.00033654151239352576,0.4236410844490879,0.0002781137207713662,0.0006317560611130306
0.0,0.025,-0.0006691583281067236,0.0011590162225886902,24.89519931472094,0.00010296857300430146,0.0001132281112302691,0.0003357294556012378,0.4226188610161675,0.0002716402624639766,0.0006287380452991567
0.025,0.025,0.0006691583281067236,0.0011590162225886902,24.895955831451502,0.0001115859653061068,0.00011350198549202494,0.00033654151239352576,0.4236410844490879,0.0002777036377650748,0.0006289003776984994
0.05,0.025,0.002007474984320171,0.0011590162225886902,24.70328887883471,0.00012136643911978278,0.00011463839601940937,0.00033991105096087314,0.4278826859163532,0.0002878038887160556,0.0006281099940811388
0.075,0.025,0.0033457916405336173,0.0011590162225886902,24.33353161212845,0.00013214680203944414,0.00011644317502562413,0.000345262349915289,0.43461894283793356,0.00032129755399783893,0.0006269979124451507
0.1,0.025,0.0046841082967470655,0.0011590162225886902,23.820790507789035,0.00014354506567129926,0.00012011196318361284,0.0003561405694458869,0.4483125305503134,0.00034161155542965373,0.0006260342875551087
0.125,0.025,0.006022424952960512,0.0011590162225886902,23.212359098065342,0.00015504508033198431,0.00012741690974233915,0.0003778002589409254,0.475577916865506,0.000350841581402232,0.000625405962359254
0.15,0.025,0.007360741609173958,0.0011590162225886902,22.561616448144736,0.0001661812397171655,0.00013886773022207767,0.0004117527614076663,0.5183175921658038,0.0003604364262386179,0.0006250791563092446
0.175,0.025,0.008699058265387406,0.0011590162225886902,21.920835963242595,0.00017666927925727002,0.00015303305772781063,0.00045375397153331597,0.5711890435337348,0.00037252235338461966,0.000624933198227415
0.2,0.025,0.010037374921600855,0.0011590162225886902,21.335770081500513,0.00018640225982211639,0.00016768311441570403,0.0004971924383849901,0.6258697248944661,0.00038826434792037847,0.0006248576023009892
0.225,0.025,0.0113756915778143,0.0011590162225886902,20.84240850432166,0.0001953836776603683,0.00018115126820044653,0.0005371264785184493,0.6761390065300398,0.0004078703860961015,0.0006247943745760116
0.25,0.025,0.012714008234027747,0.0011590162225886902,20.46525101294216,0.00020366458108098603,0.00019290787832228792,0.0005719856691649737,0.7200200279929813,0.0004297506831905343,0.0006247328021359135
0.275,0.025,0.014052324890241196,0.0011590162225886902,20.216214411623675,0.0002112797101604035,0.00020295840689371012,0.0006017862058790951,0.757533176373835,0.00045105956726339524,0.0006246787584878913
0.3,0.025,0.01539064154645464,0.0011590162225886902,20.09365540271262,0.00021823362885442277,0.0002115095863021158,0.0006271410649890746,0.7894500710624326,0.0004695993595740726,0.0006246364622865766
0.325,0.025,0.016728958202668093,0.0011590162225886902,20.081637837698242,0.00022453771430336827,0.00021883075373767784,0.0006488488505451554,0.8167760010749324,0.0004847025381959952,0.0006246070856516161
0.35,0.025,0.018067274858881537,0.0011590162225886902,20.15026892503974,0.00023023414446115788,0.00022522415140395372,0.0006678057323178792,0.8406390719182675,0.0004966577533257798,0.0006245805944631067
0.375,0.025,0.01940559151509498,0.0011590162225886902,20.258297942273757,0.00023543715828197695,0.00023095762019467955,0.000684805877731437,0.8620389877490682,0.0005060267970609988,0.0006245419049001029
0.4,0.025,0.02074390817130843,0.0011590162225886902,20.358736237628314,0.00024034253988519915,0.00023624604442957023,0.0007004864341769781,0.8817777946799245,0.0005133488214112649,0.0006244890118940084
0.425,0.025,0.022082224827521875,0.0011590162225886902,20.406960369319457,0.00024513925741462955,0.00024136628695448922,0.0007156683198126171,0.9008888709002733,0.0005190337028489157,0.0006244225958113227
0.45,0.025,0.023420541483735326,0.0011590162225886902,20.369342783369717,0.0002498898169236826,0.0002463762813040665,0.0007305233117158929,0.9195884507370317,0.0005233439702812068,0.0006243223129858206
0.475,0.025,0.02475885813994877,0.0011590162225886902,20.229930763263223,0.0002544761592333075,0.00025121115688564374,0.0007448590639356006,0.9376344076044534,0.0005264516567089284,0.0006241657160562324
0.5,0.025,0.02609717479616222,0.0011590162225886902,19.993382578817634,0.0002585689571939796,0.00025561912914606733,0.0007579290172468218,0.9540869669190087,0.0005284606823880455,0.0006239399450742543
0.525,0.025,0.027435491452375664,0.0011590162225886902,19.683678343272582,0.0002616368102500557,0.00025915374187858545,0.000768409397035514,0.9672797508568434,0.0005293992755405981,0.0006236371021306847
0.55,0.025,0.028773808108589115,0.0011590162225886902,19.33923582817179,0.00026309670804050013,0.00026128504422919533,0.0007747288610812996,0.9752347415575541,0.0005292745660160995,0.0006233323182996726
0.575,0.025,0.03011212476480256,0.0011590162225886902,19.005642006853883,0.00026248411565551913,0.00026153760465889,0.0007754777208357061,0.9761774120655718,0.0005281101422455741,0.0006232726696308788
0.6,0.025,0.031450441421016,0.0011590162225886902,18.727502641393627,0.0002596276124595588,0.00025966556085562823,0.0007699269769426759,0.9691900922974455,0.0005258573864420177,0.0006238403493668221
0.625,0.025,0.03278875807722945,0.0011590162225886902,18.541229462251433,0.00025486986398190676,0.0002558150064478716,0.0007585098074691867,0.9548180701873401,0.0005222081568686985,0.000625406058291248
0.65,0.025,0.034127074733442904,0.0011590162225886902,18.470649386174138,0.0002490366741828927,0.00025047760942004197,0.0007426840431867045,0.9348964744971576,0.0005162550110197535,0.0006281005148205678
0.675,0.025,0.03546539138965635,0.0011590162225886902,18.526433333520743,0.0002431335980792853,0.00024439519999452653,0.0007246492638109426,0.9121941533534472,0.0005061125193959045,0.0006317018136204175
0.7,0.025,0.03680370804586979,0.0011590162225886902,18.708634813681925,0.00023785926645272562,0.00023829733335320908,0.0007065686526837725,0.8894341388430829,0.0004882444277010006,0.000635551917189407
0.725,0.025,0.03814202470208324,0.0011590162225886902,19.010396292186705,0.00023286560099237434,0.00023233936947724987,0.0006889028632712852,0.867196305147238,0.00045679045376324513,0.0006382307239048363
0.75,0.025,0.039480341358296686,0.0011590162225886902,19.420999537473858,0.00022625254076654165,0.00022561313823416543,0.0006689591061163474,0.8420909478645159,0.00041468611538368464,0.0006376463500884932
0.775,0.025,0.04081865801451014,0.0011590162225886902,19.927400843839063,0.0002149380237016343,0.0002166516533464683,0.0006423876618872133,0.8086426063254609,0.0003836656987864708,0.0006318627851052623
0.8,0.025,0.04215697467072359,0.0011590162225886902,20.514282160038608,0.0001961061201489313,0.00020399109412115428,0.000604848197436749,0.7613876352631194,0.0003601900355041786,0.0006211930871157416
0.825,0.025,0.043495291326937024,0.0011590162225886902,21.16310154706645,0.00016959495734000053,0.00018717907853866975,0.0005549993676917362,0.6986375390223876,0.000334148851428973,0.0006091110506046999
0.85,0.025,0.044833607983150475,0.0011590162225886902,21.850766469071427,0.0001394183205318653,0.00016795395995433925,0.0004979955147964045,0.626880643753799,0.00030684449204752205,0.0006010442609432075
0.875,0.025,0.046171924639363926,0.0011590162225886902,22.548579735321365,0.00011264396879492168,0.0001495484139665346,0.0004434217533215482,0.5581827665461886,0.00028413747913821446,0.000600540942500574
0.9,0.025,0.04751024129557737,0.0011590162225886902,23.222089500144136,9.525671727691368e-5,0.00013480962253799108,0.0003997201816114807,0.5031708867346603,0.00027012133137027644,0.0006067021073414343
0.925,0.025,0.04884855795179082,0.0011590162225886902,23.832349278953735,8.870289094441452e-5,0.00012465254634510563,0.00036960372357216185,0.4652600541220595,0.00026478398253154564,0.0006153377166296253
0.95,0.025,0.050186874608004264,0.0011590162225886902,24.338771798593108,9.008598661032229e-5,0.00011827112064471203,0.0003506823395353313,0.44144166810593133,0.00026530142545707567,0.0006225493599370617
0.975,0.025,0.05152519126421771,0.0011590162225886902,24.703292211699797,9.55893346762823e-5,0.00011463839601940937,0.00033991105096087314,0.4278826859163532,0.00026726588951281056,0.0006268941505120218
0.0,0.05,-0.0013383166562134473,0.0023180324451773805,24.58851814961279,9.362392128073727e-5,0.00011512040799341092,0.00034134025097018635,0.4296817740512282,0.00026391669336887165,0.0006208251678534976
0.025,0.05,0.0,0.0023180324451773805,24.678903016424332,0.00010310180582167827,0.0001155726300889793,0.00034268112185733966,0.43136967279720995,0.00027083058620644656,0.0006230097014128143
0.05,0.05,0.0013383166562134473,0.0023180324451773805,24.593566265600664,0.00011353884314333569,0.00011688941265310343,0.00034658547642614057,0.43628450482442943,0.00027782327812841007,0.0006236607897043045
0.075,0.05,0.0026766333124268937,0.0023180324451773805,24.33876605193618,0.00012450754909399745,0.00011827112064471201,0.0003506823395353312,0.4414416681059313,0.00028456520117150537,0.0006232567877368561
0.1,0.05,0.004014949968640342,0.0023180324451773805,23.938765819041464,0.00013569331495937227,0.00012009340520249099,0.000356085543703327,0.44824326371578566,0.00029005492880185496,0.0006223792123042076
0.125,0.05,0.005353266624853788,0.0023180324451773805,23.432553864486756,0.00014681891202983702,0.00012398304399429015,0.00036761860117348545,0.46276116654127253,0.0003379398992412609,0.0006214914670860299
0.15,0.05,0.006691583281067235,0.0023180324451773805,22.86753170345228,0.00015762055706422052,0.0001314384024806191,0.00038972427280159407,0.4905879586490372,0.00034736064957698086,0.00062082648150321
0.175,0.05,0.008029899937280682,0.0023180324451773805,22.292416712769324,0.00016789279803785794,0.0001423172551283832,0.0004219808497003488,0.5311927895978706,0.0003568149286933873,0.0006204203717964564
0.2,0.05,0.009368216593494131,0.0023180324451773805,21.751425932165695,0.00017752549567975768,0.00015493252609060648,0.0004593860312086411,0.5782787242437528,0.0003686003171257205,0.0006202092579736732
0.225,0.05,0.010706533249707577,0.0023180324451773805,21.280536774651576,0.0001864856973004043,0.00016750510639796976,0.0004966646318691237,0.6252053179297186,0.0003834983180258726,0.0006201063997982845
0.25,0.05,0.012044849905921024,0.0023180324451773805,20.905485683043366,0.00019478618459422946,0.00017918407388928004,0.0005312936065578225,0.6687965417467854,0.0004012434756511347,0.0006200423111330744
0.275,0.05,0.013383166562134473,0.0023180324451773805,20.64075835634419,0.00020247308120638252,0.00018981833531399463,0.0005628249529703753,0.7084884468949798,0.0004202591824465107,0.0006199858036771299
0.3,0.05,0.014721483218347917,0.0023180324451773805,20.488998185809688,0.00020959199307615762,0.00019928184623555124,0.000590884940329073,0.7438105781521966,0.0004384143817376139,0.000619936402397267
0.325,0.05,0.016059799874561367,0.0023180324451773805,20.44069917031156,0.00021617683160521042,0.00020756482922465626,0.0006154445778561109,0.7747264417008951,0.0004542407479181814,0.0006198969636402901
0.35,0.05,0.01739811653077481,0.0023180324451773805,20.474540744817737,0.00022228421767511537,0.00021481634027703945,0.0006369458272494872,0.8017923823785762,0.0004673048688140776,0.0006198647249452962
0.375,0.05,0.01873643318698826,0.0023180324451773805,20.559060463021282,0.00022800354694493718,0.00022133510074394533,0.0006562744187005837,0.8261233642683854,0.0004778043926333178,0.0006198360137002122
0.4,0.05,0.02007474984320171,0.0023180324451773805,20.656280458906153,0.000233437161286382,0.00022739363372917498,0.0006742384027216254,0.8487365676666079,0.00048612295374211346,0.0006198032466352212
0.425,0.05,0.021413066499415153,0.0023180324451773805,20.727269660362477,0.0002386802946382582,0.00023314334526687575,0.0006912867090427539,0.8701971088240322,0.0004926206808145804,0.0006197475683206934
0.45,0.05,0.0227513831556286,0.0023180324451773805,20.738712672309497,0.00024378605755924734,0.0002387446006982232,0.0007078948323808304,0.8911035442042231,0.0004975926943810805,0.0006196507463671847
0.475,0.05,0.024089699811842048,0.0023180324451773805,20.66895087713481,0.0002486708803278156,0.00024411076744203068,0.0007238059009307608,0.9111325215725614,0.0005012565763390144,0.0006194986528947914
0.5,0.05,0.025428016468055495,0.0023180324451773805,20.512028390207085,0.0002530145817297224,0.0002490123191218557,0.000738339352554999,0.9294273439945905,0.0005037125392571819,0.0006192359006969784
0.525,0.05,0.026766333124268942,0.0023180324451773805,20.27886090879479,0.0002562919313489638,0.0002530625935569239,0.0007503487062070765,0.9445448121741166,0.0005049717562144926,0.0006187783859514991
0.55,0.05,0.028104649780482393,0.0023180324451773805,19.995331268715425,0.00025790459824591715,0.0002557371666605492,0.0007582790069273609,0.95452753666256,0.0005050324962789434,0.0006181412450448882
0.575,0.05,0.029442966436695833,0.0023180324451773805,19.697648002175477,0.00025728500668827694,0.00025653350731441013,0.0007606402139747004,0.9574998425365946,0.0005039132230143306,0.0006175440991713474
0.6,0.05,0.03078128309290928,0.0023180324451773805,19.425759305431043,0.0002541018485584021,0.00025509202009694267,0.0007563661011813473,0.9521195559682127,0.0005015957045231505,0.0006174018683949461
0.625,0.05,0.032119599749122735,0.0023180324451773805,19.216206113098366,0.0002485818367630443,0.0002514258751433046,0.0007454957189408716,0.9384358338978538,0.000497877630964042,0.0006182594787165056
0.65,0.05,0.033457916405336185,0.0023180324451773805,19.096370052545545,0.0002415752604511137,0.0002459708036563965,0.000729321041463112,0.9180750235521755,0.0004919853027523592,0.0006205766623039938
0.675,0.05,0.03479623306154962,0.0023180324451773805,19.081873542645667,0.00023436195867709728,0.00023953151833800638,0.0007102280995168524,0.8940406790996588,0.00048208166004804246,0.00062453744325434
0.7,0.05,0.03613454971776307,0.0023180324451773805,19.177478925217677,0.00022820795171962137,0.00023311144645011937,0.0006911921267674905,0.8700780479171704,0.00046452102949253945,0.0006299298093723991
0.725,0.05,0.037472866373976524,0.0023180324451773805,19.380139533459698,0.00022350917738035657,0.00022722327194309763,0.0006737332678300022,0.8481006999195405,0.0004338932839048715,0.0006356773364887051
0.75,0.05,0.03881118303018996,0.0023180324451773805,19.68225851904782,0.00021888869347812872,0.000221266255324751,0.0006560702871041487,0.8258664018203683,0.0003988370565856153,0.0006393057729540486
0.775,0.05,0.04014949968640341,0.0023180324451773805,20.073846974769864,0.00021105798901717622,0.000213878818540573,0.0006341660081853141,0.7982931244280697,0.0003798436977133841,0.0006373677205968321
0.8,0.05,0.04148781634261686,0.0023180324451773805,20.543237282988706,0.00019615474347642708,0.00020322452974023833,0.0006025752791703229,0.7585264679961019,0.0003642449135024354,0.0006281165972173934
0.825,0.05,0.0428261329988303,0.0023180324451773805,21.076628581044822,0.00017251129192280941,0.00018838660204396201,0.0005585797613294347,0.7031445664991511,0.00034118941893099996,0.0006138433998693407
0.85,0.05,0.04416444965504375,0.0023180324451773805,21.65696806886131,0.00014284286049869095,0.0001705235692556727,0.0005056145903287175,0.636471595544716,0.000312717374549235,0.0006006160346116243
0.875,0.05,0.0455027663112572,0.0023180324451773805,22.26270810573061,0.00011383154087485383,0.00015252654663157236,0.00045225212987272135,0.5692985135208395,0.0002862467014922172,0.0005941322502022387
0.9,0.05,0.04684108296747065,0.0023180324451773805,22.866972733931043,9.242736814256823e-5,0.0001374509087394961,0.00040755178428402697,0.5130293693497033,0.00026796685457706077,0.000595840721686895
0.925,0.05,0.0481793996236841,0.0023180324451773805,23.437643308165818,8.192081687171391e-5,0.00012675960119003953,0.0003758512920277814,0.47312454209230936,0.0002594141529888612,0.0006027045786418039
0.95,0.05,0.04951771627989754,0.0023180324451773805,23.938776198238493,8.088973975545705e-5,0.00012009340520249099,0.000356085543703327,0.44824326371578566,0.0002553015370292278,0.0006105168469736212
0.975,0.05,0.05085603293611099,0.0023180324451773805,24.333539962510493,8.575179434622593e-5,0.00011644317502562413,0.000345262349915289,0.43461894283793356,0.00025735193300582273,0.0006167472482329798
0.0,0.075,-0.0020074749843201705,0.0034770486677660707,24.105700842872956,8.708850576483141e-5,0.00011883571670902215,0.0003523564072844608,0.44354899766429257,0.0002634745903883374,0.0006086919314097592
0.025,0.075,-0.0006691583281067232,0.0034770486677660707,24.259628205899332,9.648647393074386e-5,0.00011955854537893624,0.0003544996460368029,0.44624692334608435,0.00027002544466616925,0.0006121297695557451
0.05,0.075,0.0006691583281067241,0.0034770486677660707,24.26472391302046,0.00010755479845424382,0.0001213643060528451,0.0003598538557062077,0.45298684429842767,0.00027754636039032163,0.0006143633781779078
0.075,0.075,0.0020074749843201705,0.0034770486677660707,24.117736971817877,0.00011930422804344262,0.00012317272762774447,0.0003652159551375386,0.4597366969447087,0.000285325894573603,0.0006153904164031423
0.1,0.075,0.0033457916405336186,0.0034770486677660707,23.832341299185842,0.00013101422774082708,0.00012465254634510563,0.00036960372357216185,0.4652600541220595,0.00029315395783867273,0.0006154889706546415
0.125,0.075,0.0046841082967470655,0.0034770486677660707,23.437631505102722,0.00014227170053713911,0.00012675960119003953,0.0003758512920277814,0.47312454209230936,0.00030115855905192134,0.0006150704047085108
0.15,0.075,0.006022424952960511,0.0034770486677660707,22.973108540002574,0.00015288243967971854,0.00013110335220272484,0.0003887308247419711,0.48933739847199026,0.00031481549225821854,0.0006144967913312431
0.175,0.075,0.007360741609173958,0.0034770486677660707,22.482104026138405,0.00016278157306893521,0.0001384651363870855,0.00041055904186592225,0.5168149286827884,0.00034205439373541965,0.0006139903292922036
0.2,0.075,0.008699058265387407,0.0034770486677660707,22.005831059939723,0.00017198093430676614,0.00014800245951161696,0.0004388378876905276,0.5524125606863428,0.00035254811705673047,0.0006136398425293293
0.225,0.075,0.010037374921600853,0.0034770486677660707,21.57922421757707,0.0001805232992884448,0.00015810679433826919,0.00046879796380330227,0.5901265385083467,0.00036390124094500795,0.0006134392864427813
0.25,0.075,0.0113756915778143,0.0034770486677660707,21.2285666470285,0.0001884479509590206,0.00016790048629742734,0.0004978369615755746,0.6266810557209957,0.00037743198302558244,0.0006133352136648802
0.275,0.075,0.01271400823402775,0.0034770486677660707,20.970331213420955,0.00019580762234318433,0.00017746761032851706,0.0005262041692215202,0.6623899182754271,0.00039272563614988826,0.0006132786682372676
0.3,0.075,0.014052324890241193,0.0034770486677660707,20.810669352779797,0.00020266663031724095,0.00018688725934265694,0.0005541341028847297,0.697548336924944,0.000408455910642617,0.0006132439268332318
0.325,0.075,0.015390641546454644,0.0034770486677660707,20.74527182125857,0.00020907039982018282,0.00019576704393785613,0.0005804632998978255,0.7306917357763131,0.0004231392931813726,0.0006132128104342429
0.35,0.075,0.01672895820266809,0.0034770486677660707,20.759680025657495,0.0002150772018593619,0.00020378774355129706,0.0006042452484396088,0.7606286383560238,0.00043587203642896284,0.0006131778362013391
0.375,0.075,0.018067274858881537,0.0034770486677660707,20.830409151567615,0.000220777645020427,0.00021093086800328542,0.0006254251238036063,0.7872900308953444,0.0004464377376815736,0.0006131502857572026
0.4,0.075,0.019405591515094987,0.0034770486677660707,20.92731386662102,0.0002262521971509005,0.00021746467452791936,0.0006447983278929876,0.8116771715226856,0.000454981218474906,0.0006131375701554802
0.425,0.075,0.02074390817130843,0.0034770486677660707,21.01736746519755,0.00023154290829920993,0.00022365241264989564,0.0006631454143940541,0.8347726273150883,0.0004617382001174587,0.0006131226687970159
0.45,0.075,0.02208222482752188,0.0034770486677660707,21.069497851545016,0.0002366533778570481,0.00022957328740103977,0.0006807012318963188,0.8568720275113797,0.0004669481944934385,0.000613082587722751
0.475,0.075,0.023420541483735326,0.0034770486677660707,21.059619047060018,0.00024150434144657126,0.00023527006767915448,0.0006975925932435178,0.8781350051097607,0.000470819731077496,0.0006130005980277935
0.5,0.075,0.024758858139948773,0.0034770486677660707,20.97481258687683,0.0002458352279223225,0.0002405163147606522,0.0007131480914098598,0.8977163877019596,0.0004734687371200591,0.000612814470368157
0.525,0.075,0.02609717479616222,0.0034770486677660707,20.815788356832883,0.00024916587389141396,0.00024497191448645116,0.0007263592635654863,0.9143467144008803,0.0004749079035301,0.0006123944328297844
0.55,0.075,0.02743549145237567,0.0034770486677660707,20.597093937490452,0.0002508509621871125,0.0002481403899661272,0.0007357540201883728,0.9261729074180467,0.0004750813453019553,0.0006116313953218967
0.575,0.075,0.02877380810858911,0.0034770486677660707,20.344871765957766,0.0002501834241081265,0.00024944075829159355,0.0007396097053644866,0.9310264740336062,0.00047392017349642254,0.0006105832663384034
0.6,0.075,0.03011212476480256,0.0034770486677660707,20.09231848735068,0.0002466414534503034,0.0002484473897417986,0.0007366642965008184,0.9273187703501115,0.00047136943543757604,0.0006095889226143363
0.625,0.075,0.03145044142101601,0.0034770486677660707,19.873575546398122,0.00024022579247341317,0.00024501138684071544,0.000726476301921637,0.9144940431977625,0.00046726384094398317,0.0006092614667883355
0.65,0.075,0.03278875807722946,0.0034770486677660707,19.717589148225294,0.0002315992716702791,0.00023943358725089653,0.0007099377268328555,0.8936751556970096,0.00046084545968774055,0.0006102613584382866
0.675,0.075,0.034127074733442904,0.0034770486677660707,19.643933543068336,0.00022206883361916433,0.00023246276142654048,0.0006892687292343468,0.8676568600792346,0.00045009956250373156,0.0006131081271738179
0.7,0.075,0.03546539138965635,0.0034770486677660707,19.66186872549512,0.00021333467179785693,0.00022530391698947114,0.0006680422429892178,0.8409367933986789,0.0004309632431540868,0.0006181607860469794
0.725,0.075,0.0368037080458698,0.0034770486677660707,19.772217718103676,0.00020682565833041682,0.00021888761787031743,0.0006490174567692361,0.8169882439067496,0.0003996855686623958,0.0006253123724025048
0.75,0.075,0.03814202470208324,0.0034770486677660707,19.97039879156425,0.00020256605164361237,0.0002132467126102248,0.0006322917688504679,0.7959338173141142,0.0003739887888341623,0.0006329385794681046
0.775,0.075,0.03948034135829669,0.0034770486677660707,20.249003809927807,0.00019813931488326842,0.00020742272586975836,0.0006150232312359067,0.7741960472843409,0.0003682631051699212,0.000637093101174856
0.8,0.075,0.040818658014510144,0.0034770486677660707,20.5991599740505,0.00018921474379237092,0.00019942999091674503,0.0005913241999142326,0.7443635215489508,0.0003635874556688575,0.0006337244207146536
0.825,0.075,0.04215697467072358,0.0034770486677660707,21.01067696319183,0.00017232790588289878,0.0001878292276078104,0.000556927106224779,0.7010641913449028,0.00034861919439274034,0.0006222971830969705
0.85,0.075,0.04349529132693703,0.0034770486677660707,21.47134327851062,0.0001478736492310818,0.0001728360262138497,0.0005124711907544827,0.6451027377159935,0.00032400911735280217,0.0006075440046487524
0.875,0.075,0.04483360798315048,0.0034770486677660707,21.965816743785467,0.0001207854273384185,0.00015662734194922144,0.0004644112815583531,0.5846045486350416,0.0002971023077714925,0.0005961212133934611
0.9,0.075,0.046171924639363926,0.0034770486677660707,22.474542686085364,9.776942889882399e-5,0.00014209224916523073,0.0004213136909118163,0.5303529649038425,0.0002759603446325399,0.0005918581801329368
0.925,0.075,0.04751024129557738,0.0034770486677660707,22.973124322548358,8.347703271465438e-5,0.00013110335220272484,0.0003887308247419711,0.48933739847199026,0.00026625551315201667,0.0005938764605662768
0.95,0.075,0.04884855795179082,0.0034770486677660707,23.432569756212807,7.847323269752274e-5,0.00012398304399429015,0.00036761860117348545,0.46276116654127253,0.0002592465463506305,0.0005988934255919115
0.975,0.075,0.050186874608004264,0.0034770486677660707,23.820805735936105,8.052442737676183e-5,0.00012011196318361284,0.0003561405694458869,0.4483125305503134,0.00025916323889863706,0.000604199253816646
0.0,0.1,-0.0026766333124268946,0.004636064890354761,23.489337271653234,8.861019273650374e-5,0.00012602728727021718,0.00037367992883042867,0.4703912131394647,0.000269215621513472,0.0005969337828823161
0.025,0.1,-0.0013383166562134473,0.004636064890354761,23.67217849463095,9.603075273512113e-5,0.0001267734147616592,0.0003758922502565233,0.4731761006305649,0.00027417027924198453,0.0005994938131104403
0.05,0.1,0.0,0.004636064890354761,23.740092293265427,0.00010623090188602473,0.00012886209879227163,0.000382085347932545,0.48097202035799835,0.00028098534401419173,0.0006020189217185468
0.075,0.1,0.0013383166562134464,0.004636064890354761,23.682760382944643,0.00011795516893117882,0.00013122176696001259,0.0003890819329744357,0.4897793762574421,0.0002886586849999212,0.0006040282122334805
0.1,0.1,0.0026766333124268946,0.004636064890354761,23.503964662675287,0.00013001139281195866,0.00013311714399190638,0.000394701861560745,0.496853786257854,0.00029655606435057523,0.0006052782225955163
0.125,0.1,0.004014949968640341,0.004636064890354761,23.222079966015194,0.00014157028815300101,0.00013480962253799108,0.0003997201816114807,0.5031708867346603,0.00030445284938791984,0.0006058247597176717
0.15,0.1,0.005353266624853787,0.004636064890354761,22.86696038977008,0.00015222337065466646,0.0001374509087394961,0.00040755178428402697,0.5130293693497033,0.000312399465477049,0.0006058968257946891
0.175,0.1,0.006691583281067235,0.004636064890354761,22.47452781308261,0.00016186455678638296,0.00014209224916523073,0.0004213136909118163,0.5303529649038425,0.0003204547245281693,0.0006057358431109429
0.2,0.1,0.008029899937280684,0.004636064890354761,22.08113996375856,0.0001705447214407593,0.0001485477492046875,0.0004404547106668222,0.5544478300775337,0.00033179206493900976,0.000605506613190268
0.225,0.1,0.00936821659349413,0.004636064890354761,21.719208705574655,0.00017839776409348947,0.00015548638610146754,0.0004610282657907187,0.5803459819627876,0.00034844802358817434,0.0006053059285267748
0.25,0.1,0.010706533249707577,0.004636064890354761,21.414448113785248,0.00018557807974269952,0.00016191421253967448,0.0004800872313369139,0.6043375566575214,0.0003594007583937577,0.0006051794302329376
0.275,0.1,0.012044849905921026,0.004636064890354761,21.18442150730881,0.00019220174443863072,0.00016822870923764821,0.0004988101660902387,0.627906133165531,0.00037099079075615914,0.0006051203054037457
0.3,0.1,0.01338316656213447,0.004636064890354761,21.037895205288486,0.00019835936914534518,0.00017538278511804013,0.0005200225132234465,0.654608401421563,0.0003832264831959863,0.0006050997642949984
0.325,0.1,0.01472148321834792,0.004636064890354761,20.97466532846463,0.00020413265139855428,0.00018349861894201644,0.0005440865415099599,0.6849003881871997,0.0003952053553904756,0.000605100045171565
0.35,0.1,0.016059799874561364,0.004636064890354761,20.985776349835696,0.00020958002914921032,0.00019178284187756635,0.0005686498555669725,0.7158208797805468,0.000406051213800586,0.0006051069851874831
0.375,0.1,0.01739811653077481,0.004636064890354761,21.05427461912896,0.00021475012525591568,0.0001995160544603934,0.0005915793844822893,0.7446847498764084,0.00041528904341828947,0.0006051059989433001
0.4,0.1,0.018736433186988262,0.004636064890354761,21.156757097057806,0.00021970186862295952,0.00020647057258698054,0.0006122000285894735,0.7706421777416261,0.0004228345259691714,0.0006050964571812452
0.425,0.1,0.020074749843201706,0.004636064890354761,21.265910022121673,0.00022448739293295282,0.00021286605357810916,0.0006311630875695272,0.7945130245017968,0.0004288169186230648,0.0006050955849480801
0.45,0.1,0.021413066499415153,0.004636064890354761,21.353968384072218,0.00022909550277060392,0.00021895107609097326,0.0006492056149363443,0.8172250988771653,0.00043341198781885436,0.0006051157163165256
0.475,0.1,0.0227513831556286,0.004636064890354761,21.396678213716598,0.0002334167409512869,0.00022471025663867421,0.0006662819975499933,0.838720982690912,0.00043676334810834473,0.0006051375960441805
0.5,0.1,0.024089699811842048,0.004636064890354761,21.377099776729885,0.0002372490602148292,0.00023006889667920262,0.0006821707488858776,0.8587218669758945,0.00043899003258245854,0.0006051064428116571
0.525,0.1,0.025428016468055495,0.004636064890354761,21.288553996949762,0.00024024369786202984,0.00023471743154078277,0.000695953987530986,0.8760723154400545,0.0004401609266911528,0.0006049154037007722
0.55,0.1,0.026766333124268946,0.004636064890354761,21.13612591898194,0.0002418066475759879,0.0002382405786338821,0.0007064003708779964,0.8892223043915616,0.0004402130189280585,0.0006043839393432572
0.575,0.1,0.028104649780482386,0.004636064890354761,20.936284681771454,0.0002411245706692984,0.00024004479448708473,0.0007117500000434162,0.8959564593697114,0.0004389652374904204,0.0006033377932237279
0.6,0.1,0.029442966436695833,0.004636064890354761,20.7143637192228,0.00023744189801598185,0.00023957289470133127,0.0007103507833961725,0.8941951145252025,0.0004362183514793928,0.0006018343721893081
0.625,0.1,0.030781283092909284,0.004636064890354761,20.500040307113196,0.0002304186869659769,0.00023653491635172968,0.0007013429601060192,0.8828559962095278,0.00043172095185682233,0.0006003385536081987
0.65,0.1,0.032119599749122735,0.004636064890354761,20.32171312164296,0.00022032058997404285,0.0002310241472960653,0.0006850031353496051,0.862287297179552,0.00042464382139313325,0.0005995466168995016
0.675,0.1,0.03345791640533618,0.004636064890354761,20.201504957627737,0.00020814435751968823,0.00022360680391322028,0.0006630101812247616,0.8346023947453077,0.000412625263898883,0.0006000998921989931
0.7,0.1,0.03479623306154962,0.004636064890354761,20.15266049115082,0.00019560320221051258,0.00021550322951876882,0.0006389825030244206,0.8043561657520669,0.0003909598776656748,0.0006026793704740727
0.725,0.1,0.03613454971776307,0.004636064890354761,20.179903372319828,0.00018494860063607654,0.00020796367649183984,0.0006166271885560922,0.7762151212871309,0.00035957137713932356,0.0006082812981409587
0.75,0.1,0.03747286637397652,0.004636064890354761,20.28175333564004,0.00017807137565506318,0.00020181394679058047,0.000598392799743408,0.7532615302251195,0.00034280182754632606,0.0006171699434048732
0.775,0.1,0.03881118303018997,0.004636064890354761,20.45318851554537,0.00017466815077578525,0.00019684807241434634,0.0005836686267195668,0.7347266262155895,0.0003457832427768848,0.000626679596011012
0.8,0.1,0.04014949968640342,0.004636064890354761,20.68752389370481,0.00017133560393259995,0.0001914641814053536,0.0005677050044545129,0.7146314938201686,0.0003511830268197825,0.0006316711545082639
0.825,0.1,0.041487816342616855,0.004636064890354761,20.977172977732565,0.0001635015508684156,0.0001838899680427103,0.0005452469196095184,0.6863610812023696,0.0003477848951831192,0.000628284668197337
0.85,0.1,0.042826132998830306,0.004636064890354761,21.31347150997547,0.00014885055499534223,0.00017329430917658657,0.0005138300325466775,0.6468132583776081,0.00033294348300609946,0.000617888053788957
0.875,0.1,0.04416444965504376,0.004636064890354761,21.685913822778232,0.000129290260030549,0.00016078714955293814,0.0004767454088967623,0.6001308444676544,0.00031167357365454465,0.000605877249285123
0.9,0.1,0.0455027663112572,0.004636064890354761,22.08115659316625,0.00010966007715277086,0.0001485477492046875,0.0004404547106668222,0.5544478300775337,0.00029354892255612766,0.0005972835858304748
0.925,0.1,0.04684108296747065,0.004636064890354761,22.482123177333023,9.471235226336695e-5,0.0001384651363870855,0.00041055904186592225,0.5168149286827884,0.00027859670788874116,0.0005935474766788926
0.95,0.1,0.048179399623684095,0.004636064890354761,22.86755294736139,8.664627292350707e-5,0.0001314384024806191,0.00038972427280159407,0.4905879586490372,0.0002699918756129516,0.000593320255596238
0.975,0.1,0.04951771627989754,0.004636064890354761,23.212381852813934,8.507505302439535e-5,0.00012741690974233915,0.0003778002589409254,0.475577916865506,0.0002673609287066407,0.0005947627765431876
0.0,0.125,-0.0033457916405336178,0.005795081112943451,22.79327555067254,0.00010116067129977216,0.00013766138200883922,0.00040817585259504447,0.5138149514140659,0.00028314140521587495,0.0005905095503385939
0.025,0.125,-0.0020074749843201705,0.005795081112943451,22.966116220955943,0.00010576032754394356,0.00013841731971278047,0.00041041726200349534,0.5166364550845557,0.0002856616920685464,0.0005902685303659693
0.05,0.125,-0.0006691583281067232,0.005795081112943451,23.06079785459034,0.00011362617075317371,0.00014055335043418636,0.0004167507460071869,0.524609094217785,0.0002906453750035821,0.0005913323721396396
0.075,0.125,0.0006691583281067232,0.005795081112943451,23.06398816180796,0.0001237500479058727,0.00014321203293855145,0.00042463392996308435,0.5345325077552001,0.0002971420838939685,0.0005930192087087287
0.1,0.125,0.0020074749843201714,0.005795081112943451,22.972239288890243,0.00013490122835165005,0.00014560606709071601,0.0004317324126089921,0.5434681331544792,0.00030432370389537705,0.0005946883376962813
0.125,0.125,0.0033457916405336178,0.005795081112943451,22.793984620194635,0.00014598509706597752,0.00014752928349591652,0.0004374348869301281,0.5506464523706366,0.00031166792289690686,0.0005959711904397292
0.15,0.125,0.004684108296747064,0.005795081112943451,22.54856951261244,0.00015627277560338642,0.0001495484139665346,0.0004434217533215482,0.5581827665461886,0.00031897720681586296,0.0005967798911280717
0.175,0.125,0.006022424952960511,0.005795081112943451,22.26269608650232,0.00016543449022384833,0.00015252654663157236,0.00045225212987272135,0.5692985135208395,0.00032628106073890207,0.0005971925844648737
0.2,0.125,0.00736074160917396,0.005795081112943451,21.96580340513171,0.0001734383045891304,0.00015662734194922144,0.0004644112815583531,0.5846045486350416,0.0003336511225774668,0.0005973452466182961
0.225,0.125,0.008699058265387406,0.005795081112943451,21.685899910289333,0.00018042898869835583,0.00016078714955293814,0.0004767454088967623,0.6001308444676544,0.0003406144172152972,0.0005973697752213596
0.25,0.125,0.010037374921600853,0.005795081112943451,21.446585804497197,0.00018661194427238998,0.00016367944006903353,0.0004853212573310312,0.6109261894606859,0.0003459026572742152,0.0005973552898115289
0.275,0.125,0.011375691577814302,0.005795081112943451,21.265263671110194,0.00019215894530915569,0.0001654291719085193,0.0004905093374953647,0.6174569852944463,0.0003561853731124673,0.0005973380919375838
0.3,0.125,0.012714008234027746,0.005795081112943451,21.152214810633183,0.00019721001431245011,0.00016780117675391676,0.0004975425016696683,0.6263103872914826,0.00036530791267793636,0.0005973316677174224
0.325,0.125,0.014052324890241196,0.005795081112943451,21.110233329611717,0.00020190323377990404,0.00017238589888187456,0.0005111365309913438,0.6434226575814348,0.0003739966927904973,0.0005973508436219704
0.35,0.125,0.01539064154645464,0.005795081112943451,21.13466286631813,0.00020633090140556885,0.0001791246005981751,0.0005311172639921069,0.6685745603476915,0.00038192074159259517,0.0005973955696605585
0.375,0.125,0.01672895820266809,0.005795081112943451,21.213845526404057,0.00021051783416103543,0.00018671819233394212,0.0005536328071006773,0.696917301876473,0.0003886779527951123,0.0005974412814834529
0.4,0.125,0.01806727485888154,0.005795081112943451,21.330107929999116,0.00021447112981741212,0.00019403978180060436,0.0005753418440091827,0.724244807101179,0.00039409395042547366,0.000597462985961272
0.425,0.125,0.019405591515094984,0.005795081112943451,21.461431351026064,0.00021820985279733624,0.00020066287575525683,0.0005949797917205007,0.7489652090676654,0.000398202874029874,0.0005974641888751762
0.45,0.125,0.02074390817130843,0.005795081112943451,21.583851964978827,0.00022172696248635112,0.00020672708357353132,0.0006129606020277718,0.7715995935264197,0.00040112826496145105,0.0005974801788945879
0.475,0.125,0.02208222482752188,0.005795081112943451,21.674437379315776,0.00022493305550441364,0.000212420904406574,0.0006298431884084707,0.7928515251284312,0.0004029894679038558,0.000597541969256215
0.5,0.125,0.023420541483735326,0.005795081112943451,21.71447845468151,0.0002276620243348103,0.00021764472178614,0.0006453321809028817,0.812349189861343,0.00040389839745886457,0.0005976437298395087
0.525,0.125,0.024758858139948773,0.005795081112943451,21.692414177252274,0.00022967024035186085,0.00022224301184324075,0.0006589664401057706,0.8295121018399929,0.00040396270781296076,0.0005977206080791469
0.55,0.125,0.026097174796162224,0.005795081112943451,21.60598352392654,0.00023055192537481742,0.00022585544411560016,0.0006696775604010578,0.8429953437297901,0.0004032160182108526,0.0005976163141080371
0.575,0.125,0.027435491452375664,0.005795081112943451,21.463113991509793,0.0002296368046489161,0.00022804678310776405,0.0006761750373869697,0.8511744185099499,0.000401537770580629,0.0005970656270962939
0.6,0.125,0.02877380810858911,0.005795081112943451,21.281096726646407,0.00022607381788171052,0.00022821212396623728,0.0006766652848688073,0.851791545869297,0.0003986433753594486,0.0005958214061842609
0.625,0.125,0.030112124764802562,0.005795081112943451,21.083788112722473,0.00021912113797497006,0.00022587723215092032,0.0006697421634855496,0.8430766665971482,0.0003940879713273508,0.0005939212498831262
0.65,0.125,0.03145044142101601,0.005795081112943451,20.897125589627514,0.00020846359733843462,0.00022089184154978358,0.0006549601234577396,0.8244689191510363,0.0003868590944101297,0.000591766698459511
0.675,0.125,0.03278875807722945,0.005795081112943451,20.744125860587204,0.00019449815756466892,0.0002135492960068681,0.0006331889502829343,0.79706319630898,0.00037429774550275415,0.0005898717130594302
0.7,0.125,0.0341270747334429,0.005795081112943451,20.64113443981806,0.00017849048270607298,0.00020487074930883444,0.0006074564380412052,0.7646709089083745,0.0003517379084872332,0.0005888921787386254
0.725,0.125,0.03546539138965635,0.005795081112943451,20.596611088029057,0.00016293963748925872,0.00019622728242287024,0.0005818279399535648,0.7324095553373663,0.0003240561189259744,0.0005904772974486953
0.75,0.125,0.03680370804586979,0.005795081112943451,20.61231912502695,0.00015127069836554837,0.00018907335861885051,0.0005606160437376875,0.705707854699592,0.0003122690635000542,0.0005969276745884408
0.775,0.125,0.03814202470208324,0.005795081112943451,20.685654159589284,0.00014576319485005098,0.00018408965580330111,0.0005458390081149695,0.6871064068376982,0.0003166107440257329,0.0006082447800059215
0.8,0.125,0.03948034135829669,0.005795081112943451,20.811794065120914,0.00014526555566651714,0.0001805464546967003,0.0005353331631822954,0.6738815671777167,0.00032716992506666334,0.0006202326773679086
0.825,0.125,0.04081865801451013,0.005795081112943451,20.98499471398385,0.00014552095317260245,0.00017674419643730905,0.0005240591952461466,0.6596898082813298,0.00033414335647924366,0.0006267941994041187
0.85,0.125,0.04215697467072358,0.005795081112943451,21.19897128087998,0.00014224506695765615,0.0001711356906707471,0.0005074295741451202,0.6387563113492237,0.0003313452663104031,0.000625249737001596
0.875,0.125,0.04349529132693703,0.005795081112943451,21.446599416266004,0.00013404610613627135,0.00016367944006903353,0.0004853212573310312,0.6109261894606859,0.0003204483536841086,0.0006178568343449481
0.9,0.125,0.044833607983150475,0.005795081112943451,21.71922599371838,0.00012278608796862132,0.00015548638610146754,0.0004610282657907187,0.5803459819627876,0.0003089742935624691,0.0006089874982673359
0.925,0.125,0.046171924639363926,0.005795081112943451,22.005852352236246,0.00011186426317389262,0.00014800245951161696,0.0004388378876905276,0.5524125606863428,0.0002974939353459704,0.0006014785630041232
0.95,0.125,0.04751024129557737,0.005795081112943451,22.292442155375284,0.00010403124445023155,0.0001423172551283832,0.0004219808497003488,0.5311927895978706,0.0002887564568798608,0.0005960467876199314
0.975,0.125,0.048848557951790814,0.005795081112943451,22.561645982356488,0.00010045532667944776,0.00013886773022207767,0.0004117527614076663,0.5183175921658038,0.00028396330878499245,0.0005924307132761543
0.0,0.15,-0.004014949968640341,0.006954097335532141,22.075066088495245,0.00012232254515307826,0.0001526879244390218,0.00045273062662456537,0.5699008489694884,0.0003040045673397161,0.0005911375314857041
0.025,0.15,-0.0026766333124268937,0.006954097335532141,22.200093946474457,0.0001249940004818565,0.00015385345957328163,0.0004561865217362783,0.5742511567293122,0.00030453711926718187,0.000587758586059157
0.05,0.15,-0.0013383166562134464,0.006954097335532141,22.281755757382488,0.0001305231069749279,0.0001561730200531189,0.00046306418461229497,0.5829088124774802,0.0003074757374909097,0.0005866157742927876
0.075,0.15,0.0,0.006954097335532141,22.308239342548028,0.00013832024700914175,0.0001590276543574494,0.0004715283796829383,0.593563607344281,0.00031215496531079954,0.0005870442371957576
0.1,0.15,0.0013383166562134481,0.006954097335532141,22.273068760396136,0.0001474243528207355,0.0001617612678446833,0.0004796337393672204,0.6037666974239502,0.0003178216223653795,0.0005882361534168261
0.125,0.15,0.0026766333124268946,0.006954097335532141,22.17749657300324,0.00015683569812895915,0.00016399809450505618,0.00048626609054575504,0.6121155528912545,0.000323881593681485,0.0005895722788951358
0.15,0.15,0.004014949968640341,0.006954097335532141,22.031179302869166,0.00016577227900955104,0.0001658792449286536,0.0004918438362200075,0.6191368627124882,0.0003299916108213737,0.000590711583551447
0.175,0.15,0.005353266624853788,0.006954097335532141,21.85075637424329,0.0001737801409165965,0.00016795395995433925,0.0004979955147964045,0.626880643753799,0.0003360432053809385,0.0005915483124446666
0.2,0.15,0.006691583281067237,0.006954097335532141,21.656957052183884,0.00018069086307647724,0.00017052356925567266,0.0005056145903287174,0.6364715955447159,0.00034206487726523083,0.0005921076161016086
0.225,0.15,0.008029899937280684,0.006954097335532141,21.471331847204027,0.00018652250227177615,0.00017283602621384972,0.0005124711907544828,0.6451027377159936,0.0003481056063621821,0.0005924476848412121
0.25,0.15,0.009368216593494131,0.006954097335532141,21.313460285230903,0.00019142485678776553,0.00017329430917658657,0.0005138300325466775,0.6468132583776081,0.0003540376868205099,0.0005926333412800531
0.275,0.15,0.010706533249707578,0.006954097335532141,21.19896089673845,0.00019561592882322374,0.00017113569067074707,0.0005074295741451201,0.6387563113492236,0.0003582429455686205,0.0005927331271320234
0.3,0.15,0.012044849905921022,0.006954097335532141,21.138251005278857,0.00019928490455256988,0.00016787247419646476,0.000497753903690883,0.626576501807,0.0003562380749699498,0.0005927900081577765
0.325,0.15,0.013383166562134473,0.006954097335532141,21.135878914857045,0.00020255944506293775,0.00016639108272388205,0.000493361471924437,0.6210472743911266,0.00036127425753123925,0.0005928198466708402
0.35,0.15,0.014721483218347917,0.006954097335532141,21.19028673305492,0.00020553473989471158,0.00016851093388691994,0.000499646982379301,0.6289595240463816,0.0003660960836745921,0.0005928423910922099
0.375,0.15,0.016059799874561364,0.006954097335532141,21.293952043537196,0.00020827889834753376,0.00017379255090133603,0.0005153073549288179,0.6486729233312708,0.00036986903551235715,0.0005928771966356986
0.4,0.15,0.017398116530774815,0.006954097335532141,21.43394101601698,0.0002108158974759728,0.00018047562475702523,0.0005351231473405666,0.6736171975957632,0.0003725457493389846,0.0005929190660286987
0.425,0.15,0.01873643318698826,0.006954097335532141,21.592952422267295,0.0002131179271428466,0.00018712917458232713,0.0005548513988886429,0.6984512747373036,0.000374144071627003,0.0005929458396460618
0.45,0.15,0.020074749843201706,0.006954097335532141,21.750916929202525,0.00021511736916468826,0.00019315869301456422,0.0005727293526829603,0.7209561826141633,0.00037473039065770664,0.0005929556841456672
0.475,0.15,0.021413066499415153,0.006954097335532141,21.88712958830645,0.00021671028096367545,0.00019859600217146374,0.0005888513635806702,0.7412506958575084,0.0003743933316394905,0.0005929806155318287
0.5,0.15,0.0227513831556286,0.006954097335532141,21.98276117430046,0.00021774721595867243,0.00020354214110815123,0.0006035170196134298,0.7597119382216023,0.00037321663996514956,0.000593057939552698
0.525,0.15,0.024089699811842048,0.006954097335532141,22.02346750006611,0.00021805225964276147,0.00020783547130029568,0.0006162470509851771,0.7757366011436962,0.00037130427056385814,0.0005932009612922561
0.55,0.15,0.0254280164680555,0.006954097335532141,22.00172684186706,0.00021743343205301666,0.00021128363694087704,0.00062647110895768,0.7886067251772411,0.00036881590246945896,0.0005933730801495299
0.575,0.15,0.02676633312426894,0.006954097335532141,21.91846950576023,0.00021556445484718066,0.00021357027706008175,0.0006332511606077098,0.7971415071517179,0.000365871990348088,0.000593402235080815
0.6,0.15,0.028104649780482386,0.006954097335532141,21.783505907009726,0.000211838029000432,0.00021430155448639367,0.0006354194505276033,0.7998709674388923,0.000362374370176373,0.0005929456260298433
0.625,0.15,0.029442966436695837,0.006954097335532141,21.614286435429257,0.0002053967879360902,0.00021290533559671496,0.0006312795615668248,0.7946596428793467,0.0003578880255612958,0.0005916675574484699
0.65,0.15,0.030781283092909287,0.006954097335532141,21.432831017721355,0.0001954038490696387,0.00020902081419856483,0.000619761677535181,0.7801608404967783,0.00035129608601099793,0.0005894364921526028
0.675,0.15,0.032119599749122735,0.006954097335532141,21.26138458246831,0.00018148019464384114,0.00020261035210830534,0.0006007541985237334,0.7562340774541343,0.0003399101261489527,0.0005862488548994716
0.7,0.15,0.03345791640533618,0.006954097335532141,21.11819447293356,0.00016410892520569488,0.00019434966769383535,0.0005762606778668046,0.7254014423379527,0.00032042099739130656,0.0005823598527246495
0.725,0.15,0.03479623306154963,0.006954097335532141,21.014988931423247,0.0001454293588716721,0.00018550693717886096,0.0005500413488542124,0.6923963461837712,0.00029963985227862775,0.00057946581160172
0.75,0.15,0.03613454971776307,0.006954097335532141,20.956825575971436,0.00012951531258340168,0.0001777894478348537,0.0005271584404675956,0.6635911623735793,0.0002890614143334322,0.0005811689310086667
0.775,0.15,0.037472866373976524,0.006954097335532141,20.94367699202102,0.00012062395612813103,0.00017258562396518264,0.0005117287301613236,0.6441681225221363,0.0002901517317057349,0.0005903149140327058
0.8,0.15,0.038811183030189975,0.006954097335532141,20.97251907087921,0.00012016815864708736,0.0001701201241942794,0.0005044183468397563,0.6349657548972297,0.00030031429171483397,0.0006051444143126761
0.825,0.15,0.04014949968640341,0.006954097335532141,21.0389860180858,0.00012538807135861377,0.0001691236591897813,0.0005014637567662234,0.631246493835045,0.00031175301142206534,0.0006192580026335956
0.85,0.15,0.04148781634261686,0.006954097335532141,21.138259995661357,0.0001313841806252925,0.00016787247419646476,0.000497753903690883,0.626576501807,0.000317658577180727,0.0006268244789385102
0.875,0.15,0.04282613299883031,0.006954097335532141,21.26527612516087,0.00013433960414338246,0.0001654291719085193,0.0004905093374953647,0.6174569852944463,0.00032248934842949627,0.0006265044517572113
0.9,0.15,0.04416444965504376,0.006954097335532141,21.41446484645362,0.00013322698720672624,0.00016191421253967448,0.0004800872313369139,0.6043375566575214,0.0003214945176943969,0.0006207763703856396
0.925,0.15,0.04550276631125721,0.006954097335532141,21.57924607193397,0.00012944869132594858,0.00015810679433826919,0.00046879796380330227,0.5901265385083467,0.0003165870346275433,0.0006127036734620871
0.95,0.15,0.04684108296747065,0.006954097335532141,21.75145370941048,0.00012527950767800554,0.00015493252609060648,0.0004593860312086411,0.5782787242437528,0.0003107504449046989,0.0006043404110127515
0.975,0.15,0.048179399623684095,0.006954097335532141,21.920870340051692,0.00012256041619170273,0.00015303305772781063,0.00045375397153331597,0.5711890435337348,0.0003061681585882024,0.0005968504654845576
0.0,0.175,-0.004684108296747065,0.00811311355812083,21.389007459410262,0.00014655419431896637,0.00016878593483174364,0.0005004623798675425,0.6299859527734616,0.00032906923171992095,0.000596561881952252
0.025,0.175,-0.0033457916405336173,0.00811311355812083,21.434185347396344,0.00014897044317613035,0.00017084688635414362,0.0005065732486713924,0.6376783621543343,0.0003288878031850714,0.0005913365462797686
0.05,0.175,-0.00200747498432017,0.00811311355812083,21.46466733660784,0.00015316824703992996,0.00017365475051147987,0.0005148987669080042,0.6481585895392837,0.0003302794384574293,0.000588561748943941
0.075,0.175,-0.0006691583281067236,0.00811311355812083,21.474018977292737,0.00015899068440305904,0.00017679270887585623,0.00052420303809936,0.6598708787884784,0.0003330829377900558,0.0005877796165896294
0.1,0.175,0.0006691583281067245,0.00811311355812083,21.457359972650742,0.00016589152472565755,0.00017977815628201778,0.0005330551033816148,0.6710139277072205,0.0003368358513585255,0.0005882142437583835
0.125,0.175,0.002007474984320171,0.00811311355812083,21.41297731574582,0.00017314062659731685,0.00018224826524036313,0.0005403791532739116,0.6802334989181079,0.0003410363958908851,0.0005891760872664298
0.15,0.175,0.0033457916405336173,0.00811311355812083,21.343570903406864,0.0001800637207337031,0.0001841148942581151,0.0005459138419402701,0.6872006082414963,0.00034531778192549163,0.0005902184132944879
0.175,0.175,0.004684108296747065,0.00811311355812083,21.25653400226046,0.00018621239140915034,0.00018564665422861283,0.0005504556199088272,0.6929178338230959,0.00034949601496399177,0.0005911138043951974
0.2,0.175,0.006022424952960514,0.00811311355812083,21.163092213484674,0.00019140152922976231,0.00018717907853866975,0.0005549993676917362,0.6986375390223876,0.00035353977259517213,0.0005917961995320358
0.225,0.175,0.007360741609173959,0.00811311355812083,21.076618995864944,0.00019563751209122202,0.00018838660204396201,0.0005585797613294347,0.7031445664991511,0.0003574917441596033,0.0005922868196702223
0.25,0.175,0.008699058265387406,0.00811311355812083,21.010667570611545,0.0001990309003094217,0.0001878292276078104,0.000556927106224779,0.7010641913449028,0.0003613840580372523,0.0005926330755880265
0.275,0.175,0.010037374921600856,0.00811311355812083,20.97716424198209,0.00020172846656548696,0.0001838899680427103,0.0005452469196095184,0.6863610812023696,0.00036511438713394197,0.0005928721496544088
0.3,0.175,0.0113756915778143,0.00811311355812083,20.984987053684126,0.00020385936255759639,0.00017674419643730905,0.0005240591952461466,0.6596898082813298,0.00036811693469402626,0.0005930188839356684
0.325,0.175,0.012714008234027751,0.00811311355812083,21.03897975181701,0.00020552888847234476,0.00016912365918978127,0.0005014637567662233,0.6312464938350449,0.000367304886019057,0.0005930852608749468
0.35,0.175,0.014052324890241195,0.00811311355812083,21.13937441323298,0.0002068466697979654,0.00016449833635194443,0.00048774934343322223,0.6139826832113444,0.000359277602903387,0.0005931003355121895
0.375,0.175,0.015390641546454642,0.00811311355812083,21.28159015931451,0.00020791204445895763,0.00016450025789744547,0.00048775504095319286,0.6139898552939854,0.00035899167764336863,0.0005930986718105582
0.4,0.175,0.016728958202668093,0.00811311355812083,21.456401427425547,0.00020876845184413258,0.00016823750078709163,0.0004988362336637102,0.6279389472306246,0.00035885690096825503,0.0005931058661608756
0.425,0.175,0.018067274858881537,0.00811311355812083,21.65049976526616,0.0002093815389856887,0.00017364810686230106,0.0005148790680125818,0.6481337924158624,0.0003578640625419029,0.000593132572091493
0.45,0.175,0.019405591515094984,0.00811311355812083,21.84748764940631,0.00020964505552111546,0.0001791816175888371,0.000531286323451167,0.6687873737152407,0.0003560354616860155,0.0005931667147606131
0.475,0.175,0.02074390817130843,0.00811311355812083,22.029324298695933,0.00020940450870730225,0.0001841792538878428,0.0005461046728498066,0.687440827680957,0.00035341325118509487,0.0005931814660138782
0.5,0.175,0.02208222482752188,0.00811311355812083,22.178185188708376,0.00020847420206687915,0.00018859314718283767,0.0005591921824524081,0.7039154869922303,0.0003500036856808401,0.0005931643403444601
0.525,0.175,0.023420541483735326,0.00811311355812083,22.27860987202053,0.000206677282287431,0.00019242286669042362,0.0005705475749553571,0.7182097437692938,0.0003458320214009607,0.0005931546418037623
0.55,0.175,0.024758858139948776,0.00811311355812083,22.319714424112902,0.00020392380188423675,0.00019547498584562725,0.0005795973267464362,0.7296016420094277,0.00034106312711323304,0.0005932450250438543
0.575,0.175,0.026097174796162217,0.00811311355812083,22.297138887579067,0.00020019306601538477,0.0001975875990902279,0.0005858613762549838,0.7374868764578331,0.0003360156130541716,0.0005934678679795259
0.6,0.175,0.027435491452375664,0.00811311355812083,22.214283321202416,0.00019535753234067635,0.00019854896377720306,0.0005887118913742905,0.7410751271547323,0.00033098271097049673,0.0005936429245826662
0.625,0.175,0.028773808108589115,0.00811311355812083,22.08230397433161,0.00018895209834231952,0.0001980036966594704,0.0005870951353354888,0.7390399420249805,0.0003259575750893535,0.0005933941282762485
0.65,0.175,0.030112124764802566,0.00811311355812083,21.91844268291605,0.0001801192082776222,0.00019551106823486577,0.0005797043136136038,0.729736317913468,0.00032016032415569133,0.0005922440892439307
0.675,0.175,0.03145044142101601,0.00811311355812083,21.742738781357065,0.0001679323118376265,0.00019079583733200953,0.0005657233164314583,0.7121369294582395,0.00031143480959487397,0.0005895714294243057
0.7,0.175,0.03278875807722945,0.00811311355812083,21.573984024310878,0.00015201829136152098,0.00018415177318620882,0.0005460231906021662,0.6873382571911884,0.0002981993589685329,0.0005848890198297095
0.725,0.175,0.034127074733442904,0.00811311355812083,21.426388620118516,0.00013371995223482062,0.00017656396926865725,0.0005235248087889446,0.6590171184350346,0.0002847435221617438,0.0005792804668153552
0.75,0.175,0.03546539138965635,0.00811311355812083,21.308142839603775,0.00011679938677565993,0.0001696144582219941,0.0005029190110321832,0.6330783792716906,0.00027541604135630386,0.0005765646687352707
0.775,0.175,0.0368037080458698,0.00811311355812083,21.221964231395415,0.00010622226993142587,0.00016498025748666004,0.0004891782740975496,0.6157814322926475,0.0002734750889347259,0.0005814903302527124
0.8,0.175,0.03814202470208325,0.00811311355812083,21.166759317132655,0.00010516603375947363,0.00016352257952613111,0.0004848561545919522,0.610340714499923,0.0002797890400027376,0.000595063559278446
0.825,0.175,0.039480341358296686,0.00811311355812083,21.139379103504098,0.000112624687251561,0.0001644983363519444,0.0004877493434332221,0.6139826832113443,0.0002903355108884223,0.0006121076829472942
0.85,0.175,0.04081865801451014,0.00811311355812083,21.135886111721966,0.00012418071432888808,0.00016639108272388205,0.000493361471924437,0.6210472743911266,0.00030703650714786386,0.0006252783346383437
0.875,0.175,0.04215697467072359,0.00811311355812083,21.152225393610212,0.000134915345364276,0.00016780117675391676,0.0004975425016696683,0.6263103872914826,0.0003214459698268568,0.000630476378467902
0.9,0.175,0.04349529132693703,0.00811311355812083,21.18443655328377,0.0001419047016337725,0.00016822870923764821,0.0004988101660902387,0.627906133165531,0.0003300069479033681,0.0006282960349953907
0.925,0.175,0.04483360798315048,0.00811311355812083,21.228587422999517,0.00014492824345878276,0.00016790048629742734,0.0004978369615755746,0.6266810557209957,0.0003329366460019907,0.0006215080832013611
0.95,0.175,0.046171924639363926,0.00811311355812083,21.28056469543557,0.00014554571514245604,0.00016750510639796973,0.0004966646318691237,0.6252053179297185,0.0003323447153403942,0.0006127897592152746
0.975,0.175,0.04751024129557737,0.00811311355812083,21.335806619440202,0.00014564483780199293,0.00016768311441570403,0.0004971924383849901,0.6258697248944661,0.0003305069493871056,0.0006040153566611538
0.0,0.2,-0.005353266624853789,0.009272129780709522,20.78133650869158,0.00016873980261015653,0.00018372655739986858,0.000544762395355209,0.6857511582865379,0.00035690729474997665,0.0006031341614523291
0.025,0.2,-0.004014949968640342,0.009272129780709522,20.72351422875274,0.00017215344864417035,0.0001868957425693006,0.0005541592562590276,0.6975800001889774,0.00035763291542919803,0.0005982164145008945
0.05,0.2,-0.0026766333124268946,0.009272129780709522,20.670688752589594,0.00017628495266195634,0.0001904222359609535,0.000564615561620805,0.7107424790501718,0.0003585573459138362,0.0005952166931811284
0.075,0.2,-0.0013383166562134481,0.009272129780709522,20.624401851848354,0.00018104152491713385,0.0001939505557355829,0.0005750772823388553,0.7239117748041407,0.000359923551963302,0.0005939265482417212
0.1,0.2,0.0,0.009272129780709522,20.585425212481763,0.00018618955348477772,0.0001971232953285161,0.0005844846823628097,0.735753883433326,0.00036168145189492733,0.0005938392027395123
0.125,0.2,0.0013383166562134464,0.009272129780709522,20.55373414131879,0.00019137756945857685,0.0001996708612592306,0.000592038397723191,0.7452625593293021,0.00036360208758790956,0.0005943803157442115
0.15,0.2,0.002676633312426893,0.009272129780709522,20.529157703396226,0.00019622257556377694,0.00020148418415244398,0.0005974150299141998,0.7520307059269776,0.00036543857747123044,0.0005951107439363207
0.175,0.2,0.00401494996864034,0.009272129780709522,20.51241392305095,0.00020042759408115497,0.00020266950524247117,0.0006009295918012051,0.756454863881772,0.000367040650988772,0.0005958080214835387
0.2,0.2,0.005353266624853789,0.009272129780709522,20.50597087860809,0.00020383491649236972,0.00020350131768009238,0.0006033959752267572,0.759559566602209,0.0003683738299131333,0.0005964095412194073
0.225,0.2,0.006691583281067235,0.009272129780709522,20.514273994051425,0.0002063989045476906,0.00020399109412115428,0.000604848197436749,0.7613876352631194,0.000369457886892235,0.0005968955117248122
0.25,0.2,0.008029899937280682,0.009272129780709522,20.543229323126695,0.00020816072813647718,0.00020322452974023833,0.0006025752791703229,0.7585264679961019,0.00037033648560256985,0.000597253506170116
0.275,0.2,0.009368216593494131,0.009272129780709522,20.59915256269523,0.0002092443260845491,0.00019942999091674503,0.0005913241999142326,0.7443635215489508,0.00037105226665372956,0.000597500859837418
0.3,0.2,0.010706533249707575,0.009272129780709522,20.6875173443392,0.0002098172980222975,0.0001914641814053536,0.0005677050044545129,0.7146314938201686,0.00037154658589557007,0.0005976754836771624
0.325,0.2,0.012044849905921026,0.009272129780709522,20.811788624115866,0.000210010722084578,0.00018054645469670034,0.0005353331631822954,0.6738815671777169,0.0003715003693378932,0.000597798563030428
0.35,0.2,0.01338316656213447,0.009272129780709522,20.97251488971976,0.00020987576058125633,0.0001701201241942794,0.0005044183468397563,0.6349657548972297,0.0003700444400273338,0.000597867055033911
0.375,0.2,0.014721483218347917,0.009272129780709522,21.166756438037893,0.00020941202576906965,0.00016352257952613111,0.0004848561545919522,0.610340714499923,0.0003636877540722456,0.0005978823191395091
0.4,0.2,0.016059799874561367,0.009272129780709522,21.38787255450309,0.00020860985072755173,0.00016182193561507755,0.00047981362364953956,0.6039931371635681,0.00035222929781607813,0.0005978678016174529
0.425,0.2,0.01739811653077481,0.009272129780709522,21.62567245128426,0.00020745639190150432,0.00016375183188625054,0.0004855359042514839,0.6111963886807094,0.0003475866794950753,0.0005978512473909858
0.45,0.2,0.01873643318698826,0.009272129780709522,21.866937398947233,0.00020590635198445176,0.0001672811601354791,0.0004960006151689156,0.6243694485210153,0.0003434760908190937,0.0005978370004733017
0.475,0.2,0.020074749843201706,0.009272129780709522,22.09632677340884,0.00020385113686474933,0.00017105788736873937,0.0005071988817848642,0.6384659140042487,0.0003388536558321485,0.0005978088272408246
0.5,0.2,0.021413066499415153,0.009272129780709522,22.29767156777981,0.0002010980788630028,0.000174529079553642,0.0005174912151097099,0.6514219835846057,0.0003336299483419971,0.0005977539926943187
0.525,0.2,0.0227513831556286,0.009272129780709522,22.45562268873845,0.0001973790155552112,0.00017760162054886527,0.0005266015191184113,0.6628901054292419,0.0003277030904196872,0.0005976672769239693
0.55,0.2,0.02408969981184205,0.009272129780709522,22.55755226515199,0.00019247990165449267,0.0001801165569763124,0.0005340584856657153,0.6722769931636338,0.00032100313129908493,0.0005975680824987741
0.575,0.2,0.02542801646805549,0.009272129780709522,22.59550123890059,0.00018642734948378427,0.00018185250911698363,0.000539205708036599,0.6787563568878688,0.00031372225504818315,0.0005975232093722682
0.6,0.2,0.02676633312426894,0.009272129780709522,22.56782605686462,0.0001795025311470498,0.00018271298655698776,0.0005417570852462942,0.6819680504476519,0.0003064184689681398,0.0005976115960019838
0.625,0.2,0.02810464978048239,0.009272129780709522,22.480051719319682,0.00017194527271244495,0.00018260529628367472,0.0005414377758765618,0.6815661013189808,0.0002997728192143553,0.0005978311634754055
0.65,0.2,0.02944296643669584,0.009272129780709522,22.344395291203877,0.00016352756228815577,0.0001813119352499811,0.000537602867822194,0.6767386891065604,0.0002939004697384328,0.0005978769919042315
0.675,0.2,0.030781283092909284,0.009272129780709522,22.1776671217141,0.0001534361563684757,0.00017850741849910836,0.0005292872748853813,0.6662709557665226,0.0002878031219751638,0.0005968457211394592
0.7,0.2,0.03211959974912273,0.009272129780709522,21.99788929341461,0.00014080245307712363,0.000174237920847826,0.0005166279087034203,0.650335246737281,0.0002809991791437901,0.0005935267504864477
0.725,0.2,0.03345791640533618,0.009272129780709522,21.820726748102896,0.0001260932173608436,0.00016915063681277652,0.0005015437473496853,0.631347186606295,0.0002743943314304573,0.0005879877754940329
0.75,0.2,0.03479623306154962,0.009272129780709522,21.657064831758632,0.00011209229442662378,0.0001644600195596759,0.00048763573140111355,0.6138396674979286,0.00026870352397051614,0.0005832013116932526
0.775,0.2,0.03613454971776307,0.009272129780709522,21.512422866755365,0.00010321135931888752,0.0001616813190998788,0.00047939668561548354,0.6034682923096916,0.0002662894752574802,0.0005843733881426948
0.8,0.2,0.037472866373976524,0.009272129780709522,21.38787419853066,0.00010306335165475978,0.00016182193561507758,0.0004798136236495396,0.6039931371635682,0.0002687780495930652,0.00059452680162129
0.825,0.2,0.03881118303018996,0.009272129780709522,21.28159324362666,0.00011181610827629665,0.00016450025789744547,0.00048775504095319286,0.6139898552939854,0.0002823153175103342,0.0006104257732903322
0.85,0.2,0.04014949968640341,0.009272129780709522,21.19029193373905,0.000125974815527727,0.00016851093388691992,0.000499646982379301,0.6289595240463814,0.00030259427253470124,0.0006247092319380042
0.875,0.2,0.04148781634261686,0.009272129780709522,21.11024156182981,0.00014058317228114395,0.00017238589888187456,0.0005111365309913438,0.6434226575814348,0.0003228322195778861,0.0006317781776128014
0.9,0.2,0.042826132998830306,0.009272129780709522,21.037907675770924,0.0001519927748941131,0.0001753827851180401,0.0005200225132234464,0.6546084014215628,0.00033855348727667627,0.0006310875708335018
0.925,0.2,0.04416444965504376,0.009272129780709522,20.97034946422358,0.00015916108457738934,0.00017746761032851706,0.0005262041692215202,0.6623899182754271,0.00034840548762563766,0.0006253163706400748
0.95,0.2,0.0455027663112572,0.009272129780709522,20.905511604210417,0.00016319686205120966,0.00017918407388928004,0.0005312936065578225,0.6687965417467854,0.00035352540809784766,0.000617537805653633
0.975,0.2,0.046841082967470644,0.009272129780709522,20.84244428332604,0.00016593816095798205,0.0001811512682004465,0.0005371264785184493,0.6761390065300397,0.00035583514446006575,0.0006097725219320583
0.0,0.225,-0.006022424952960512,0.010431146003298213,20.28749265033423,0.00018675316717201845,0.00019649326206227938,0.0005826165886254325,0.7334023124454663,0.00038677221243132575,0.0006082842817294871
0.025,0.225,-0.004684108296747065,0.010431146003298213,20.11421206784528,0.0001911360483194956,0.0002005161120799945,0.0005945446269167917,0.7484174202137847,0.0003900952218990402,0.0006054462991219503
0.05,0.225,-0.0033457916405336173,0.010431146003298213,19.954978082653316,0.00019573061036598822,0.00020468354646048764,0.0006069013681943307,0.7639721826496063,0.00039239791467495275,0.0006036991223875871
0.075,0.225,-0.002007474984320171,0.010431146003298213,19.82052416647952,0.0002002761775482535,0.00020860556139596238,0.000618530423248239,0.7786109279833325,0.00039398303976116136,0.0006028426391182845
0.1,0.225,-0.0006691583281067228,0.010431146003298213,19.72031387989242,0.00020452493301877962,0.0002119438546753767,0.0006284287018043104,0.7910709583428855,0.00039501321189140914,0.0006026735369610329
0.125,0.225,0.0006691583281067236,0.010431146003298213,19.660330414614293,0.00020829381986338938,0.00021448830584586316,0.0006359731816776352,0.8005680085356188,0.0003954899615224613,0.0006029458758679323
0.15,0.225,0.00200747498432017,0.010431146003298213,19.64213312033234,0.00021146651576516378,0.0002161801558079829,0.0006409896379319156,0.8068827628508894,0.0003952934854731457,0.0006034036840341775
0.175,0.225,0.0033457916405336173,0.010431146003298213,19.663567164692108,0.00021397187899637441,0.00021710000396000874,0.0006437170535530011,0.8103160549379261,0.0003942707171816579,0.000603858461008488
0.2,0.225,0.004684108296747066,0.010431146003298213,19.72061414908387,0.0002157756491409606,0.00021745280319158906,0.00064476312853092,0.8116328622907807,0.0003923270152660667,0.0006042217582269291
0.225,0.225,0.006022424952960512,0.010431146003298213,19.809382909339128,0.00021689526676737896,0.00021741466033888132,0.000644650032242061,0.811490495798996,0.00038949014436154685,0.0006044873047467252
0.25,0.225,0.007360741609173959,0.010431146003298213,19.927394039973166,0.00021739167139430828,0.00021665165334646829,0.0006423876618872132,0.8086426063254608,0.0003859260801944528,0.0006046859572327306
0.275,0.225,0.008699058265387409,0.010431146003298213,20.07384064848385,0.0002173340977812958,0.00021387881854057302,0.0006341660081853142,0.7982931244280698,0.00038192046541391216,0.0006048483565884533
0.3,0.225,0.010037374921600853,0.010431146003298213,20.2489981972756,0.0002167832239446625,0.0002074227258697584,0.0006150232312359067,0.7741960472843409,0.00037780538515785395,0.0006049951626612392
0.325,0.225,0.011375691577814304,0.010431146003298213,20.453183804361544,0.00021579302945067534,0.00019684807241434634,0.0005836686267195668,0.7347266262155895,0.0003737642603852983,0.0006051277838470731
0.35,0.225,0.012714008234027747,0.010431146003298213,20.685650470223287,0.0002144095042491087,0.00018408965580330111,0.0005458390081149695,0.6871064068376982,0.0003696602313666531,0.0006052299558079331
0.375,0.225,0.014052324890241195,0.010431146003298213,20.943674366151264,0.00021265914437231374,0.00017258562396518264,0.0005117287301613236,0.6441681225221363,0.00036505643621147444,0.0006052822527792948
0.4,0.225,0.015390641546454645,0.010431146003298213,21.221962629990472,0.00021053145003660815,0.00016498025748666004,0.0004891782740975496,0.6157814322926475,0.00035909418258524983,0.000605270158645032
0.425,0.225,0.01672895820266809,0.010431146003298213,21.512422177093725,0.000207979160073589,0.0001616813190998788,0.00047939668561548354,0.6034682923096916,0.0003490187155175009,0.000605194731350492
0.45,0.225,0.018067274858881537,0.010431146003298213,21.80429001025338,0.00020493646605365955,0.0001613343387418834,0.00047836786401430704,0.6021732036422424,0.0003361396136306848,0.0006050812186537389
0.475,0.225,0.019405591515094984,0.010431146003298213,22.084617840324842,0.00020132436064574467,0.00016233318966692314,0.0004813295285130498,0.605901370046138,0.00032857584151885195,0.0006049888623777741
0.5,0.225,0.02074390817130843,0.010431146003298213,22.339109627063362,0.00019701087598335284,0.00016381179846039823,0.0004857137094367345,0.6114202112366981,0.00032185047533609805,0.0006049844864537088
0.525,0.225,0.02208222482752188,0.010431146003298213,22.553310096235958,0.00019173547358085583,0.00016543633993003362,0.0004905305911923008,0.6174837396141573,0.00031479764866596097,0.0006050407761997386
0.55,0.225,0.02342054148373533,0.010431146003298213,22.714115510256796,0.00018516297411249957,0.0001670412487774549,0.0004952892608175372,0.6234739901072753,0.0003070045615747854,0.0006049918699875514
0.575,0.225,0.02475885813994877,0.010431146003298213,22.81150679007448,0.00017714266492969248,0.00016827336636459202,0.0004989425776685531,0.6280728138945494,0.00029824920088690704,0.0006046735933755441
0.6,0.225,0.026097174796162217,0.010431146003298213,22.840278617791817,0.00016798654448947837,0.00016888419554576486,0.000500753729918929,0.6303527064938149,0.0002889025003790334,0.0006041874864553954
0.625,0.225,0.027435491452375668,0.010431146003298213,22.80137093897563,0.0001584295469535782,0.00016886260162206492,0.0005006897023892873,0.6302721081393977,0.0002800710920285307,0.0006039807547054234
0.65,0.225,0.02877380810858912,0.010431146003298213,22.70227599979687,0.0001491146726692166,0.00016826955147784388,0.0004989312662562438,0.6280585750003836,0.0002729738247037865,0.0006043829187545561
0.675,0.225,0.030112124764802562,0.010431146003298213,22.556049641591052,0.00014000184199944624,0.0001669894134338327,0.0004951355653128953,0.623280517005552,0.0002682292790135054,0.0006048234552964769
0.7,0.225,0.031450441421016,0.010431146003298213,22.378859942883604,0.00013045668824341046,0.00016504059316733419,0.0004893571737100748,0.6160066325222379,0.0002660173126211513,0.0006037754600416916
0.725,0.225,0.03278875807722945,0.010431146003298213,22.186702714108563,0.00012046547518376066,0.00016286714669915675,0.0004829127493386774,0.6078943407876106,0.000265199119326128,0.0006002861993067041
0.75,0.225,0.0341270747334429,0.010431146003298213,21.992455163719285,0.00011169656365729718,0.00016127936279958094,0.0004782048564097482,0.601968008396409,0.00026444689525004705,0.0005959046508932246
0.775,0.225,0.03546539138965635,0.010431146003298213,21.804289959888397,0.00010725686129054983,0.0001613343387418834,0.00047836786401430704,0.6021732036422424,0.00026321089927068406,0.0005950297823801378
0.8,0.225,0.0368037080458698,0.010431146003298213,21.625673022911457,0.00011000588443842506,0.00016375183188625054,0.0004855359042514839,0.6111963886807094,0.0002682662076517585,0.000601494655631451
0.825,0.225,0.038142024702083235,0.010431146003298213,21.456403021746603,0.00012038670766015219,0.00016823750078709163,0.0004988362336637102,0.6279389472306246,0.0002831760034940292,0.0006139546133175346
0.85,0.225,0.039480341358296686,0.010431146003298213,21.293955254627022,0.00013571784046015513,0.00017379255090133603,0.0005153073549288179,0.6486729233312708,0.00030524897425196127,0.0006260991958070082
0.875,0.225,0.04081865801451014,0.010431146003298213,21.134668548677524,0.0001515713480978688,0.0001791246005981751,0.0005311172639921069,0.6685745603476915,0.00032895958912277084,0.0006319778258097994
0.9,0.225,0.04215697467072358,0.010431146003298213,20.974674681717175,0.000164396317508462,0.00018349861894201644,0.0005440865415099599,0.6849003881871997,0.0003494969130388296,0.0006305752173903503
0.925,0.225,0.04349529132693703,0.010431146003298213,20.810684016247862,0.0001730428559584879,0.00018688725934265694,0.0005541341028847297,0.697548336924944,0.000364710336971363,0.0006247935282304926
0.95,0.225,0.044833607983150475,0.010431146003298213,20.640780491177914,0.00017853999928998796,0.00018981833531399463,0.0005628249529703753,0.7084884468949798,0.00037505453472846424,0.0006181191693092296
0.975,0.225,0.04617192463936392,0.010431146003298213,20.46528332862991,0.0001826859414995315,0.00019290787832228792,0.0005719856691649737,0.7200200279929813,0.00038198930280740735,0.0006124584437683367
0.0,0.25,-0.0066915832810672355,0.011590162225886902,19.930479220260302,0.00020079445430321057,0.00020710694098869897,0.0006140869064570753,0.773017394339331,0.00041652788506652016,0.0006117790042541157
0.025,0.25,-0.005353266624853788,0.011590162225886902,19.641112645883595,0.00020565863950798,0.00021160995939868135,0.0006274386784059268,0.7898247091561559,0.00042356813910228723,0.0006115222535623902
0.05,0.25,-0.004014949968640341,0.011590162225886902,19.363493284289166,0.00021046222737635908,0.0002161175779759164,0.0006408040901800004,0.8066491938915079,0.00042886005406525085,0.0006116040462520977
0.075,0.25,-0.0026766333124268946,0.011590162225886902,19.117280196508823,0.00021487179956486196,0.00022021819129620023,0.0006529627022304153,0.8219545497086841,0.0004327285004013983,0.0006117430180698229
0.1,0.25,-0.0013383166562134464,0.011590162225886902,18.922503499695978,0.00021864181497175503,0.00022358772692456983,0.0006629536165877245,0.8345311907383922,0.00043542183051438623,0.0006118773167882584
0.125,0.25,0.0,0.011590162225886902,18.794844524984565,0.00022164744286923998,0.00022606217177458904,0.0006702905227092332,0.8437669454710286,0.0004370361615583877,0.0006120186451144368
0.15,0.25,0.0013383166562134464,0.011590162225886902,18.742195098054445,0.00022387027321453434,0.00022763278587492226,0.0006749475059542522,0.8496291923544802,0.0004375187450326297,0.0006121799050558842
0.175,0.25,0.0026766333124268937,0.011590162225886902,18.76395106032453,0.0002253618763002278,0.00022840363805952656,0.0006772331378655707,0.8525063636569916,0.00043671148516572785,0.0006123640706752684
0.2,0.25,0.004014949968640343,0.011590162225886902,18.852963285092876,0.00022620086060660136,0.00022855045086798363,0.0006776684483527194,0.8530543358983241,0.0004343735338137767,0.0006125620250361569
0.225,0.25,0.005353266624853788,0.011590162225886902,18.998843782494802,0.00022645091366772302,0.00022825564406124332,0.000676794325066028,0.8519539826774617,0.0004301802875971252,0.0006127396338432745
0.25,0.25,0.0066915832810672355,0.011590162225886902,19.19108370094994,0.0002261509992949797,0.00022749182059085307,0.0006745295337955276,0.8491030457363936,0.0004237746357984786,0.0006128621714875163
0.275,0.25,0.008029899937280684,0.011590162225886902,19.420994122524913,0.00022533955057475494,0.00022561313823416543,0.0006689591061163474,0.8420909478645159,0.0004148930188303343,0.0006129141994863161
0.3,0.25,0.009368216593494127,0.011590162225886902,19.68225370808106,0.00022407351696598714,0.00022126625532475105,0.0006560702871041489,0.8258664018203684,0.0004036718293356686,0.0006128994946309476
0.325,0.25,0.010706533249707578,0.011590162225886902,19.970394728123996,0.00022241544166455782,0.00021324671261022481,0.000632291768850468,0.7959338173141143,0.00039111125144895083,0.0006128476170592786
0.35,0.25,0.012044849905921022,0.011590162225886902,20.281750113120403,0.00022039513062782523,0.00020181394679058047,0.000598392799743408,0.7532615302251195,0.0003789248147030215,0.0006128009109574334
0.375,0.25,0.01338316656213447,0.011590162225886902,20.61231677926229,0.00021798308930942725,0.0001890733586188505,0.0005606160437376874,0.7057078546995919,0.00036826136541847634,0.0006127834483942973
0.4,0.25,0.01472148321834792,0.011590162225886902,20.95682408331917,0.00021510605566935707,0.00017778944783485367,0.0005271584404675955,0.6635911623735792,0.0003589632708648739,0.0006127959167112965
0.425,0.25,0.016059799874561364,0.011590162225886902,21.30814212068652,0.00021167743699794078,0.0001696144582219941,0.0005029190110321832,0.6330783792716906,0.00035019086845847224,0.0006128238600853297
0.45,0.25,0.01739811653077481,0.011590162225886902,21.657064760298702,0.0002076059903462299,0.0001644600195596759,0.00048763573140111355,0.6138396674979286,0.00034085275151470533,0.0006128412216431725
0.475,0.25,0.01873643318698826,0.011590162225886902,21.99245557911804,0.00020280589393231052,0.00016127936279958094,0.0004782048564097482,0.601968008396409,0.00032890524264193226,0.0006128417319089487
0.5,0.25,0.020074749843201706,0.011590162225886902,22.301734673629404,0.00019720034645364444,0.00015925226649494295,0.0004721943707501988,0.5944019621016512,0.00031536526972187647,0.0006128558187295306
0.525,0.25,0.021413066499415153,0.011590162225886902,22.571691626566633,0.00019067041133996745,0.00015818426073495407,0.0004690276572151575,0.5904156783692723,0.00030586461148630797,0.0006129069248342891
0.55,0.25,0.022751383155628604,0.011590162225886902,22.789613700586912,0.00018298555886127427,0.00015797287362787096,0.00046840087930982087,0.5896266854464169,0.0002972522282541697,0.0006129114426549493
0.575,0.25,0.024089699811842044,0.011590162225886902,22.944693156396983,0.00017385101705897298,0.00015833659695137212,0.00046947934500232176,0.5909842664837838,0.0002879534537529022,0.0006126154732015764
0.6,0.25,0.02542801646805549,0.011590162225886902,23.02959710665253,0.0001632538716966754,0.00015863898179474284,0.0004703759377101208,0.59211290438744,0.0002776393008234095,0.0006118798894996832
0.625,0.25,0.026766333124268942,0.011590162225886902,23.041937854003223,0.00015184178929522718,0.00015859313471511095,0.0004702399978368996,0.5919417822132341,0.0002671580165810088,0.0006111184690977073
0.65,0.25,0.028104649780482393,0.011590162225886902,22.98521119355477,0.00014076546535390618,0.0001582785531713809,0.0004693072410393946,0.5907676206709868,0.0002584979152170062,0.0006111120805208284
0.675,0.25,0.029442966436695837,0.011590162225886902,22.86869355528115,0.00013098811075902978,0.00015787342163051875,0.0004681059970180761,0.589255485314311,0.00025398284675372273,0.0006119965878732769
0.7,0.25,0.03078128309290928,0.011590162225886902,22.705975341937155,0.00012279759120791873,0.0001575836698960582,0.00046724686238257805,0.5881739999246437,0.0002541275642540072,0.000612596777474911
0.725,0.25,0.032119599749122735,0.011590162225886902,22.512328914342593,0.00011636758080973057,0.00015785391954690992,0.0004680481719440557,0.5891826946594759,0.0002571133085163455,0.0006114275591425156
0.75,0.25,0.03345791640533618,0.011590162225886902,22.30173395187604,0.00011262516519485663,0.00015925226649494295,0.0004721943707501988,0.5944019621016512,0.0002597705816363955,0.0006086360010040397
0.775,0.25,0.03479623306154963,0.011590162225886902,22.084617260784537,0.00011328789911672143,0.00016233318966692314,0.0004813295285130498,0.605901370046138,0.000262810959227265,0.0006071576945754622
0.8,0.25,0.03613454971776308,0.011590162225886902,21.866937132272394,0.00011985235379387029,0.00016728116013547907,0.0004960006151689155,0.6243694485210152,0.00027146668391844124,0.0006105645861864135
0.825,0.25,0.03747286637397652,0.011590162225886902,21.650500106426435,0.00013226652438016597,0.00017364810686230106,0.0005148790680125818,0.6481337924158624,0.00028809368890845167,0.0006189216160715276
0.85,0.25,0.03881118303018997,0.011590162225886902,21.43394243509664,0.00014830223979125402,0.00018047562475702523,0.0005351231473405666,0.6736171975957632,0.00031159660808439407,0.0006275172000833179
0.875,0.25,0.04014949968640342,0.011590162225886902,21.213848742656893,0.00016424201789663008,0.00018671819233394215,0.0005536328071006773,0.6969173018764732,0.00033758019829738175,0.0006309244886606683
0.9,0.25,0.04148781634261686,0.011590162225886902,20.985782435367838,0.00017701566045846164,0.00019178284187756635,0.0005686498555669725,0.7158208797805468,0.00036146703255208123,0.0006280115707478935
0.925,0.25,0.04282613299883031,0.011590162225886902,20.74528233507163,0.00018570509595052212,0.00019576704393785613,0.0005804632998978255,0.7306917357763131,0.000380855167214173,0.0006218939414442756
0.95,0.25,0.04416444965504376,0.011590162225886902,20.489015324338048,0.0001914783311757359,0.00019928184623555124,0.000590884940329073,0.7438105781521966,0.0003958238948127581,0.0006163511776462868
0.975,0.25,0.0455027663112572,0.011590162225886902,20.216241133919144,0.00019613223538754413,0.00020295840689371012,0.0006017862058790951,0.757533176373835,0.00040742098300341226,0.0006130722484852851
0.0,0.275,-0.00736074160917396,0.012749178448475593,19.719339352112065,0.0002115981885550974,0.0002159411194828335,0.000640280878115653,0.8059905704582186,0.00044367959169544936,0.0006149721875764268
0.025,0.275,-0.006022424952960513,0.012749178448475593,19.3259027483002,0.00021675133982180587,0.00022070656992926544,0.0006544107798396303,0.8237774011137641,0.00045439447701675287,0.0006167761524130275
0.05,0.275,-0.0046841082967470655,0.012749178448475593,18.930937091099324,0.0002216317052365124,0.00022538142287506112,0.0006682720534885036,0.8412260806501767,0.0004627897926800194,0.00061823173968024
0.075,0.275,-0.003345791640533619,0.012749178448475593,18.560917357055047,0.00022582858493163586,0.00022950614283577813,0.0006805021434535554,0.8566214134245952,0.00046924377517806664,0.0006191150126125725
0.1,0.275,-0.002007474984320171,0.012749178448475593,18.24682357653754,0.00022914537734424105,0.00023276272850848581,0.0006901581531064362,0.8687764737965055,0.0004741311409525723,0.0006195185643301176
0.125,0.275,-0.0006691583281067245,0.012749178448475593,18.016945428436117,0.00023154569241939962,0.00023503755776576636,0.0006969031847053419,0.8772671722570937,0.00047768158155390294,0.0006195888232140125
0.15,0.275,0.0006691583281067219,0.012749178448475593,17.890016854379898,0.00023311373252149628,0.0002363970584614032,0.0007009342015921946,0.882341447799607,0.00047997057122432644,0.0006194763421392727
0.175,0.275,0.002007474984320169,0.012749178448475593,17.87180394349415,0.00023399991891197682,0.0002370104416233541,0.0007027529265784125,0.8846308730178993,0.00048095027492175263,0.0006193158790150134
0.2,0.275,0.003345791640533618,0.012749178448475593,17.956099958459966,0.000234341727980985,0.00023707410820875504,0.0007029417025619063,0.8848685057004071,0.00048047471614285654,0.0006191812950912202
0.225,0.275,0.004684108296747064,0.012749178448475593,18.128770021082552,0.0002342389804890238,0.00023675603234646526,0.0007019985848597196,0.8836813017704196,0.00047834236546612317,0.0006191029671496859
0.25,0.275,0.006022424952960511,0.012749178448475593,18.372581365314893,0.00023375214946840303,0.00023611880473919093,0.0007001091593861353,0.8813028782264053,0.00047428230015353573,0.0006190881415126902
0.275,0.275,0.00736074160917396,0.012749178448475593,18.67102890784319,0.00023289152837992498,0.0002349150472348317,0.0006965399322108048,0.8768099071796891,0.00046787898324963717,0.0006191226759982129
0.3,0.275,0.008699058265387404,0.012749178448475593,19.010392177071672,0.00023163123127456872,0.00023233936947724987,0.0006889028632712852,0.867196305147238,0.00045848483403843705,0.0006191858638628438
0.325,0.275,0.010037374921600855,0.012749178448475593,19.38013604734398,0.0002299370932725122,0.00022722327194309763,0.0006737332678300022,0.8481006999195405,0.0004451728043427521,0.0006192591067405051
0.35,0.275,0.011375691577814298,0.012749178448475593,19.772214933410908,0.0002277806776211008,0.00021888761787031743,0.0006490174567692361,0.8169882439067496,0.0004270834079334638,0.000619321903145251
0.375,0.275,0.012714008234027746,0.012749178448475593,20.17990131813548,0.00022513943444702524,0.00020796367649183987,0.0006166271885560923,0.776215121287131,0.00040489203429370716,0.0006193593320940617
0.4,0.275,0.014052324890241196,0.012749178448475593,20.59660974925613,0.0002219789630119366,0.0001962272824228702,0.0005818279399535647,0.7324095553373662,0.0003822409605210681,0.0006193713589700281
0.425,0.275,0.01539064154645464,0.012749178448475593,21.014988251183354,0.00021822038221683236,0.000185506937178861,0.0005500413488542125,0.6923963461837713,0.0003629872858367704,0.0006193541398700449
0.45,0.275,0.016728958202668086,0.012749178448475593,21.426388505189486,0.00021373227095091568,0.00017656396926865725,0.0005235248087889446,0.6590171184350346,0.0003476459482616214,0.0006192901515432688
0.475,0.275,0.018067274858881537,0.012749178448475593,21.82072707674846,0.00020837115445441006,0.0001691506368127765,0.0005015437473496852,0.6313471866062949,0.0003346860529721844,0.0006191658141171643
0.5,0.275,0.01940559151509498,0.012749178448475593,22.18670334525337,0.00020202965566956665,0.00016286714669915675,0.0004829127493386774,0.6078943407876106,0.0003224464571354785,0.0006189960868283751
0.525,0.275,0.02074390817130843,0.012749178448475593,22.512329696904853,0.00019466400571153963,0.0001578539195469099,0.0004680481719440556,0.5891826946594758,0.0003091354081830452,0.0006188889822746444
0.55,0.275,0.022082224827521882,0.012749178448475593,22.78574018764231,0.00018622038638048112,0.00015454496779158445,0.0004582368931074164,0.5768321802262787,0.00029472402668947724,0.0006189820353044912
0.575,0.275,0.02342054148373532,0.012749178448475593,22.996253858414438,0.0001764775631132587,0.00015292577318322373,0.0004534358651783019,0.5707886087693878,0.00028313469598837695,0.0006191215552302016
0.6,0.275,0.02475885813994877,0.012749178448475593,23.13564596044862,0.00016520267275213713,0.0001524673668640165,0.0004520766576253416,0.5690776276852646,0.0002722220341137566,0.0006188900061176462
0.625,0.275,0.02609717479616222,0.012749178448475593,23.199491974374126,0.00015264389336311254,0.00015225729038064083,0.00045145376581312276,0.5682935266067793,0.00026089370542622703,0.0006182080023129728
0.65,0.275,0.02743549145237567,0.012749178448475593,23.188295443300937,0.00013986240999151392,0.000152044883663453,0.00045082396469083355,0.5675007280348103,0.000251213039862087,0.0006177173568304925
0.675,0.275,0.028773808108589115,0.012749178448475593,23.1079639977752,0.0001284551674688163,0.00015201753437553382,0.0004507428720942652,0.5673986480408546,0.00024696859921235657,0.0006180991128158242
0.7,0.275,0.03011212476480256,0.012749178448475593,22.969207961806475,0.00011978885952092843,0.00015266490060940788,0.0004526623593215242,0.5698149135552001,0.00024793132170975097,0.0006190039134829033
0.725,0.275,0.03145044142101601,0.012749178448475593,22.785739406369466,0.00011475932760724888,0.00015454496779158445,0.0004582368931074164,0.5768321802262787,0.00025168732244501937,0.0006191571348798128
0.75,0.275,0.03278875807722945,0.012749178448475593,22.571690784716793,0.00011415509829288216,0.00015818426073495407,0.0004690276572151575,0.5904156783692723,0.00025592774014426947,0.000617788590746473
0.775,0.275,0.034127074733442904,0.012749178448475593,22.339108746579832,0.00011872300969126993,0.00016381179846039823,0.0004857137094367345,0.6114202112366981,0.0002629630324936602,0.000616330128756422
0.8,0.275,0.035465391389656355,0.012749178448475593,22.096325943414524,0.00012863373670582646,0.00017105788736873937,0.0005071988817848642,0.6384659140042487,0.0002749377400572125,0.0006175007766398121
0.825,0.275,0.03680370804586979,0.012749178448475593,21.847487056126077,0.00014296682056160707,0.0001791816175888371,0.000531286323451167,0.6687873737152407,0.00029359942448547473,0.0006221458723897033
0.85,0.275,0.03814202470208324,0.012749178448475593,21.592952394073663,0.00015954128100334242,0.00018712917458232713,0.0005548513988886429,0.6984512747373036,0.0003185001932001965,0.0006272611424936478
0.875,0.275,0.03948034135829669,0.012749178448475593,21.33010900728798,0.00017526980062078834,0.00019403978180060436,0.0005753418440091827,0.724244807101179,0.000346256823796605,0.0006284807722354412
0.9,0.275,0.04081865801451014,0.012749178448475593,21.054277660579082,0.00018765492629900523,0.0001995160544603934,0.0005915793844822893,0.7446847498764084,0.00037277413569009147,0.0006247108716572784
0.925,0.275,0.04215697467072359,0.012749178448475593,20.759686361297526,0.00019606867401456593,0.00020378774355129706,0.0006042452484396088,0.7606286383560238,0.00039562441882213265,0.0006189074983453958
0.95,0.275,0.04349529132693703,0.012749178448475593,20.44071080229563,0.00020179473759990464,0.00020756482922465623,0.0006154445778561109,0.774726441700895,0.0004146189123081203,0.0006147998065144563
0.975,0.275,0.044833607983150475,0.012749178448475593,20.093675227668264,0.00020662392920465345,0.00021150958630211582,0.0006271410649890747,0.7894500710624327,0.0004304630658758306,0.0006137890718613871
0.0,0.3,-0.008029899937280682,0.013908194671064283,19.64736125374295,0.00021983403929748982,0.00022333096058446694,0.0006621922860078639,0.8335728218578861,0.00046713616950899847,0.0006191531208146248
0.025,0.3,-0.006691583281067235,0.013908194671064283,19.174667567942627,0.00022517181826344087,0.00022820260076451165,0.0006766370478939413,0.8517560009447832,0.00048051776399538835,0.0006219793651558235
0.05,0.3,-0.005353266624853787,0.013908194671064283,18.678272961477653,0.0002301969453187557,0.00023299993949067597,0.0006908615006501515,0.8696618531782198,0.0004910654742927426,0.0006239318965611726
0.075,0.3,-0.004014949968640341,0.013908194671064283,18.18696031512338,0.0002343921648919685,0.0002371917943322851,0.0007032906503431178,0.8853077638929466,0.0004991664670914329,0.0006249267260696659
0.1,0.3,-0.002676633312426893,0.013908194671064283,17.740709348984975,0.00023748170025945527,0.00024039058510001997,0.0007127752939653175,0.897247107366935,0.0005053098797519632,0.000625274996777658
0.125,0.3,-0.0013383166562134464,0.013908194671064283,17.381983653265404,0.0002394716603022683,0.00024248218189802992,0.0007189770282051928,0.9050538988684056,0.0005099031099612267,0.0006252888040043579
0.15,0.3,0.0,0.013908194671064283,17.14470629053238,0.00024055425585322725,0.0002435996386728087,0.0007222903675391983,0.9092247563017809,0.0005131198458667072,0.0006251311633740971
0.175,0.3,0.0013383166562134473,0.013908194671064283,17.046404950361193,0.00024099061985254354,0.00024400463267983742,0.0007234912037628548,0.9107363783195744,0.0005149651760481331,0.0006248779014660138
0.2,0.3,0.0026766333124268963,0.013908194671064283,17.08667925018731,0.00024103071006921142,0.00024397203451480748,0.0007233945478698951,0.9106147071265599,0.0005153922522095589,0.0006246060008368387
0.225,0.3,0.004014949968640342,0.013908194671064283,17.251163622014015,0.00024082899968424972,0.00024370057135526753,0.0007225896401682839,0.9096014830248232,0.0005143100321110851,0.0006243649502879169
0.25,0.3,0.005353266624853789,0.013908194671064283,17.517915364591303,0.00024041815271217833,0.00024326377603760215,0.0007212945107819891,0.9079711640373985,0.0005115911233646854,0.0006241571084675452
0.275,0.3,0.006691583281067238,0.013908194671064283,17.863331628897146,0.0002397667676783646,0.0002425519269596196,0.0007191838273057339,0.9053142191914267,0.0005071021905004845,0.0006239757589926701
0.3,0.3,0.008029899937280682,0.013908194671064283,18.26605405023385,0.00023882320888969372,0.0002411584309963913,0.0007150520120168104,0.9001130578330737,0.0005006683913656932,0.0006238203012357473
0.325,0.3,0.009368216593494133,0.013908194671064283,18.708631841786868,0.00023751895621178424,0.00023829733335320908,0.0007065686526837725,0.8894341388430829,0.0004919781614650715,0.0006236919117847537
0.35,0.3,0.010706533249707577,0.013908194671064283,19.177476545536667,0.0002357745049969127,0.00023311144645011937,0.0006911921267674905,0.8700780479171704,0.00048045973995912596,0.000623595959402853
0.375,0.3,0.012044849905921024,0.013908194671064283,19.661866961753994,0.00023350388744442597,0.0002253039169894711,0.0006680422429892177,0.8409367933986788,0.0004651473976080504,0.0006235387719240491
0.4,0.3,0.013383166562134475,0.013908194671064283,20.15265933363134,0.0002306063099846699,0.00021550322951876882,0.0006389825030244206,0.8043561657520669,0.00044479466736491234,0.0006235196366731054
0.425,0.3,0.014721483218347918,0.013908194671064283,20.641133847416036,0.00022696658363963862,0.00020487074930883444,0.0006074564380412052,0.7646709089083745,0.0004190156388940573,0.0006235357153339797
0.45,0.3,0.016059799874561367,0.013908194671064283,21.118194376753436,0.0002224700679588798,0.00019434966769383535,0.0005762606778668046,0.7254014423379527,0.0003904570210200356,0.0006235952437633139
0.475,0.3,0.01739811653077481,0.013908194671064283,21.573984332511515,0.00021700035630894482,0.00018415177318620882,0.0005460231906021662,0.6873382571911884,0.00036402666685927054,0.0006236893114731646
0.5,0.3,0.018736433186988262,0.013908194671064283,21.997889896817746,0.0002104332365483685,0.000174237920847826,0.0005166279087034203,0.650335246737281,0.0003422820190815284,0.0006237664389542273
0.525,0.3,0.020074749843201706,0.013908194671064283,22.378860720741446,0.0002026918774581027,0.00016504059316733419,0.0004893571737100748,0.6160066325222379,0.0003245618405574436,0.0006238460457541674
0.55,0.3,0.021413066499415156,0.013908194671064283,22.705976167292448,0.0001937649381007842,0.0001575836698960582,0.00046724686238257805,0.5881739999246437,0.0003092403018705554,0.0006240877643559601
0.575,0.3,0.0227513831556286,0.013908194671064283,22.969208706053873,0.0001835783890381125,0.00015266490060940788,0.0004526623593215242,0.5698149135552001,0.000294150745363797,0.0006245111488845619
0.6,0.3,0.024089699811842044,0.013908194671064283,23.160358092189554,0.0001719585772211367,0.00015014944728942032,0.00044520386015083427,0.5604260965425192,0.00027745322529952517,0.000624757688594566
0.625,0.3,0.025428016468055495,0.013908194671064283,23.2741093487426,0.00015888544398747712,0.00014924504612718643,0.00044252224596030506,0.5570504596540112,0.0002622199358874688,0.0006243993557167859
0.65,0.3,0.026766333124268946,0.013908194671064283,23.30907212850277,0.0001450359750190293,0.00014892691829591746,0.0004415789741663746,0.5558630617521332,0.0002508549404525507,0.0006236227745636093
0.675,0.3,0.02810464978048239,0.013908194671064283,23.26850885137126,0.00013204490565017557,0.00014906908567950233,0.0004420005106362194,0.5563936951528979,0.0002480361350667397,0.0006232075145577704
0.7,0.3,0.029442966436695833,0.013908194671064283,23.16035755569314,0.00012194491166446635,0.00015014944728942032,0.00044520386015083427,0.5604260965425192,0.00024863987274491615,0.0006235537384145947
0.725,0.3,0.030781283092909284,0.013908194671064283,22.996253226105814,0.00011647885903643596,0.00015292577318322373,0.0004534358651783019,0.5707886087693878,0.0002498670042595956,0.0006239705884501743
0.75,0.3,0.03211959974912273,0.013908194671064283,22.789612918667416,0.00011681797114720598,0.00015797287362787096,0.00046840087930982087,0.5896266854464169,0.00025453624848515203,0.0006233461232705495
0.775,0.3,0.03345791640533618,0.013908194671064283,22.553309140253198,0.0001233471473960958,0.00016543633993003362,0.0004905305911923008,0.6174837396141573,0.0002637467037941925,0.0006219686058778889
0.8,0.3,0.03479623306154963,0.013908194671064283,22.297670458875167,0.00013534794112180347,0.000174529079553642,0.0005174912151097099,0.6514219835846057,0.0002781758111301403,0.000621611318231222
0.825,0.3,0.036134549717763066,0.013908194671064283,22.029323126070622,0.0001510503193977408,0.0001841792538878428,0.0005461046728498066,0.687440827680957,0.0002987623359798039,0.0006234751538987427
0.85,0.3,0.03747286637397652,0.013908194671064283,21.750915884897225,0.0001680191613689782,0.00019315869301456422,0.0005727293526829603,0.7209561826141633,0.00032509613304536664,0.0006259930686518959
0.875,0.3,0.03881118303018997,0.013908194671064283,21.461430786936333,0.0001835525485813143,0.00020066287575525683,0.0005949797917205007,0.7489652090676654,0.0003544840666108252,0.0006260407234605995
0.9,0.3,0.04014949968640341,0.013908194671064283,21.156757618338588,0.00019566021770478192,0.00020647057258698054,0.0006122000285894735,0.7706421777416261,0.00038332123758914193,0.0006226044425754245
0.925,0.3,0.04148781634261686,0.013908194671064283,20.830411764281376,0.00020395639176499532,0.00021093086800328542,0.0006254251238036063,0.7872900308953444,0.000409177715761325,0.0006180741357902323
0.95,0.3,0.042826132998830306,0.013908194671064283,20.47454707461607,0.00020972742983928265,0.00021481634027703945,0.0006369458272494872,0.8017923823785762,0.00043154756319115735,0.0006156708123940207
0.975,0.3,0.04416444965504375,0.013908194671064283,20.081650419724106,0.00021468883484250493,0.0002188307537376778,0.0006488488505451554,0.8167760010749323,0.00045079515858768377,0.000616452465361242
0.0,0.325,-0.008699058265387407,0.015067210893652974,19.690594247117552,0.00022628949312994613,0.00022956156863806007,0.0006806664849251581,0.856828287752682,0.00048661024152007516,0.0006238513859509798
0.025,0.325,-0.00736074160917396,0.015067210893652974,19.17468057949631,0.0002315886206021342,0.00023432955569949485,0.0006948039078942107,0.874624586210275,0.0005012788005980676,0.0006265644060159181
0.05,0.325,-0.006022424952960513,0.015067210893652974,18.608662749114586,0.0002366523583551792,0.00023914713274742323,0.0007090883687232777,0.8926059770745327,0.0005127204517961674,0.0006281494870992344
0.075,0.325,-0.004684108296747066,0.015067210893652974,18.016553124319145,0.00024097533008718793,0.00024345880498599065,0.0007218727855757441,0.9086991008645484,0.0005214494373409251,0.0006287285142233711
0.1,0.325,-0.003345791640533618,0.015067210893652974,17.441774925612954,0.00024415150570441635,0.0002467634208289748,0.0007316712081218911,0.9210334316988562,0.0005280383518670742,0.0006287170880045126
0.125,0.325,-0.002007474984320172,0.015067210893652974,16.939704570459753,0.00024605135335582974,0.00024883772404981903,0.000737821665667453,0.9287756756970146,0.0005329673643870594,0.0006284958316610304
0.15,0.325,-0.0006691583281067254,0.015067210893652974,16.562902484767427,0.00024689215366358014,0.00024981225852344405,0.0007407112301469786,0.9324130820335631,0.0005365243825434963,0.0006283006297322904
0.175,0.325,0.0006691583281067219,0.015067210893652974,16.34677174955437,0.00024705848652247517,0.0002500347360629248,0.000741370891978319,0.9332434694993208,0.0005387773648085634,0.0006281808229485559
0.2,0.325,0.002007474984320171,0.015067210893652974,16.30288575705503,0.00024689170711518553,0.00024987658759263753,0.0007409019704423434,0.9326531874071967,0.0005396481862111997,0.0006280710107811705
0.225,0.325,0.0033457916405336165,0.015067210893652974,16.42128448565171,0.00024663285385645797,0.0002496147195749387,0.0007401255130231906,0.9316757767432373,0.0005390735779079403,0.0006279609986631137
0.25,0.325,0.004684108296747064,0.015067210893652974,16.678073246313943,0.000246399397037858,0.00024937490638527767,0.0007394144497480365,0.9307806847385223,0.000537031248934317,0.0006279016020112157
0.275,0.325,0.006022424952960513,0.015067210893652974,17.043760117597806,0.000246154406824077,0.00024910196903533873,0.0007386051709663576,0.929761958287055,0.0005334673048759525,0.0006279001949247555
0.3,0.325,0.007360741609173957,0.015067210893652974,17.489491462573433,0.0002457599998129029,0.00024853777149873383,0.000736932284880404,0.9276561162155292,0.0005283025558679218,0.0006279278626577707
0.325,0.325,0.008699058265387407,0.015067210893652974,17.990385413152325,0.000245068305913588,0.0002471958132639997,0.0007329532826459619,0.922647317123745,0.0005214526198654764,0.0006279662392900188
0.35,0.325,0.010037374921600851,0.015067210893652974,18.526431321296936,0.00024394597444214267,0.00024439519999452653,0.0007246492638109426,0.9121941533534472,0.0005127739274890004,0.0006280029754511502
0.375,0.325,0.011375691577814298,0.015067210893652974,19.081872056778614,0.00024225817007889928,0.00023953151833800638,0.0007102280995168524,0.8940406790996588,0.000501983104470195,0.0006280246616881612
0.4,0.325,0.01271400823402775,0.015067210893652974,19.64393257832917,0.00023987141699496352,0.00023246276142654048,0.0006892687292343468,0.8676568600792346,0.000488593327630973,0.0006280273757522552
0.425,0.325,0.014052324890241193,0.015067210893652974,20.201504484824106,0.00023666285056390973,0.00022360680391322028,0.0006630101812247616,0.8346023947453077,0.00047189105855500427,0.0006280259840813808
0.45,0.325,0.01539064154645464,0.015067210893652974,20.744125829203693,0.00023251159009960847,0.0002135492960068681,0.0006331889502829343,0.79706319630898,0.0004511002360019678,0.0006280461780841381
0.475,0.325,0.016728958202668086,0.015067210893652974,21.261384923713507,0.00022728389427750713,0.00020261035210830534,0.0006007541985237334,0.7562340774541343,0.0004260405839705153,0.0006280894821376236
0.5,0.325,0.018067274858881537,0.015067210893652974,21.742739411459326,0.0002208427263073119,0.0001907958373320095,0.0005657233164314583,0.7121369294582394,0.0003981507025926379,0.0006281129025390359
0.525,0.325,0.01940559151509498,0.015067210893652974,22.177667945240387,0.000213086121942438,0.00017850741849910834,0.0005292872748853813,0.6662709557665225,0.00037042380193085184,0.0006280906390224159
0.55,0.325,0.02074390817130843,0.015067210893652974,22.556050554554716,0.00020397435170402492,0.0001669894134338327,0.0004951355653128953,0.623280517005552,0.0003455267433294526,0.0006281100347456899
0.575,0.325,0.022082224827521875,0.015067210893652974,22.86869444789364,0.00019351512131339917,0.00015787342163051875,0.0004681059970180761,0.589255485314311,0.00032426748857655713,0.0006283120885526448
0.6,0.325,0.02342054148373532,0.015067210893652974,23.1079647568086,0.00018168639184353312,0.00015201753437553382,0.0004507428720942652,0.5673986480408546,0.0003054925127797064,0.0006286163079690782
0.625,0.325,0.02475885813994877,0.015067210893652974,23.268509362281392,0.0001684304299361604,0.00014906908567950233,0.0004420005106362194,0.5563936951528979,0.00028652607309970365,0.0006285943800025245
0.65,0.325,0.02609717479616222,0.015067210893652974,23.348041263191945,0.0001541060327147987,0.00014802966761793152,0.00043891856167353125,0.5525141137262737,0.0002659204260056776,0.0006280221155159398
0.675,0.325,0.027435491452375664,0.015067210893652974,23.348041113984607,0.0001400433816395253,0.00014802966761793152,0.00043891856167353125,0.5525141137262737,0.0002586979831206365,0.0006273728360743777
0.7,0.325,0.028773808108589108,0.015067210893652974,23.274109141835726,0.00012843131667550885,0.00014924504612718643,0.00044252224596030506,0.5570504596540112,0.00025577493490544983,0.0006273151202277859
0.725,0.325,0.03011212476480256,0.015067210893652974,23.13564561510711,0.000121622819963786,0.0001524673668640165,0.0004520766576253416,0.5690776276852646,0.00025332483366414935,0.0006276453566972835
0.75,0.325,0.031450441421016,0.015067210893652974,22.944692599633925,0.00012137030944302726,0.00015833659695137212,0.00046947934500232176,0.5909842664837838,0.0002566958312392625,0.000627247917463716
0.775,0.325,0.03278875807722945,0.015067210893652974,22.71411468576322,0.00012818034405026835,0.00016704124877745487,0.000495289260817537,0.6234739901072752,0.0002662667702907351,0.0006257526342222219
0.8,0.325,0.034127074733442904,0.015067210893652974,22.455621567772024,0.0001409630897276285,0.00017760162054886527,0.0005266015191184113,0.6628901054292419,0.00028198222607136,0.0006242502237264623
0.825,0.325,0.03546539138965634,0.015067210893652974,22.178183784736454,0.0001573615043951995,0.00018859314718283767,0.0005591921824524081,0.7039154869922303,0.0003040502488371675,0.0006241370386020381
0.85,0.325,0.03680370804586979,0.015067210893652974,21.88712797997716,0.00017457069813345123,0.00019859600217146374,0.0005888513635806702,0.7412506958575084,0.000331776653110151,0.0006249692392092828
0.875,0.325,0.03814202470208324,0.015067210893652974,21.58385033583676,0.00018998921451973677,0.00020672708357353132,0.0006129606020277718,0.7715995935264197,0.0003627315559176439,0.0006247270325934335
0.9,0.325,0.039480341358296686,0.015067210893652974,21.265908730716617,0.00020196117664227024,0.00021286605357810916,0.0006311630875695272,0.7945130245017968,0.0003936328400360007,0.0006224695737199895
0.925,0.325,0.04081865801451014,0.015067210893652974,20.927313567541923,0.00021027833806135581,0.00021746467452791936,0.0006447983278929876,0.8116771715226856,0.00042199848039324475,0.0006197523051166722
0.95,0.325,0.04215697467072358,0.015067210893652974,20.55906230641405,0.00021615117578228064,0.00022133510074394533,0.0006562744187005837,0.8261233642683854,0.00044694673313180704,0.0006189647603160002
0.975,0.325,0.043495291326937024,0.015067210893652974,20.150274861467633,0.00022116783398749032,0.00022522415140395372,0.0006678057323178792,0.8406390719182675,0.00046848058608649494,0.0006207709255004599
0.0,0.35,-0.00936821659349413,0.01622622711624166,19.808268266593082,0.00023166809040020336,0.00023487803479260873,0.0006964301876699574,0.876671759894481,0.0005023781728860114,0.0006285313235317904
0.025,0.35,-0.008029899937280682,0.01622622711624166,19.291775957011176,0.00023667078872444675,0.00023927932294566447,0.0007094803221243292,0.893099371077234,0.0005172484635888431,0.000630392271476929
0.05,0.35,-0.006691583281067235,0.01622622711624166,18.70204722750013,0.00024157452067098133,0.00024391876044050094,0.000723236586425778,0.9104158640269048,0.0005286767869994619,0.0006311490780092272
0.075,0.35,-0.005353266624853788,0.01622622711624166,18.049926892484624,0.0002459520088491444,0.0002482822484486835,0.0007361746407445542,0.926702387859538,0.0005373563195328495,0.0006311248848971707
0.1,0.35,-0.00401494996864034,0.01622622711624166,17.372349615826607,0.0002493525090040561,0.0002517899512374376,0.0007465752306235501,0.9397947316358263,0.0005439694924450547,0.0006307548510375976
0.125,0.35,-0.0026766333124268937,0.01622622711624166,16.73109798756476,0.0002514756722834611,0.00025405506431402426,0.0007532914530511338,0.9482491648865328,0.0005489862325540789,0.0006303158180748513
0.15,0.35,-0.0013383166562134473,0.01622622711624166,16.1976911703849,0.0002523537105751427,0.00025507358180205963,0.0007563114303170537,0.9520507358572183,0.0005526360561243852,0.0006299411837723663
0.175,0.35,0.0,0.01622622711624166,15.831507205141262,0.00025238060908150547,0.00025519989636546846,0.0007566859620402008,0.9525221993156967,0.000555031917915677,0.0006297076511892932
0.2,0.35,0.001338316656213449,0.01622622711624166,15.66410472023733,0.0002520771869390037,0.0002549258363070323,0.0007558733543474547,0.9514992824049767,0.0005561840484241349,0.0006296182169304463
0.225,0.35,0.0026766333124268946,0.01622622711624166,15.696575751759852,0.0002518010248063007,0.00025463770748249424,0.0007550190317560581,0.9504238544540101,0.0005559866298494511,0.0006295718431001313
0.25,0.35,0.004014949968640342,0.01622622711624166,15.907165319806701,0.0002516935017528809,0.0002545225762335162,0.0007546776593607925,0.9499941322164687,0.0005543477410000169,0.0006294971429494221
0.275,0.35,0.005353266624853791,0.01622622711624166,16.262354440786307,0.00025175819904085393,0.00025457551393277415,0.00075483462342881,0.9501917198112994,0.0005512649710949924,0.0006294237141457289
0.3,0.35,0.006691583281067235,0.01622622711624166,16.72621594906663,0.00025187987468165295,0.0002546129612558337,0.0007549456574224703,0.9503314902697798,0.0005467426512777921,0.0006293788340487189
0.325,0.35,0.008029899937280685,0.01622622711624166,17.26607905011722,0.0002518450230387177,0.0002542858140064786,0.00075397564240823,0.9491104277932905,0.0005407435132194466,0.0006293458646051868
0.35,0.35,0.00936821659349413,0.01622622711624166,17.854780698751135,0.00025142409266644096,0.0002530973650742613,0.0007504518062452142,0.9446745953074149,0.0005332207552225863,0.0006293196490676663
0.375,0.35,0.010706533249707577,0.01622622711624166,18.470648155305987,0.0002504273455035279,0.00025047760942004197,0.0007426840431867045,0.9348964744971576,0.000524108052418568,0.0006293156703564018
0.4,0.35,0.012044849905921027,0.01622622711624166,19.096369277946664,0.00024869261397783343,0.0002459708036563965,0.000729321041463112,0.9180750235521755,0.000513256669937611,0.0006293371048601326
0.425,0.35,0.013383166562134471,0.01622622711624166,19.717588810715394,0.00024606163528356555,0.00023943358725089653,0.0007099377268328555,0.8936751556970096,0.0005003941601152813,0.000629366047779529
0.45,0.35,0.014721483218347918,0.01622622711624166,20.321713185205446,0.0002423828695873514,0.0002310241472960653,0.0006850031353496051,0.862287297179552,0.00048514163990926834,0.0006293870054667553
0.475,0.35,0.016059799874561367,0.01622622711624166,20.89712600342421,0.00023752428940425544,0.00022089184154978358,0.0006549601234577396,0.8244689191510363,0.0004671078722116952,0.0006294115322158393
0.5,0.35,0.01739811653077481,0.01622622711624166,21.432831717990688,0.00023137552890277875,0.0002090208141985648,0.0006197616775351809,0.7801608404967781,0.0004461053164717168,0.0006294580775147699
0.525,0.35,0.018736433186988262,0.01622622711624166,21.918443594760664,0.00022383330160594505,0.0001955110682348658,0.000579704313613604,0.7297363179134682,0.0004224985234633571,0.0006294924604382502
0.55,0.35,0.020074749843201713,0.01622622711624166,22.344396330226203,0.00021481982414890162,0.00018131193524998114,0.0005376028678221941,0.6767386891065605,0.0003975250325508881,0.0006294920413815153
0.575,0.35,0.02141306649941515,0.01622622711624166,22.702277073543364,0.00020434845872201128,0.00016826955147784388,0.0004989312662562438,0.6280585750003836,0.00037307399413182636,0.0006296037637207997
0.6,0.35,0.0227513831556286,0.01622622711624166,22.985212202778314,0.00019247448131001012,0.0001582785531713809,0.0004693072410393946,0.5907676206709868,0.00035068017182095733,0.0006299728258675191
0.625,0.35,0.02408969981184205,0.01622622711624166,23.188296283183874,0.00017918445721742065,0.000152044883663453,0.00045082396469083355,0.5675007280348103,0.00033059424220102646,0.0006303101485200625
0.65,0.35,0.025428016468055502,0.01622622711624166,23.30907269016738,0.0001646725055797976,0.00014892691829591746,0.0004415789741663746,0.5558630617521332,0.0003119509965153599,0.0006301523942192956
0.675,0.35,0.026766333124268946,0.01622622711624166,23.348041436023443,0.00014993958849947057,0.00014802966761793152,0.00043891856167353125,0.5525141137262737,0.00029046867513141084,0.0006296326318371283
0.7,0.35,0.02810464978048239,0.01622622711624166,23.30907236552136,0.0001370722742889254,0.00014892691829591746,0.0004415789741663746,0.5558630617521332,0.0002723328089509902,0.0006294627646114364
0.725,0.35,0.02944296643669584,0.01622622711624166,23.199492041301305,0.00012876761365183755,0.00015225729038064083,0.00045145376581312276,0.5682935266067793,0.000262174601695731,0.000629833263288464
0.75,0.35,0.030781283092909284,0.01622622711624166,23.02959692055684,0.00012731279137692596,0.00015863898179474284,0.0004703759377101208,0.59211290438744,0.00026209215711366893,0.0006297749016303199
0.775,0.35,0.032119599749122735,0.01622622711624166,22.811506276048004,0.0001335365701110595,0.00016827336636459202,0.0004989425776685531,0.6280728138945494,0.0002705379905481565,0.0006284867156467989
0.8,0.35,0.033457916405336185,0.01622622711624166,22.557551362924425,0.00014631267599423125,0.0001801165569763124,0.0005340584856657153,0.6722769931636338,0.0002865131249610192,0.0006265208714618281
0.825,0.35,0.03479623306154962,0.01622622711624166,22.27860854401274,0.0001629786604410123,0.00019242286669042362,0.0005705475749553571,0.7182097437692938,0.0003096019974000872,0.0006253471928222038
0.85,0.35,0.03613454971776307,0.01622622711624166,21.98275941791931,0.00018038181971834032,0.00020354214110815126,0.0006035170196134299,0.7597119382216024,0.0003386929819351222,0.0006253501874115112
0.875,0.35,0.037472866373976524,0.01622622711624166,21.674435249476588,0.00019580402547654183,0.000212420904406574,0.0006298431884084707,0.7928515251284312,0.00037123294268807136,0.0006253867566064686
0.9,0.35,0.03881118303018997,0.01622622711624166,21.35396603671402,0.0002077234821626853,0.00021895107609097326,0.0006492056149363443,0.8172250988771653,0.0004039611988030789,0.0006245638783140128
0.925,0.35,0.04014949968640342,0.01622622711624166,21.017365240043794,0.00021605177820431648,0.00022365241264989566,0.0006631454143940542,0.8347726273150884,0.00043426056424420226,0.0006235978401712956
0.95,0.35,0.04148781634261686,0.01622622711624166,20.6562790310107,0.00022193330088494896,0.00022739363372917498,0.0006742384027216254,0.8487365676666079,0.0004609164161363866,0.0006239618290152225
0.975,0.35,0.042826132998830306,0.01622622711624166,20.25829858468441,0.00022682367326025253,0.00023095762019467953,0.0006848058777314369,0.8620389877490681,0.00048363608496085754,0.0006259757417755379
0.0,0.375,-0.010037374921600853,0.017385243338830354,19.947023768811228,0.00023633492717119926,0.00023950457538557027,0.0007101482117340802,0.8939401157347202,0.0005149080315845383,0.0006313434671539576
0.025,0.375,-0.008699058265387406,0.017385243338830354,19.471132190144786,0.00024069204617062977,0.00024321932677210252,0.0007211627155277371,0.9078052591419239,0.0005296327728303227,0.0006326197223860228
0.05,0.375,-0.007360741609173958,0.017385243338830354,18.910932521267483,0.0002451128869217482,0.0002473513162308484,0.0007334143600748553,0.9232277249926054,0.0005408412220130058,0.0006328740838704558
0.075,0.375,-0.006022424952960512,0.017385243338830354,18.257777931453877,0.0002493222800021664,0.00025152942341139444,0.0007458027469685984,0.9388223231772813,0.0005493598072238618,0.0006325532879487008
0.1,0.375,-0.004684108296747064,0.017385243338830354,17.529466083681086,0.0002528609849273233,0.0002551608419585556,0.0007565701629278671,0.952376430488611,0.0005559250094921977,0.0006320910606807661
0.125,0.375,-0.0033457916405336173,0.017385243338830354,16.780441842989465,0.00025529803955830134,0.0002577080839813728,0.0007641229178781448,0.9618838974128472,0.0005610253609929581,0.0006316972612222987
0.15,0.375,-0.002007474984320171,0.017385243338830354,16.09430639126022,0.00025647524293385797,0.0002589763204688482,0.0007678833298543529,0.9666175333802085,0.0005648591023667945,0.0006313944287831772
0.175,0.375,-0.0006691583281067236,0.017385243338830354,15.55756499650432,0.0002566162152737048,0.0002591985913287095,0.000768542378865826,0.9674471494235305,0.0005674523769403637,0.0006311522764969109
0.2,0.375,0.0006691583281067254,0.017385243338830354,15.231145495474443,0.0002562378345750376,0.0002588825264001362,0.0007676052237260677,0.9662674512137003,0.0005688097020440284,0.0006309838571764709
0.225,0.375,0.002007474984320171,0.017385243338830354,15.136926844306302,0.00025588787158559043,0.00025854496706491137,0.0007666043361318406,0.965007526092385,0.0005689399227974603,0.0006309183059987164
0.25,0.375,0.003345791640533618,0.017385243338830354,15.261981956772418,0.00025587011497342374,0.0002584962100613344,0.0007664597681258058,0.9648255427572011,0.0005677820724432548,0.0006309074050973847
0.275,0.375,0.004684108296747067,0.017385243338830354,15.572046943524999,0.0002561939096456353,0.0002587830732215746,0.0007673103379319525,0.9658962466727831,0.0005652498764086001,0.000630879784505805
0.3,0.375,0.006022424952960511,0.017385243338830354,16.02506830394462,0.0002567093742715712,0.00025925011917043945,0.0007686951626053438,0.9676394747881941,0.0005613272097054841,0.0006308414797089413
0.325,0.375,0.007360741609173962,0.017385243338830354,16.58033126268714,0.00025720298635722446,0.0002596093657172802,0.0007697603543345619,0.9689803464569007,0.0005560337471761549,0.000630827226414328
0.35,0.375,0.008699058265387406,0.017385243338830354,17.202783853342055,0.0002574158320173157,0.000259470089353607,0.0007693473899457183,0.9684605036586548,0.0005493542617600695,0.0006308297638805897
0.375,0.375,0.010037374921600853,0.017385243338830354,17.863976420524775,0.0002570785854099697,0.00025836706382878087,0.0007660768403009305,0.9643435102202871,0.0005412432335167748,0.0006308269006184462
0.4,0.375,0.011375691577814304,0.017385243338830354,18.541228863543033,0.00025596032223391274,0.0002558150064478716,0.0007585098074691867,0.9548180701873401,0.0005316373543598806,0.0006308180828593495
0.425,0.375,0.012714008234027747,0.017385243338830354,19.21620591271028,0.00025388250000158726,0.0002514258751433046,0.0007454957189408716,0.9384358338978538,0.0005204317359310003,0.0006308140957050199
0.45,0.375,0.014052324890241195,0.017385243338830354,19.87357572044534,0.00025070105005993383,0.00024501138684071544,0.000726476301921637,0.9144940431977625,0.0005074559816625496,0.0006308160960789171
0.475,0.375,0.015390641546454642,0.017385243338830354,20.500040818998393,0.0002462928645588289,0.00023653491635172968,0.0007013429601060192,0.8828559962095278,0.0004925022682699893,0.0006308303790028243
0.5,0.375,0.01672895820266809,0.017385243338830354,21.083788914311015,0.00024055421468928076,0.00022587723215092032,0.0006697421634855496,0.8430766665971482,0.00047539061157396195,0.0006308843055893186
0.525,0.375,0.018067274858881537,0.017385243338830354,21.614287468048712,0.00023338931956742482,0.00021290533559671496,0.0006312795615668248,0.7946596428793467,0.00045605193951353014,0.0006309629339037078
0.55,0.375,0.019405591515094987,0.017385243338830354,22.082305169638495,0.00022471869069572576,0.0001980036966594704,0.0005870951353354888,0.7390399420249805,0.00043475622099568617,0.0006310007028926489
0.575,0.375,0.020743908171308428,0.017385243338830354,22.480052999992527,0.0002145254682042387,0.00018260529628367472,0.0005414377758765618,0.6815661013189808,0.0004123595075116654,0.0006310524307507669
0.6,0.375,0.022082224827521875,0.017385243338830354,22.80137221922311,0.0002028535179310861,0.00016886260162206495,0.0005006897023892874,0.6302721081393978,0.00039010659405966077,0.0006313133571558966
0.625,0.375,0.023420541483735326,0.017385243338830354,23.041939039966756,0.00018974630228970861,0.00015859313471511095,0.0004702399978368996,0.5919417822132341,0.00036888781662157736,0.0006316995634766303
0.65,0.375,0.024758858139948776,0.017385243338830354,23.199492964728137,0.0001753603641269724,0.00015225729038064083,0.00045145376581312276,0.5682935266067793,0.0003486329135318352,0.0006317780913231454
0.675,0.375,0.02609717479616222,0.017385243338830354,23.274110036022194,0.0001604183777185733,0.00014924504612718643,0.00044252224596030506,0.5570504596540112,0.0003265409641449431,0.0006314094120005848
0.7,0.375,0.027435491452375664,0.017385243338830354,23.268509635563703,0.00014673192145217098,0.00014906908567950233,0.0004420005106362194,0.5563936951528979,0.00029907061844880846,0.0006311494735037939
0.725,0.375,0.028773808108589115,0.017385243338830354,23.188296032483656,0.00013708778378142443,0.000152044883663453,0.00045082396469083355,0.5675007280348103,0.00027844234265653385,0.0006314454754582299
0.75,0.375,0.03011212476480256,0.017385243338830354,23.041938162053622,0.00013419131256039708,0.00015859313471511095,0.0004702399978368996,0.5919417822132341,0.0002706080439739703,0.0006315143958293302
0.775,0.375,0.03145044142101601,0.017385243338830354,22.840278561427183,0.00013930215610668886,0.0001688841955457649,0.0005007537299189291,0.630352706493815,0.0002759582680928982,0.0006302214608353054
0.8,0.375,0.03278875807722946,0.017385243338830354,22.595500741596418,0.00015151768998785184,0.00018185250911698363,0.000539205708036599,0.6787563568878688,0.0002910889332016094,0.0006275876327951604
0.825,0.375,0.0341270747334429,0.017385243338830354,22.31971341973926,0.00016811956641649692,0.00019547498584562725,0.0005795973267464362,0.7296016420094277,0.00031448713566114845,0.000625117593282217
0.85,0.375,0.03546539138965635,0.017385243338830354,22.02346593741742,0.00018570006634036494,0.00020783547130029568,0.0006162470509851771,0.7757366011436962,0.00034454225255797186,0.0006239830054916918
0.875,0.375,0.0368037080458698,0.017385243338830354,21.714476306348665,0.00020129157503897063,0.00021764472178613996,0.0006453321809028816,0.8123491898613429,0.0003784291064466399,0.000623955606550935
0.9,0.375,0.03814202470208324,0.017385243338830354,21.396675496266035,0.00021330476063080448,0.00022471025663867421,0.0006662819975499933,0.838720982690912,0.00041273070211768776,0.0006243329304107246
0.925,0.375,0.03948034135829669,0.017385243338830354,21.06949466996432,0.0002216721220128044,0.00022957328740103977,0.0006807012318963188,0.8568720275113797,0.00044461495936060026,0.0006250884385582774
0.95,0.375,0.04081865801451014,0.017385243338830354,20.727266300523674,0.00022747538765563848,0.00023314334526687575,0.0006912867090427539,0.8701971088240322,0.00047254953931403007,0.0006267264719085665
0.975,0.375,0.04215697467072358,0.017385243338830354,20.35873334853088,0.0002320543836617105,0.00023624604442957023,0.0007004864341769781,0.8817777946799245,0.0004959947531019678,0.0006291168427596508
0.0,0.4,-0.010706533249707578,0.018544259561419044,20.049686704392773,0.00024082724214052352,0.00024382088972585273,0.0007229463927504519,0.9100505659617684,0.0005244751690378129,0.0006331420068780963
0.025,0.4,-0.009368216593494131,0.018544259561419044,19.64435837594127,0.00024421789837314695,0.00024656554062042616,0.0007310844791376445,0.9202948526706819,0.0005387779938060743,0.0006337039576546794
0.05,0.4,-0.008029899937280684,0.018544259561419044,19.16214176669154,0.000247739139108424,0.0002497860465959421,0.0007406335099054691,0.9323152471864959,0.0005496894379399373,0.0006335336041291926
0.075,0.4,-0.006691583281067237,0.018544259561419044,18.575005110405776,0.00025137851786572965,0.0002533537545165069,0.0007512120192959466,0.9456315574335257,0.0005581165006725145,0.0006330759135251324
0.1,0.4,-0.005353266624853789,0.018544259561419044,17.871912435011026,0.0002547771471023835,0.0002567996202408904,0.0007614292578522758,0.9584930971327261,0.0005647468437901471,0.0006326478610087762
0.125,0.4,-0.004014949968640343,0.018544259561419044,17.08079440294828,0.00025740036593099077,0.00025950614951896763,0.0007694543109174971,0.968595096613065,0.0005700047151910557,0.0006323710301226623
0.15,0.4,-0.0026766333124268963,0.018544259561419044,16.279029714089503,0.00025889725233430494,0.0002610767559577636,0.0007741112714455096,0.9744573149001715,0.0005740683080815852,0.0006322140617115465
0.175,0.4,-0.001338316656213449,0.018544259561419044,15.574328457237907,0.00025933807249506715,0.0002615724993518503,0.0007755811860983837,0.9763076549463736,0.000576962662037598,0.0006321063222307344
0.2,0.4,0.0,0.018544259561419044,15.064383345245805,0.0002591319478191179,0.00026141552465435564,0.0007751157448827665,0.9757217539087009,0.0005786555891990064,0.0006320108617668696
0.225,0.4,0.0013383166562134455,0.018544259561419044,14.804774980761852,0.0002588052396355472,0.0002611320096911816,0.0007742751027206124,0.9746635469889193,0.0005791212101580629,0.0006319269862669212
0.25,0.4,0.002676633312426893,0.018544259561419044,14.802373729298147,0.0002587907258371933,0.00026113185349664,0.000774274639592615,0.9746629639997788,0.0005783588027992682,0.0006318827067930481
0.275,0.4,0.004014949968640342,0.018544259561419044,15.028452962159413,0.0002592578107912738,0.00026157423130200846,0.0007755863214545899,0.9763141193728772,0.0005763438499807445,0.0006318732853047855
0.3,0.4,0.005353266624853786,0.018544259561419044,15.437189440752594,0.00026008932859470426,0.0002623567842487157,0.0007779066469631809,0.9792349632466187,0.0005730226821022229,0.0006318578761796486
0.325,0.4,0.006691583281067236,0.018544259561419044,15.979971018424699,0.0002610099117936617,0.0002632029675793554,0.0007804156411153199,0.982393304682506,0.0005683686433639983,0.0006318262555718092
0.35,0.4,0.00802989993728068,0.018544259561419044,16.61309806036789,0.00026171511097013644,0.0002637558413521522,0.0007820549514309341,0.9844568813120756,0.0005623903917489725,0.0006318032987719453
0.375,0.4,0.009368216593494127,0.018544259561419044,17.30037097144816,0.0002619175402439198,0.00026362127034662417,0.0007816559387658393,0.9839546010526585,0.0005550845747246337,0.0006318018825854567
0.4,0.4,0.010706533249707578,0.018544259561419044,18.012847818821548,0.000261357625714517,0.0002623926278574402,0.0007780129258290306,0.9793687479130702,0.0005464146019986479,0.0006318155959179315
0.425,0.4,0.012044849905921022,0.018544259561419044,18.727502569850273,0.00025982060832818743,0.00025966556085562823,0.0007699269769426759,0.9691900922974455,0.0005363124444228828,0.0006318399079004611
0.45,0.4,0.01338316656213447,0.018544259561419044,19.425759593880358,0.0002571430521188405,0.00025509202009694267,0.0007563661011813473,0.9521195559682127,0.0005246682876314804,0.0006318693092217147
0.475,0.4,0.014721483218347917,0.018544259561419044,20.092319110773417,0.0002532068561891643,0.0002484473897417986,0.0007366642965008184,0.9273187703501115,0.000511343879306107,0.0006318969374221741
0.5,0.4,0.016059799874561364,0.018544259561419044,20.714364641578715,0.00024792333125991353,0.00023957289470133127,0.0007103507833961725,0.8941951145252025,0.0004962095424573182,0.0006319361906379488
0.525,0.4,0.01739811653077481,0.018544259561419044,21.281097901705365,0.00024122173653107573,0.00022821212396623728,0.0006766652848688073,0.851791545869297,0.00047917837317708334,0.000632011614376291
0.55,0.4,0.018736433186988262,0.018544259561419044,21.783507279054056,0.0002330396690953803,0.00021430155448639367,0.0006354194505276033,0.7998709674388923,0.0004602739469094112,0.0006320864261577411
0.575,0.4,0.020074749843201702,0.018544259561419044,22.214284825514834,0.00022332624302840164,0.00019854896377720303,0.0005887118913742905,0.7410751271547322,0.0004398118054121383,0.0006321161416159452
0.6,0.4,0.02141306649941515,0.018544259561419044,22.56782761988511,0.0002120781342340452,0.00018271298655698776,0.0005417570852462942,0.6819680504476519,0.0004185329481218554,0.0006322324000274492
0.625,0.4,0.0227513831556286,0.018544259561419044,22.840280156940473,0.00019936388604112739,0.0001688841955457649,0.0005007537299189291,0.630352706493815,0.00039727121381178624,0.0006325454175766052
0.65,0.4,0.02408969981184205,0.018544259561419044,23.029598530067585,0.0001853502823106271,0.00015863898179474284,0.0004703759377101208,0.59211290438744,0.000376317267382799,0.0006328074658513501
0.675,0.4,0.025428016468055495,0.018544259561419044,23.135647167184548,0.0001705766078761264,0.0001524673668640165,0.0004520766576253416,0.5690776276852646,0.00035465850299232096,0.0006326736520064245
0.7,0.4,0.02676633312426894,0.018544259561419044,23.160358973630395,0.00015654485298265792,0.00015014944728942032,0.00044520386015083427,0.5604260965425192,0.00032575726130001123,0.0006324146539023022
0.725,0.4,0.02810464978048239,0.018544259561419044,23.107965199925157,0.00014591104381425204,0.00015201753437553382,0.0004507428720942652,0.5673986480408546,0.00030244101521269463,0.000632607313041106
0.75,0.4,0.029442966436695833,0.018544259561419044,22.98521209522322,0.00014159571285022641,0.0001582785531713809,0.0004693072410393946,0.5907676206709868,0.0002849509272674791,0.0006327628225000034
0.775,0.4,0.030781283092909284,0.018544259561419044,22.801371455298394,0.00014530473998153047,0.00016886260162206492,0.0005006897023892873,0.6302721081393977,0.00028334061476613614,0.0006316906253000968
0.8,0.4,0.032119599749122735,0.018544259561419044,22.567826105559355,0.00015655829428986825,0.00018271298655698776,0.0005417570852462942,0.6819680504476519,0.0002960248837978656,0.0006290069998750626
0.825,0.4,0.03345791640533617,0.018544259561419044,22.29713839057515,0.0001728200483032962,0.00019758759909022788,0.0005858613762549837,0.737486876457833,0.00031908966090450505,0.0006260462674246708
0.85,0.4,0.03479623306154962,0.018544259561419044,22.00172572564916,0.00019056442070653252,0.00021128363694087704,0.00062647110895768,0.7886067251772411,0.00034989045054759256,0.0006243913894688948
0.875,0.4,0.03613454971776307,0.018544259561419044,21.69241237325913,0.00020652732350694633,0.00022224301184324075,0.0006589664401057706,0.8295121018399929,0.0003850459758283446,0.0006244321185235082
0.9,0.4,0.03747286637397652,0.018544259561419044,21.377097225359595,0.00021887119472714005,0.00023006889667920262,0.0006821707488858776,0.8587218669758945,0.0004207180056937066,0.0006256142786343592
0.925,0.4,0.03881118303018997,0.018544259561419044,21.059615712554713,0.00022741023895094195,0.00023527006767915448,0.0006975925932435178,0.8781350051097607,0.00045373775930682565,0.000627381318722608
0.95,0.4,0.04014949968640341,0.018544259561419044,20.738708583158818,0.00023314038644952793,0.0002387446006982232,0.0007078948323808304,0.8911035442042231,0.00048232328602287335,0.0006295126733743305
0.975,0.4,0.041487816342616855,0.018544259561419044,20.406955713789266,0.00023730903356088186,0.00024136628695448924,0.0007156683198126172,0.9008888709002734,0.0005058661894530486,0.0006316390429506836
0.0,0.425,-0.0113756915778143,0.019703275784007733,20.066913357650428,0.0002452627294143737,0.0002480594539191044,0.0007355140390148795,0.9258708172424157,0.0005314304872813512,0.0006338140096855735
0.025,0.425,-0.010037374921600853,0.019703275784007733,19.743198563618904,0.0002475416099404094,0.0002497122157589082,0.0007404145961882423,0.9320396768893665,0.0005453687323403196,0.0006339037527462207
0.05,0.425,-0.008699058265387406,0.019703275784007733,19.36875615193634,0.0002498314871955286,0.0002517013746129981,0.0007463125945910404,0.9394641233467136,0.0005561050563424104,0.0006335659572972799
0.075,0.425,-0.007360741609173959,0.019703275784007733,18.904465887159585,0.0002523935237630153,0.00025415057499638056,0.0007535746490617639,0.9486056542366925,0.0005645623407650088,0.0006331601890967495
0.1,0.425,-0.006022424952960511,0.019703275784007733,18.31145076365641,0.0002551194643779709,0.00025685738531128487,0.0007616005354212964,0.9587087026744189,0.0005713556749633541,0.0006328467449314987
0.125,0.425,-0.004684108296747065,0.019703275784007733,17.575663392881275,0.00025754222212028677,0.0002593044434173063,0.0007688562378862823,0.9678422376099614,0.0005768333366125354,0.0006326638249015
0.15,0.425,-0.003345791640533618,0.019703275784007733,16.739474872035768,0.00025916446991795154,0.00026097077921122133,0.0007737970428053208,0.9740617614335344,0.0005811444470240033,0.0006325792416650252
0.175,0.425,-0.002007474984320171,0.019703275784007733,15.90895399502238,0.0002598743999005935,0.0002617299590199841,0.0007760480652866642,0.9768953661152668,0.0005843220883604998,0.000632535642890088
0.2,0.425,-0.0006691583281067219,0.019703275784007733,15.215791331383139,0.00025998215706781824,0.00026188090788713996,0.000776495639483948,0.9774587760107065,0.0005863559200044462,0.0006324986115503065
0.225,0.425,0.0006691583281067236,0.019703275784007733,14.762107781913318,0.0002599445319961115,0.00026187473402749053,0.0007764773335481116,0.9774357323556921,0.0005872240200199298,0.0006324637205917436
0.25,0.425,0.002007474984320171,0.019703275784007733,14.590702247408505,0.0002601484202566971,0.0002620974233249286,0.0007771376232569547,0.9782669101985546,0.0005868972537572319,0.000632429151505642
0.275,0.425,0.00334579164053362,0.019703275784007733,14.689909711071596,0.00026080518883595053,0.00026275282616436006,0.0007790809395950181,0.9807131719837043,0.0005853607239790161,0.0006324072156564265
0.3,0.425,0.004684108296747064,0.019703275784007733,15.015701650743228,0.0002618944665654456,0.0002638131414220619,0.0007822248502402286,0.984670751260256,0.0005826017332985817,0.0006324066687609178
0.325,0.425,0.0060224249529605145,0.019703275784007733,15.51306199606639,0.00026318587774105766,0.00026504903398046975,0.000785889360151306,0.9892836649589618,0.0005785930671828699,0.0006324135922359377
0.35,0.425,0.007360741609173958,0.019703275784007733,16.129190653347152,0.0002643417822673155,0.0002661187245442406,0.000789061069250173,0.9932762371461037,0.0005733072203964681,0.0006324133369166701
0.375,0.425,0.008699058265387406,0.019703275784007733,16.81906583696702,0.0002650237469886649,0.0002666478354084339,0.0007906299208406323,0.9952511197821118,0.0005667280561262893,0.000632407036348194
0.4,0.425,0.010037374921600856,0.019703275784007733,17.54641966649217,0.0002649467509873349,0.00026628128303832216,0.0007895430668224046,0.9938829794548006,0.0005588378130403499,0.0006324032098714831
0.425,0.425,0.0113756915778143,0.019703275784007733,18.282720702017254,0.00026388600395160766,0.0002646865071208822,0.0007848144420599618,0.9879305496696406,0.0005495961479602172,0.0006324057136509853
0.45,0.425,0.012714008234027747,0.019703275784007733,19.005642407010598,0.00026167720008798045,0.00026153760465889,0.0007754777208357061,0.9761774120655718,0.0005389298662064158,0.0006324164815655435
0.475,0.425,0.014052324890241195,0.019703275784007733,19.69764874267113,0.0002582067171589044,0.00025653350731441013,0.0007606402139747004,0.9574998425365946,0.0005267299693413744,0.0006324319828633015
0.5,0.425,0.015390641546454642,0.019703275784007733,20.344872819939983,0.00025339517695672673,0.00024944075829159355,0.0007396097053644866,0.9310264740336062,0.0005128776041892771,0.0006324487865789852
0.525,0.425,0.01672895820266809,0.019703275784007733,20.93628601209724,0.0002471895957984084,0.00024004479448708476,0.0007117500000434163,0.8959564593697115,0.0004972908374294733,0.0006324930249402258
0.55,0.425,0.01806727485888154,0.019703275784007733,21.46311555184608,0.0002395428836409283,0.00022804678310776405,0.0006761750373869697,0.8511744185099499,0.0004799343178376692,0.0006325647896221608
0.575,0.425,0.01940559151509498,0.019703275784007733,21.91847124135559,0.00023040586968961618,0.00021357027706008175,0.0006332511606077098,0.7971415071517179,0.0004609060131107052,0.0006326107053184422
0.6,0.425,0.020743908171308428,0.019703275784007733,22.29714073547177,0.00021974968295200274,0.0001975875990902279,0.0005858613762549838,0.7374868764578331,0.0004406329293574893,0.0006326737399289604
0.625,0.425,0.02208222482752188,0.019703275784007733,22.595503127468483,0.00020761248787931475,0.00018185250911698363,0.000539205708036599,0.6787563568878688,0.00041979579641052774,0.0006328765518107151
0.65,0.425,0.02342054148373533,0.019703275784007733,22.811508638090835,0.0001941408640530241,0.00016827336636459202,0.0004989425776685531,0.6280728138945494,0.0003988568387220745,0.0006331279635045527
0.675,0.425,0.024758858139948773,0.019703275784007733,22.94469487211331,0.00017978846435211612,0.00015833659695137212,0.00046947934500232176,0.5909842664837838,0.0003776413420592918,0.0006331224175235323
0.7,0.425,0.026097174796162217,0.019703275784007733,22.99625533951854,0.00016582089739997655,0.00015292577318322373,0.0004534358651783019,0.5707886087693878,0.000353373521874925,0.0006329673240505039
0.725,0.425,0.027435491452375668,0.019703275784007733,22.96920984142542,0.00015462745326918272,0.00015266490060940788,0.0004526623593215242,0.5698149135552001,0.00032378169532994573,0.000633152802322034
0.75,0.425,0.02877380810858911,0.019703275784007733,22.868695121641863,0.0001491170328191273,0.00015787342163051875,0.0004681059970180761,0.589255485314311,0.0003066896094881872,0.0006333531944075308
0.775,0.425,0.030112124764802562,0.019703275784007733,22.702277170817375,0.00015134552304230375,0.00016826955147784388,0.0004989312662562438,0.6280585750003836,0.00029501146325405656,0.0006325257227004506
0.8,0.425,0.03145044142101601,0.019703275784007733,22.48005241292778,0.00016134514793434053,0.00018260529628367472,0.0005414377758765618,0.6815661013189808,0.0003020530263080888,0.0006301040792850464
0.825,0.425,0.032788758077229446,0.019703275784007733,22.21428345697213,0.00017696311596253111,0.00019854896377720306,0.0005887118913742905,0.7410751271547323,0.0003236294679360497,0.000627166693787213
0.85,0.425,0.0341270747334429,0.019703275784007733,21.918469004398183,0.0001947405066434484,0.00021357027706008175,0.0006332511606077098,0.7971415071517179,0.00035467465392743274,0.0006253674908672068
0.875,0.425,0.03546539138965635,0.019703275784007733,21.60598230436349,0.00021116637231351822,0.00022585544411560016,0.0006696775604010578,0.8429953437297901,0.00039074676505428314,0.0006254411709389024
0.9,0.425,0.0368037080458698,0.019703275784007733,21.288551972150657,0.00022405246404190522,0.00023471743154078277,0.000695953987530986,0.8760723154400545,0.00042740009330789535,0.0006269735387162961
0.925,0.425,0.03814202470208325,0.019703275784007733,20.974809661363295,0.00023295709491734997,0.0002405163147606522,0.0007131480914098598,0.8977163877019596,0.000461094258542294,0.0006291312364959376
0.95,0.425,0.039480341358296686,0.019703275784007733,20.66894695284405,0.00023873296163352334,0.00024411076744203068,0.0007238059009307608,0.9111325215725614,0.0004898872458311642,0.0006312748716175792
0.975,0.425,0.04081865801451014,0.019703275784007733,20.369337788864872,0.00024253503305968254,0.0002463762813040665,0.0007305233117158929,0.9195884507370317,0.0005132251648178576,0.0006329448782593136
0.0,0.45,-0.012044849905921024,0.020862292006596426,19.968013967593713,0.00024977903868423723,0.00025235151217575097,0.0007482402990068198,0.9418907327221512,0.0005365404843210545,0.0006339024669997901
0.025,0.45,-0.010706533249707577,0.020862292006596426,19.715933860358447,0.0002510552705946655,0.00025303409648267874,0.0007502642103418836,0.9444384481190341,0.0005502370507402833,0.0006337333234760695
0.05,0.45,-0.00936821659349413,0.020862292006596426,19.451384101086973,0.0002520251109708748,0.0002537070596760555,0.0007522595943865099,0.946950253139894,0.0005609338470076693,0.000633392278105899
0.075,0.45,-0.008029899937280684,0.020862292006596426,19.13687103268269,0.0002531191281690038,0.00025466428730841923,0.0007550978428427292,0.9505230624654869,0.0005695109038168049,0.0006331346303690688
0.1,0.45,-0.006691583281067235,0.020862292006596426,18.720037957141344,0.00025451319359190845,0.0002559879566169409,0.0007590226171016788,0.955463598958159,0.0005765033801654466,0.0006329759991058074
0.125,0.45,-0.005353266624853788,0.020862292006596426,18.147142153864188,0.000256023775057389,0.00025746120207188896,0.0007633908953426789,0.9609624217275434,0.0005822035877974484,0.0006328762397546735
0.15,0.45,-0.004014949968640342,0.020862292006596426,17.400214760230327,0.0002572247012168781,0.0002586514637282257,0.0007669201063624783,0.9654050201251202,0.0005867544879794162,0.0006328139484113711
0.175,0.45,-0.0026766333124268946,0.020862292006596426,16.541518286516105,0.00025787924474518823,0.0002593210140026662,0.0007689053708581338,0.9679040865786942,0.0005902053409902197,0.0006327751297769078
0.2,0.45,-0.0013383166562134455,0.020862292006596426,15.710907518357416,0.0002581977187246843,0.0002596740039330293,0.0007699520112715954,0.9692216057062265,0.0005925569420041389,0.000632743271210859
0.225,0.45,0.0,0.020862292006596426,15.060349259719299,0.0002585580166579337,0.0002600710890179337,0.0007711293969749673,0.9707037080259193,0.0005937923361162445,0.0006327079438128021
0.25,0.45,0.0013383166562134473,0.020862292006596426,14.687401687095797,0.000259227772578091,0.0002607629683642341,0.0007731808687671867,0.973286116741538,0.0005938957046601204,0.000632679855264714
0.275,0.45,0.0026766333124268963,0.020862292006596426,14.615948631554538,0.0002603276441189654,0.00026186454054362033,0.0007764471091387026,0.9773976856330523,0.0005928426010159392,0.000632659394355108
0.3,0.45,0.00401494996864034,0.020862292006596426,14.815154386142208,0.0002618253330654752,0.0002633437886723248,0.0007808331857371113,0.9829189131137617,0.0005906090146780766,0.0006326436254145177
0.325,0.45,0.005353266624853791,0.020862292006596426,15.228328066469594,0.00026352860835911435,0.00026500980367167676,0.0007857730394773052,0.9891372395859757,0.0005871763260704796,0.0006326343173055752
0.35,0.45,0.006691583281067235,0.020862292006596426,15.794375143657124,0.00026513063052208445,0.000266557789370185,0.0007903629278909852,0.9949150269716756,0.000582526794923373,0.0006326315669352319
0.375,0.45,0.008029899937280682,0.020862292006596426,16.458616842333633,0.00026629092086892286,0.00026763867654039917,0.0007935678357295021,0.9989493899915965,0.0005766403596519184,0.0006326334807817686
0.4,0.45,0.009368216593494133,0.020862292006596426,17.17625615205565,0.0002667030819363423,0.00026792015613789064,0.000794402442886699,1.0,0.0005694899465090376,0.0006326363418224358
0.425,0.45,0.010706533249707577,0.020862292006596426,17.912252890837692,0.0002661307348202183,0.0002671210982631292,0.0007920331790848682,0.9970175522204824,0.0005610395340734397,0.0006326407118387677
0.45,0.45,0.012044849905921024,0.020862292006596426,18.639915355246394,0.00026440823625617494,0.0002649946670902185,0.0007857281584296799,0.9890807429726696,0.0005512338019871935,0.0006326547843236233
0.475,0.45,0.013383166562134471,0.020862292006596426,19.339236689806775,0.00026142693720486866,0.00026128504422919533,0.0007747288610812996,0.9752347415575541,0.0005399797261424783,0.0006326797680495602
0.5,0.45,0.014721483218347918,0.020862292006596426,19.995332462293174,0.0002571218582553329,0.0002557371666605492,0.0007582790069273609,0.95452753666256,0.0005271592523430666,0.0006327030783414135
0.525,0.45,0.016059799874561367,0.020862292006596426,20.5970954318212,0.0002514468497229536,0.0002481403899661272,0.0007357540201883728,0.9261729074180467,0.000512671186650163,0.0006327301991280526
0.55,0.45,0.017398116530774818,0.020862292006596426,21.136127673961724,0.0002443656380820191,0.0002382405786338821,0.0007064003708779964,0.8892223043915616,0.0004964681974159605,0.0006327939554605425
0.575,0.45,0.018736433186988255,0.020862292006596426,21.605985492063127,0.00023584803465846486,0.00022585544411560016,0.0006696775604010578,0.8429953437297901,0.0004785684753511202,0.0006328703110084547
0.6,0.45,0.020074749843201706,0.020862292006596426,22.001728968913866,0.00022585305806308188,0.00021128363694087704,0.00062647110895768,0.7886067251772411,0.00045918432427863364,0.0006329137826634508
0.625,0.45,0.021413066499415156,0.020862292006596426,22.31971664864137,0.0002143815892361481,0.00019547498584562728,0.0005795973267464363,0.7296016420094278,0.000438839215336032,0.0006329995911156713
0.65,0.45,0.022751383155628607,0.020862292006596426,22.55755451715939,0.00020155709328021327,0.0001801165569763124,0.0005340584856657153,0.6722769931636338,0.00041810313540353183,0.0006331716176424919
0.675,0.45,0.02408969981184205,0.020862292006596426,22.714117709281574,0.0001877804281695967,0.00016704124877745487,0.000495289260817537,0.6234739901072752,0.00039724202822330804,0.0006332258179542365
0.7,0.45,0.025428016468055495,0.020862292006596426,22.789615754179046,0.0001741150908751326,0.00015797287362787096,0.00046840087930982087,0.5896266854464169,0.000375596204360144,0.0006331268087448425
0.725,0.45,0.026766333124268946,0.020862292006596426,22.785741991304988,0.00016265518938702336,0.00015454496779158445,0.0004582368931074164,0.5768321802262787,0.00034658223430354776,0.0006332277837332186
0.75,0.45,0.02810464978048239,0.020862292006596426,22.705977606858568,0.00015618848037947166,0.00015758366989605818,0.00046724686238257794,0.5881739999246436,0.00032716205791120424,0.0006334047072956294
0.775,0.45,0.02944296643669584,0.020862292006596426,22.55605151119232,0.00015699204659802693,0.0001669894134338327,0.0004951355653128953,0.623280517005552,0.000313373927017255,0.0006328843251617805
0.8,0.45,0.03078128309290929,0.020862292006596426,22.344396687030656,0.000165588419312886,0.0001813119352499811,0.000537602867822194,0.6767386891065604,0.0003105889994939402,0.0006309393370316728
0.825,0.45,0.03211959974912273,0.020862292006596426,22.082304817585914,0.00018034030094036591,0.00019800369665947038,0.0005870951353354888,0.7390399420249804,0.0003284139222283581,0.0006282818800395023
0.85,0.45,0.03345791640533618,0.020862292006596426,21.78350611959928,0.0001980269653633687,0.00021430155448639367,0.0006354194505276033,0.7998709674388923,0.0003589706738629266,0.0006264764869120926
0.875,0.45,0.03479623306154963,0.020862292006596426,21.463113493968798,0.0002149606610334478,0.00022804678310776405,0.0006761750373869697,0.8511744185099499,0.0003955835901350792,0.0006264910111487059
0.9,0.45,0.03613454971776307,0.020862292006596426,21.136124624750327,0.0002285494502436393,0.0002382405786338821,0.0007064003708779964,0.8892223043915616,0.00043290425916807075,0.0006280879302809485
0.925,0.45,0.037472866373976524,0.020862292006596426,20.815786163399878,0.0002380074451933719,0.00024497191448645116,0.0007263592635654863,0.9143467144008803,0.00046696540864938393,0.000630312499398027
0.95,0.45,0.03881118303018997,0.020862292006596426,20.512025168901985,0.00024401772793667363,0.0002490123191218557,0.000738339352554999,0.9294273439945905,0.0004957151571907351,0.0006322776011316129
0.975,0.45,0.04014949968640341,0.020862292006596426,20.22992635234109,0.0002476525124865088,0.00025121115688564374,0.0007448590639356006,0.9376344076044534,0.0005187199879900594,0.0006335013719046876
0.0,0.475,-0.012714008234027747,0.02202130822918511,19.747278570234876,0.00025428423484737654,0.0002565970206212015,0.0007608285354761439,0.9577369031135474,0.0005403388527074033,0.0006337957525273301
0.025,0.475,-0.0113756915778143,0.02202130822918511,19.53995606901057,0.0002548542929276808,0.00025664164024761073,0.0007609608358626887,0.9579034438734979,0.0005539085834433833,0.0006335216387641596
0.05,0.475,-0.010037374921600853,0.02202130822918511,19.360583525592666,0.00025470089691710483,0.0002562116298002459,0.0007596858241025523,0.9562984491110155,0.0005646519258757504,0.0006332339175976127
0.075,0.475,-0.008699058265387406,0.02202130822918511,19.18348208934021,0.0002542739405613318,0.0002556402406046241,0.0007579916142327751,0.9541657644938574,0.0005733847786145641,0.00063309678556909
0.1,0.475,-0.007360741609173958,0.02202130822918511,18.962351138397494,0.00025388597253750027,0.00025515655856949673,0.0007565574623726671,0.9523604429305242,0.0005805769259117274,0.0006330446928396394
0.125,0.475,-0.006022424952960512,0.02202130822918511,18.62820651393951,0.0002536681434483697,0.00025486050699179857,0.0007556796482509747,0.9512554436577342,0.000586484732132457,0.0006329951371629221
0.15,0.475,-0.0046841082967470655,0.02202130822918511,18.106831982531382,0.00025353344489330087,0.00025466162150295006,0.0007550899385386727,0.950513112465802,0.0005912554199799767,0.0006329358123343636
0.175,0.475,-0.003345791640533618,0.02202130822918511,17.374646674581218,0.0002533552387449467,0.00025444071786304064,0.000754434943432234,0.9496885995098012,0.0005949602203490608,0.000632880387937919
0.2,0.475,-0.002007474984320169,0.02202130822918511,16.520110232857856,0.00025335323872168185,0.0002544286214047779,0.0007543990765675207,0.9496434500203522,0.0005976181891988051,0.0006328386616678319
0.225,0.475,-0.0006691583281067236,0.02202130822918511,15.720053135351117,0.0002539362980750608,0.00025502901180053666,0.0007561792770718492,0.9518843803199365,0.0005992204016920782,0.0006328112467530398
0.25,0.475,0.0006691583281067236,0.02202130822918511,15.139266533382765,0.00025522273889645654,0.0002563390083639716,0.0007600635106628086,0.9567738839030887,0.0005997389073459452,0.0006327850847076906
0.275,0.475,0.0020074749843201727,0.02202130822918511,14.861614463373758,0.0002570738116113453,0.000258201016042689,0.000765584496728096,0.9637237442852209,0.0005991506169106985,0.0006327648214539362
0.3,0.475,0.0033457916405336165,0.02202130822918511,14.889093153478564,0.00025929531956292917,0.0002604123598071546,0.0007721412892959894,0.9719774859832794,0.0005974339098124288,0.0006327534234221871
0.325,0.475,0.004684108296747067,0.02202130822918511,15.174058931092553,0.000261660109961134,0.00026274714317767043,0.0007790640891326482,0.980691960490058,0.0005945666612411411,0.0006327477140463161
0.35,0.475,0.006022424952960511,0.02202130822918511,15.651034270474108,0.00026388165368481156,0.00026492470697712565,0.0007855207216860368,0.988819619979531,0.0005905270439927896,0.0006327448567813329
0.375,0.475,0.007360741609173958,0.02202130822918511,16.25600047970778,0.0002656411430085901,0.00026663223412098594,0.0007905836619064801,0.9951928886744831,0.0005852933704723842,0.0006327435344747161
0.4,0.475,0.008699058265387409,0.02202130822918511,16.934622470375338,0.00026664175383455817,0.0002675657462520066,0.0007933515922034656,0.9986771809519935,0.0005788417689116419,0.0006327469940684094
0.425,0.475,0.010037374921600853,0.02202130822918511,17.644213610657808,0.00026664691745985624,0.00026747184301278927,0.0007930731623768168,0.9983266913114568,0.000571136361488116,0.000632754982523015
0.45,0.475,0.0113756915778143,0.02202130822918511,18.352949493837457,0.00026548945172816783,0.0002661556451273313,0.0007891705414221172,0.9934140415712089,0.0005621205202509758,0.0006327639129887731
0.475,0.475,0.012714008234027747,0.02202130822918511,19.038053509678495,0.00026306792228734954,0.00026344960629933394,0.0007811469425764932,0.983313872673858,0.000551716893260689,0.0006327807796911968
0.5,0.475,0.014052324890241195,0.02202130822918511,19.683679689576255,0.0002593255133985744,0.00025915374187858545,0.000768409397035514,0.9672797508568434,0.000539814293800246,0.0006328064010512763
0.525,0.475,0.015390641546454642,0.02202130822918511,20.27886257912187,0.00025422521169972997,0.0002530625935569239,0.0007503487062070765,0.9445448121741166,0.0005262843830721081,0.000632828866783912
0.55,0.475,0.016728958202668093,0.02202130822918511,20.81579031402427,0.0002477424243745676,0.00024497191448645116,0.0007263592635654863,0.9143467144008803,0.0005110520847360461,0.0006328731520140282
0.575,0.475,0.018067274858881533,0.02202130822918511,21.28855619791213,0.00023985613271841326,0.00023471743154078277,0.000695953987530986,0.8760723154400545,0.0004940972796668731,0.0006329558202131222
0.6,0.475,0.01940559151509498,0.02202130822918511,21.692416574361488,0.00023053147167091502,0.00022224301184324075,0.0006589664401057706,0.8295121018399929,0.00047550073286240993,0.0006330127425486822
0.625,0.475,0.02074390817130843,0.02202130822918511,22.023470041002188,0.00021975408791776065,0.00020783547130029568,0.0006162470509851771,0.7757366011436962,0.000455623025802071,0.0006330276465629498
0.65,0.475,0.022082224827521882,0.02202130822918511,22.278612498141342,0.00020761265734282755,0.00019242286669042362,0.0005705475749553571,0.7182097437692938,0.00043507151081796506,0.0006330851536783302
0.675,0.475,0.023420541483735326,0.02202130822918511,22.455625332423132,0.00019446275636375614,0.0001776016205488653,0.0005266015191184113,0.662890105429242,0.0004144211072618588,0.0006331543174414484
0.7,0.475,0.02475885813994877,0.02202130822918511,22.553312678002406,0.00018122639881314927,0.00016543633993003362,0.0004905305911923008,0.6174837396141573,0.0003938398752656408,0.0006331585611541665
0.725,0.475,0.02609717479616222,0.02202130822918511,22.571694053096273,0.0001697272725720126,0.00015818426073495407,0.0004690276572151575,0.5904156783692723,0.00037112084843036065,0.0006332268078819092
0.75,0.475,0.027435491452375664,0.02202130822918511,22.512331861255856,0.00016253017211945956,0.00015785391954690992,0.0004680481719440557,0.5891826946594759,0.0003426557431386057,0.0006333204274372119
0.775,0.475,0.028773808108589115,0.02202130822918511,22.37886250561403,0.00016197321380048935,0.00016504059316733419,0.0004893571737100748,0.6160066325222379,0.00033330531507926595,0.0006329744812180232
0.8,0.475,0.030112124764802566,0.02202130822918511,22.177669229135248,0.00016899997718641138,0.00017850741849910834,0.0005292872748853813,0.6662709557665225,0.00032410537770422346,0.0006314395024274443
0.825,0.475,0.031450441421016,0.02202130822918511,21.918444259493903,0.00018258069482103014,0.00019551106823486577,0.0005797043136136038,0.729736317913468,0.0003338865432899011,0.0006291050532466901
0.85,0.475,0.03278875807722945,0.02202130822918511,21.61428740495493,0.00019992989928662992,0.000212905335596715,0.0006312795615668248,0.7946596428793468,0.0003626272633375385,0.0006273397373942021
0.875,0.475,0.034127074733442904,0.02202130822918511,21.281097013550642,0.00021734081748592555,0.00022821212396623728,0.0006766652848688073,0.851791545869297,0.0003993824016973032,0.0006272443796243877
0.9,0.475,0.03546539138965635,0.02202130822918511,20.936284208403478,0.00023182021699354738,0.00024004479448708476,0.0007117500000434163,0.8959564593697115,0.0004371662193304737,0.0006287692905816762
0.925,0.475,0.0368037080458698,0.02202130822918511,20.59709261649649,0.00024212335798831546,0.0002481403899661272,0.0007357540201883728,0.9261729074180467,0.0004714622344273567,0.0006309459434367799
0.95,0.475,0.03814202470208324,0.02202130822918511,20.27885863029733,0.00024867063762207796,0.0002530625935569239,0.0007503487062070765,0.9445448121741166,0.0005001058873746962,0.0006327454464756357
0.975,0.475,0.039480341358296686,0.02202130822918511,19.993379192394222,0.00025244381842955393,0.00025561912914606733,0.0007579290172468218,0.9540869669190087,0.0005228060817934326,0.0006336685877498579
0.0,0.5,-0.013383166562134471,0.023180324451773805,19.424153764366825,0.0002584810500264302,0.0002604655361261054,0.0007722989608884786,0.9721759642154413,0.0005430782654503867,0.0006336009114788434
0.025,0.5,-0.012044849905921024,0.023180324451773805,19.225640902093105,0.0002587881138526361,0.00026034954319213184,0.0007719550335355147,0.971743025777193,0.0005566311981202982,0.0006333444007063406
0.05,0.5,-0.010706533249707577,0.023180324451773805,19.089404431412426,0.00025794326486896336,0.0002592763756499104,0.0007687730149466308,0.9677374759234928,0.0005674728032375562,0.0006331363129318398
0.075,0.5,-0.009368216593494131,0.023180324451773805,19.005336264301675,0.0002563274733832537,0.00025753014131018047,0.0007635953051194533,0.9612197343511447,0.0005763597780820218,0.0006330614592690752
0.1,0.5,-0.008029899937280682,0.023180324451773805,18.94556208465074,0.000254201507040002,0.00025531177255158866,0.0007570176829410686,0.9529397721767047,0.0005837305086666024,0.0006330437806492328
0.125,0.5,-0.0066915832810672355,0.023180324451773805,18.854997754285982,0.00025178319378595294,0.000252806488993455,0.000749589337842311,0.9435889133452987,0.0005898391520998117,0.000633008997292622
0.15,0.5,-0.005353266624853789,0.023180324451773805,18.6444516763234,0.00024930097515954257,0.00025022946024594745,0.0007419482631209467,0.9339702688033732,0.0005948371851650507,0.0006329515525502403
0.175,0.5,-0.004014949968640342,0.023180324451773805,18.211325943516027,0.0002470427264488721,0.00024786898907189735,0.0007349492971078634,0.9251599157187952,0.0005988027453200423,0.0006328931112512194
0.2,0.5,-0.002676633312426893,0.023180324451773805,17.52295731754419,0.0002455569211937203,0.00024629982173938537,0.0007302966036330061,0.9193030688315293,0.000601763136174453,0.0006328457962035642
0.225,0.5,-0.0013383166562134473,0.023180324451773805,16.700657390050644,0.00024558550304358876,0.0002462902117715204,0.0007302681093903255,0.919267200056281,0.000603712779711454,0.0006328132332679654
0.25,0.5,0.0,0.023180324451773805,15.958791293742506,0.0002472964926782639,0.0002480000184265598,0.0007353378085246012,0.9256489769247577,0.0006046349465771416,0.0006327984747390335
0.275,0.5,0.001338316656213449,0.023180324451773805,15.465321110630878,0.00025015584005692117,0.00025086796239719844,0.000743841467708664,0.9363534495257761,0.0006044975796413929,0.0006327860609121242
0.3,0.5,0.002676633312426893,0.023180324451773805,15.283796650352858,0.00025353227421293014,0.00025424233700015837,0.0007538467299720473,0.9489481518117184,0.0006032736565305914,0.000632774105790159
0.325,0.5,0.004014949968640344,0.023180324451773805,15.395145780709058,0.0002569815276227157,0.0002576721372787904,0.0007640163333316261,0.9617497279531821,0.0006009422675520268,0.0006327664493840045
0.35,0.5,0.005353266624853787,0.023180324451773805,15.739168297583902,0.00026017925544929673,0.00026083475590955526,0.0007733937239782093,0.9735540605437363,0.0005974830578081792,0.0006327626048905942
0.375,0.5,0.006691583281067235,0.023180324451773805,16.245673977788577,0.00026283300613165207,0.00026344597596231103,0.0007811361783673309,0.9833003226032875,0.0005928752887433019,0.0006327634145348749
0.4,0.5,0.008029899937280685,0.023180324451773805,16.85082392858882,0.00026467119596625414,0.0002652408781383572,0.0007864581918132317,0.9899997146980068,0.0005870912175342394,0.0006327655774726835
0.425,0.5,0.00936821659349413,0.023180324451773805,17.503352189604094,0.0002654680437377872,0.0002659893468737775,0.0007886774551953275,0.9927933407775433,0.0005800953741449925,0.0006327712022174183
0.45,0.5,0.010706533249707577,0.023180324451773805,18.165485364541006,0.00026506296433516147,0.0002655185163775641,0.0007872814090681187,0.9910359870084187,0.0005718350127728937,0.0006327807380501267
0.475,0.5,0.012044849905921024,0.023180324451773805,18.81133294410205,0.0002633542963509551,0.00026371438629934794,0.0007819320342316743,0.9843021521815697,0.0005622335272730188,0.0006327936428603765
0.5,0.5,0.013383166562134471,0.023180324451773805,19.42415500796561,0.00026028877149498515,0.0002604655361261054,0.0007722989608884786,0.9721759642154413,0.0005511875325448092,0.0006328170720988704
0.525,0.5,0.014721483218347918,0.023180324451773805,19.993384450045447,0.00025584461181466856,0.00025561912914606733,0.0007579290172468218,0.9540869669190087,0.0005385596182110769,0.0006328484221732305
0.55,0.5,0.016059799874561367,0.023180324451773805,20.512030567175852,0.00025000464769917095,0.0002490123191218557,0.000738339352554999,0.9294273439945905,0.0005242217910116145,0.0006328800356631885
0.575,0.5,0.01739811653077481,0.023180324451773805,20.97481502774403,0.0002427566214422842,0.0002405163147606522,0.0007131480914098598,0.8977163877019596,0.0005081093878523668,0.0006329370168673389
0.6,0.5,0.018736433186988255,0.023180324451773805,21.377102438194598,0.0002340864350956386,0.00023006889667920262,0.0006821707488858776,0.8587218669758945,0.0004902454122931122,0.0006330065392444256
0.625,0.5,0.020074749843201706,0.023180324451773805,21.714481292237423,0.000223980565984639,0.00021764472178613994,0.0006453321809028816,0.8123491898613429,0.000470849812689332,0.0006330236735788088
0.65,0.5,0.021413066499415156,0.023180324451773805,21.982764140487518,0.000212497387647441,0.00020354214110815126,0.0006035170196134299,0.7597119382216024,0.00045045985430724545,0.0006330129952066331
0.675,0.5,0.0227513831556286,0.023180324451773805,22.178188229849283,0.00019994373508643438,0.00018859314718283767,0.0005591921824524081,0.7039154869922303,0.0004298216804625774,0.0006330430655032941
0.7,0.5,0.024089699811842044,0.023180324451773805,22.297674619939485,0.0001871412186761197,0.000174529079553642,0.0005174912151097099,0.6514219835846057,0.0004095429081834494,0.0006330937370650042
0.725,0.5,0.025428016468055495,0.023180324451773805,22.33911261230245,0.00017570150970657193,0.00016381179846039823,0.0004857137094367345,0.6114202112366981,0.00038944455627253023,0.0006331386549192442
0.75,0.5,0.02676633312426894,0.023180324451773805,22.30173749787958,0.00016793128783632779,0.00015925226649494295,0.0004721943707501988,0.5944019621016512,0.0003631135696108673,0.000633135396667113
0.775,0.5,0.02810464978048239,0.023180324451773805,22.1867058991096,0.000166106309244143,0.00016286714669915675,0.0004829127493386774,0.6078943407876106,0.0003480196907960617,0.0006328805545223657
0.8,0.5,0.02944296643669584,0.023180324451773805,21.997892059930948,0.00017147807291798583,0.000174237920847826,0.0005166279087034203,0.650335246737281,0.000341633438018764,0.0006317391789475985
0.825,0.5,0.030781283092909277,0.023180324451773805,21.74274106001789,0.0001836124738510902,0.00019079583733200953,0.0005657233164314583,0.7121369294582395,0.00034171496312011184,0.0006298676692493336
0.85,0.5,0.03211959974912273,0.023180324451773805,21.432832733358552,0.00020028306462327696,0.0002090208141985648,0.0006197616775351809,0.7801608404967781,0.0003658211168473341,0.0006283001840531812
0.875,0.5,0.03345791640533618,0.023180324451773805,21.08378918985955,0.00021795634378851008,0.00022587723215092032,0.0006697421634855496,0.8430766665971482,0.00040220593048867503,0.0006280926834562444
0.9,0.5,0.03479623306154962,0.023180324451773805,20.714364084604092,0.00023335345482809836,0.00023957289470133127,0.0007103507833961725,0.8941951145252025,0.00044024989323465235,0.0006293712197584719
0.925,0.5,0.03613454971776307,0.023180324451773805,20.34487134635497,0.0002447436738099274,0.00024944075829159355,0.0007396097053644866,0.9310264740336062,0.0004746609670867125,0.000631297480774377
0.95,0.5,0.03747286637397652,0.023180324451773805,19.995329982884414,0.00025218504348039744,0.0002557371666605492,0.0007582790069273609,0.95452753666256,0.0005031953850219587,0.0006328628938536678
0.975,0.5,0.03881118303018996,0.023180324451773805,19.68367608701891,0.00025649890198712634,0.00025915374187858545,0.000768409397035514,0.9672797508568434,0.0005256927985469689,0.0006335830912389319
0.0,0.525,-0.014052324890241195,0.024339340674362497,19.038052794652717,0.0002618936163128695,0.00026344960629933394,0.0007811469425764932,0.983313872673858,0.0005448922843685273,0.0006334179134484085
0.025,0.525,-0.012714008234027747,0.024339340674362497,18.81133207657318,0.0002624377555118316,0.00026371438629934794,0.0007819320342316743,0.9843021521815697,0.000558512991834307,0.0006332239569328113
0.05,0.525,-0.0113756915778143,0.024339340674362497,18.67098773462682,0.0002614549650106045,0.0002625735009904596,0.0007785492276168261,0.9800438487924766,0.0005694894468231783,0.0006330962011909671
0.075,0.525,-0.010037374921600853,0.024339340674362497,18.621234099991902,0.00025924637566140745,0.000260272549125546,0.0007717267406162164,0.971455648867237,0.0005785328662956143,0.0006330562531897719
0.1,0.525,-0.008699058265387406,0.024339340674362497,18.654213498973803,0.0002559377120989098,0.00025689762006395246,0.0007617198343432916,0.9588588770892429,0.0005860724709967407,0.0006330297462995491
0.125,0.525,-0.007360741609173959,0.024339340674362497,18.74173298811497,0.0002515938431857311,0.0002524922757298605,0.0007486576730217724,0.9424161263921857,0.0005923737105492889,0.0006329800382376025
0.15,0.525,-0.006022424952960513,0.024339340674362497,18.821097109986678,0.00024636324893003065,0.0002471797356233494,0.0007329056112904635,0.9225873080490936,0.0005976000371220304,0.0006329195790387738
0.175,0.525,-0.0046841082967470655,0.024339340674362497,18.77971533576674,0.000240695142642912,0.00024138779581955918,0.0007157320951373318,0.9009691517771584,0.0006018347334191038,0.0006328691930124834
0.2,0.525,-0.0033457916405336165,0.024339340674362497,18.47566238417909,0.00023573430695371036,0.00023626815919786527,0.0007005520060481306,0.8818603370634981,0.0006051025539235533,0.0006328335970738126
0.225,0.525,-0.002007474984320171,0.024339340674362497,17.86041967156175,0.0002333545645068981,0.00023375170975578526,0.000693090553304126,0.8724678020696588,0.0006073982874805898,0.0006328090489649276
0.25,0.525,-0.0006691583281067236,0.024339340674362497,17.094968072854634,0.0002345601699980087,0.00023488847538384448,0.0006964611447703951,0.8767107289343108,0.0006087001942240845,0.0006327895353605011
0.275,0.525,0.0006691583281067254,0.024339340674362497,16.429789920569824,0.00023842233012101927,0.00023873268143279424,0.0007078594909055541,0.8910590560791012,0.0006089899345979743,0.0006327821352351764
0.3,0.525,0.002007474984320169,0.024339340674362497,16.026884122466893,0.00024343885105727764,0.0002437442556419166,0.0007227191672054805,0.9097645326709521,0.0006082405783211433,0.0006327783127304731
0.325,0.525,0.00334579164053362,0.024339340674362497,15.926866753306875,0.0002485935023530424,0.00024888587053978713,0.0007379644234569318,0.9289553803174587,0.0006064258515530133,0.0006327740564117625
0.35,0.525,0.004684108296747064,0.024339340674362497,16.09314224563022,0.0002533564547717951,0.0002536225590522404,0.0007520090439876454,0.9466348583408122,0.0006035253065329117,0.0006327730338136015
0.375,0.525,0.006022424952960511,0.024339340674362497,16.457728794174397,0.0002574196776323662,0.0002576506116090699,0.0007639525081799196,0.9616693843536904,0.0005995147369081823,0.0006327723932682501
0.4,0.525,0.007360741609173962,0.024339340674362497,16.94985900270462,0.00026054361472543317,0.00026074045691640833,0.0007731141207128278,0.9732020937693574,0.0005943699268743759,0.0006327754339583965
0.425,0.525,0.008699058265387406,0.024339340674362497,17.509750956925863,0.00026252237976689795,0.00026269112654189817,0.00077889799579745,0.9804828809023938,0.0005880557679979769,0.000632780540659996
0.45,0.525,0.010037374921600853,0.024339340674362497,18.0931982898083,0.0002631956539226629,0.0002633366328805692,0.0007808119683022853,0.9828922044410783,0.0005805214073930514,0.0006327900866622126
0.475,0.525,0.0113756915778143,0.024339340674362497,18.670988836031427,0.00026246288378919497,0.0002625735009904596,0.0007785492276168261,0.9800438487924766,0.000571691371171222,0.000632802295248918
0.5,0.525,0.012714008234027747,0.024339340674362497,19.225642413264644,0.0002602769703263981,0.00026034954319213184,0.0007719550335355147,0.971743025777193,0.0005614650081067411,0.0006328203868458774
0.525,0.525,0.014052324890241195,0.024339340674362497,19.747280453041924,0.00025662342306498234,0.0002565970206212015,0.0007608285354761439,0.9577369031135474,0.0005497030196736076,0.0006328517158017067
0.55,0.525,0.015390641546454645,0.024339340674362497,20.229933198469702,0.0002515047989371148,0.0002512111568856437,0.0007448590639356005,0.9376344076044532,0.0005362398289381256,0.0006328822351037586
0.575,0.525,0.016728958202668086,0.024339340674362497,20.66895358145168,0.0002449284603647531,0.00024411076744203068,0.0007238059009307608,0.9111325215725614,0.0005209473469504249,0.0006329174790705463
0.6,0.525,0.018067274858881533,0.024339340674362497,21.0596219790828,0.00023689562263995017,0.00023527006767915448,0.0006975925932435178,0.8781350051097607,0.0005037957421164183,0.0006329850638995213
0.625,0.525,0.019405591515094984,0.024339340674362497,21.39668133542646,0.00022740926833393136,0.00022471025663867421,0.0006662819975499933,0.838720982690912,0.0004848957869515536,0.0006330285281517699
0.65,0.525,0.020743908171308435,0.024339340674362497,21.674440654169345,0.00021652563223876657,0.000212420904406574,0.0006298431884084707,0.7928515251284312,0.00046464911723162786,0.0006329920613687386
0.675,0.525,0.02208222482752188,0.024339340674362497,21.88713297739627,0.00020450702741726452,0.0001985960021714637,0.0005888513635806702,0.7412506958575082,0.00044385742412324225,0.0006329472758607994
0.7,0.525,0.023420541483735322,0.024339340674362497,22.029327755733007,0.00019208293355848534,0.00018417925388784277,0.0005461046728498065,0.6874408276809569,0.00042345409677298245,0.0006329883502264011
0.725,0.525,0.024758858139948773,0.024339340674362497,22.096330239466287,0.00018068878853564233,0.0001710578873687394,0.0005071988817848644,0.6384659140042488,0.00040408517994142265,0.0006330631932216447
0.75,0.525,0.026097174796162217,0.024339340674362497,22.084621239549257,0.00017238730923830337,0.00016233318966692316,0.00048132952851304985,0.6059013700461381,0.0003841662516254089,0.0006330398955822577
0.775,0.525,0.027435491452375668,0.024339340674362497,21.99245881681329,0.00016933563080913513,0.00016127936279958094,0.0004782048564097482,0.601968008396409,0.0003586114748799357,0.0006327948591835946
0.8,0.525,0.02877380810858912,0.024339340674362497,21.820730041042708,0.00017298753862307587,0.0001691506368127765,0.0005015437473496852,0.6313471866062949,0.0003561452059011055,0.0006318504302581991
0.825,0.525,0.030112124764802555,0.024339340674362497,21.573986900057037,0.00018343667188816068,0.00018415177318620882,0.0005460231906021662,0.6873382571911884,0.0003534547237038869,0.0006303094338152981
0.85,0.525,0.03145044142101601,0.024339340674362497,21.261386968608033,0.0001990669674035677,0.0002026103521083053,0.0006007541985237334,0.7562340774541342,0.00036858582590195625,0.0006289479374370523
0.875,0.525,0.03278875807722946,0.024339340674362497,20.897127407140147,0.00021668763790666065,0.00022089184154978355,0.0006549601234577395,0.8244689191510362,0.0004037124405952357,0.0006287188553986355
0.9,0.525,0.0341270747334429,0.024339340674362497,20.500041478212566,0.00023289319753038324,0.00023653491635172968,0.0007013429601060192,0.8828559962095278,0.0004420657303610909,0.0006298224554537671
0.925,0.525,0.03546539138965635,0.024339340674362497,20.09231894005806,0.0002454938595859283,0.0002484473897417987,0.0007366642965008185,0.9273187703501117,0.00047665856550721465,0.0006315192545417148
0.95,0.525,0.0368037080458698,0.024339340674362497,19.69764766993189,0.000254108798096049,0.00025653350731441013,0.0007606402139747004,0.9574998425365946,0.0005051551929115372,0.0006328648488065907
0.975,0.525,0.038142024702083235,0.024339340674362497,19.339234643424774,0.0002593314874422172,0.00026128504422919533,0.0007747288610812996,0.9752347415575541,0.00052754559957542,0.0006334341786954143
0.0,0.55,-0.01472148321834792,0.025498356896951187,18.639915037951624,0.0002639841844980054,0.0002649946670902185,0.0007857281584296799,0.9890807429726696,0.0005458272690157299,0.0006332812287685237
0.025,0.55,-0.013383166562134473,0.025498356896951187,18.352949121340295,0.0002652325219550175,0.0002661556451273313,0.0007891705414221172,0.9934140415712089,0.0005595848684354047,0.0006331435599646244
0.05,0.55,-0.012044849905921026,0.025498356896951187,18.165484888043103,0.0002646591866112859,0.0002655185163775641,0.0007872814090681187,0.9910359870084187,0.0005707320299760345,0.0006330792886942562
0.075,0.55,-0.010706533249707578,0.025498356896951187,18.09319762133294,0.00026251549641683424,0.0002633366328805692,0.0007808119683022853,0.9828922044410783,0.0005799474777043398,0.0006330591566525808
0.1,0.55,-0.009368216593494131,0.025498356896951187,18.144291218168156,0.00025882367153431794,0.0002596211866591866,0.000769795404273555,0.9690244675938723,0.0005876608116277791,0.0006330177800283161
0.125,0.55,-0.008029899937280684,0.025498356896951187,18.314659389298278,0.00025346060668088067,0.000254238766311791,0.0007538361426254187,0.948934824377087,0.0005941594369954321,0.0006329549530494882
0.15,0.55,-0.006691583281067238,0.025498356896951187,18.577933702432773,0.0002462517022521247,0.00024699251768404664,0.0007323504966978244,0.9218885254640075,0.0005996177130883003,0.0006328924954480921
0.175,0.55,-0.005353266624853791,0.025498356896951187,18.866059920613743,0.00023714883682059997,0.0002378033130918333,0.0007051038472427423,0.8875902303126567,0.0006041176842232924,0.0006328460675103418
0.2,0.55,-0.004014949968640342,0.025498356896951187,19.04106266837237,0.00022686151237884676,0.0002273491866186026,0.000674106613856887,0.8485706708143028,0.0006076854867715514,0.0006328178126654869
0.225,0.55,-0.0026766333124268963,0.025498356896951187,18.90749253760245,0.00021831570602614034,0.000218566883316033,0.0006480664558549541,0.8157911165278026,0.0006103155185302429,0.0006327995588992708
0.25,0.55,-0.001338316656213449,0.025498356896951187,18.389437581237075,0.00021595488522687146,0.00021600211223960153,0.0006404617260058356,0.8062182231949416,0.0006119922075877968,0.000632788279599377
0.275,0.55,0.0,0.025498356896951187,17.695544524834204,0.00022007211690222372,0.00022001868540637027,0.0006523711529847899,0.8212099028978361,0.0006126894042853243,0.0006327757554087149
0.3,0.55,0.0013383166562134438,0.025498356896951187,17.11081985670665,0.0002272933839058534,0.00022720559481218601,0.0006736808538713743,0.8480347208190262,0.00061238862486371,0.0006327701947541596
0.325,0.55,0.0026766333124268946,0.025498356896951187,16.784648808854314,0.00023508099946356573,0.00023497578830574602,0.0006967200338344133,0.8770366205102197,0.0006110670681158288,0.0006327691217879166
0.35,0.55,0.004014949968640338,0.025498356896951187,16.735506746372494,0.0002423339740252986,0.00024220824272634336,0.0007181647789503135,0.9040314331620719,0.0006086983177321267,0.0006327670326507443
0.375,0.55,0.005353266624853786,0.025498356896951187,16.914010057863077,0.0002486356773088808,0.0002484826268131725,0.0007367687769400026,0.9274502911430291,0.0006052625370520576,0.0006327692217710753
0.4,0.55,0.006691583281067236,0.025498356896951187,17.249597939874846,0.00025376993292584453,0.0002535906553446111,0.0007519144472105937,0.9465157791789858,0.0006007309479911683,0.0006327716153086987
0.425,0.55,0.00802989993728068,0.025498356896951187,17.67635842431175,0.00025755317086031845,0.0002573566832188898,0.0007630809894612134,0.9605723097833515,0.0005950721806368266,0.0006327770679470584
0.45,0.55,0.009368216593494127,0.025498356896951187,18.144292225430213,0.00025982478314854674,0.0002596211866591866,0.000769795404273555,0.9690244675938723,0.0005882373489052411,0.000632785860219528
0.475,0.55,0.010706533249707575,0.025498356896951187,18.62123557148155,0.0002604790374829547,0.000260272549125546,0.0007717267406162164,0.971455648867237,0.0005801549030557928,0.0006327995473301337
0.5,0.55,0.012044849905921022,0.025498356896951187,19.089406331599772,0.0002594757440827297,0.0002592763756499104,0.0007687730149466308,0.9677374759234928,0.0005707228202014394,0.0006328162898827403
0.525,0.55,0.01338316656213447,0.025498356896951187,19.539958344541155,0.0002568216503004717,0.00025664164024761073,0.0007609608358626887,0.9579034438734979,0.0005598015324026447,0.0006328427063636743
0.55,0.55,0.01472148321834792,0.025498356896951187,19.968016561451254,0.0002525515913692735,0.00025235151217575097,0.0007482402990068198,0.9418907327221512,0.0005472108149184549,0.0006328781826679516
0.575,0.55,0.01605979987456136,0.025498356896951187,20.369345802395884,0.00024670399392883434,0.0002463762813040665,0.0007305233117158929,0.9195884507370317,0.0005327564953486447,0.0006329124730922296
0.6,0.55,0.017398116530774808,0.025498356896951187,20.738715902727733,0.00023930735808589434,0.0002387446006982232,0.0007078948323808304,0.8911035442042231,0.0005163228167367217,0.0006329659368884115
0.625,0.55,0.01873643318698826,0.025498356896951187,21.069501260838727,0.00023039436233326677,0.00022957328740103977,0.0006807012318963188,0.8568720275113797,0.0004979279937043538,0.0006330105213969028
0.65,0.55,0.02007474984320171,0.025498356896951187,21.353971946627986,0.00022003424333963054,0.00021895107609097326,0.0006492056149363443,0.8172250988771653,0.00047784842502760383,0.0006329803437626672
0.675,0.55,0.021413066499415153,0.025498356896951187,21.583855657544632,0.00020846507371450606,0.00020672708357353132,0.0006129606020277718,0.7715995935264197,0.0004568469237530888,0.0006329068893262288
0.7,0.55,0.022751383155628597,0.025498356896951187,21.750920724963088,0.0001963395485100262,0.00019315869301456422,0.0005727293526829603,0.7209561826141633,0.0004360419366108176,0.0006329117161430522
0.725,0.55,0.024089699811842048,0.025498356896951187,21.847491511490293,0.00018493297668378873,0.00017918161758883708,0.0005312863234511668,0.6687873737152406,0.00041652586421257493,0.0006329695774906357
0.75,0.55,0.02542801646805549,0.025498356896951187,21.866941274360027,0.00017608477462811522,0.00016728116013547907,0.0004960006151689155,0.6243694485210152,0.00039858758854857755,0.0006329291837360296
0.775,0.55,0.026766333124268942,0.025498356896951187,21.804293825495005,0.00017180968888144086,0.0001613343387418834,0.00047836786401430704,0.6021732036422424,0.000376377575284427,0.0006326904495125801
0.8,0.55,0.028104649780482393,0.025498356896951187,21.657068420021737,0.00017368177390617403,0.0001644600195596759,0.00048763573140111355,0.6138396674979286,0.0003658461069576772,0.0006318905485619187
0.825,0.55,0.02944296643669583,0.025498356896951187,21.426391894965178,0.00018223968462023545,0.00017656396926865725,0.0005235248087889446,0.6590171184350346,0.00036564197155060406,0.0006306188294302282
0.85,0.55,0.03078128309290928,0.025498356896951187,21.11819737016204,0.0001964700099169314,0.00019434966769383535,0.0005762606778668046,0.7254014423379527,0.000371868273538272,0.0006294490858620959
0.875,0.55,0.032119599749122735,0.025498356896951187,20.74412829816486,0.0002136381403563269,0.0002135492960068681,0.0006331889502829343,0.79706319630898,0.00040310732261906405,0.0006292315047365182
0.9,0.55,0.03345791640533617,0.025498356896951187,20.32171501118147,0.00023036898232680166,0.0002310241472960653,0.0006850031353496051,0.862287297179552,0.0004422508574390228,0.0006301936716304196
0.925,0.55,0.03479623306154962,0.025498356896951187,19.873576803469277,0.00024410731798879927,0.00024501138684071544,0.000726476301921637,0.9144940431977625,0.00047736073269921133,0.0006316872761403531
0.95,0.55,0.03613454971776307,0.025498356896951187,19.42575985669003,0.00025403115961358536,0.00025509202009694267,0.0007563661011813473,0.9521195559682127,0.0005059995288344901,0.0006328478225221689
0.975,0.55,0.03747286637397651,0.025498356896951187,19.005641792736093,0.0002604514982331704,0.00026153760465889,0.0007754777208357061,0.9761774120655718,0.0005284150499726855,0.0006333082608686294
0.0,0.575,-0.01539064154645464,0.026657373119539873,18.28272064590121,0.0002643084840603609,0.0002646865071208822,0.0007848144420599618,0.9879305496696406,0.000545853675764687,0.0006331879249738896
0.025,0.575,-0.014052324890241193,0.026657373119539873,17.912252858210536,0.00026662653927209535,0.0002671210982631292,0.0007920331790848682,0.9970175522204824,0.0005598200210508051,0.0006330908466291385
0.05,0.575,-0.012714008234027746,0.026657373119539873,17.64421357643443,0.00026692177063056494,0.00026747184301278927,0.0007930731623768168,0.9983266913114568,0.0005711843986544498,0.0006330659108049295
0.075,0.575,-0.0113756915778143,0.026657373119539873,17.50335210096948,0.00026541362219534905,0.0002659893468737775,0.0007886774551953275,0.9927933407775433,0.0005806005804085467,0.0006330562429659531
0.1,0.575,-0.010037374921600851,0.026657373119539873,17.50975071979902,0.000262087381447768,0.00026269112654189817,0.00077889799579745,0.9804828809023938,0.0005885094214728812,0.0006330075845770381
0.125,0.575,-0.008699058265387406,0.026657373119539873,17.676357883386146,0.0002567239746602393,0.0002573566832188898,0.0007630809894612134,0.9605723097833515,0.0005952208485467596,0.000632937037688961
0.15,0.575,-0.007360741609173958,0.026657373119539873,18.003727665815706,0.0002489201200626933,0.0002495703942603068,0.0007399940852921349,0.9315103344888328,0.0006009163111516736,0.0006328787221847542
0.175,0.575,-0.006022424952960511,0.026657373119539873,18.468691425268428,0.00023809347783659032,0.0002387258279114369,0.000707839169724098,0.8910334756171601,0.0006056802920758706,0.0006328399834112418
0.2,0.575,-0.004684108296747062,0.026657373119539873,19.000025244557538,0.0002236631411539514,0.00022420714962551923,0.000664790249239433,0.8368431582658767,0.0006095381775467924,0.0006328148408836435
0.225,0.575,-0.0033457916405336165,0.026657373119539873,19.43386497167416,0.00020636928537388793,0.0002067003754063974,0.0006128814104002286,0.7714999064871207,0.0006124893915744657,0.0006327981733931556
0.25,0.575,-0.002007474984320169,0.026657373119539873,19.504811554023664,0.00019259121380865363,0.00019258072260508864,0.0005710156290429692,0.7187989339106424,0.0006145198547120982,0.0006327850547795642
0.275,0.575,-0.0006691583281067202,0.026657373119539873,19.09376966274177,0.00019197295153261198,0.0001916665732110027,0.0005683051106471397,0.7153869121827383,0.0006156138910407464,0.0006327791546037631
0.3,0.575,0.0006691583281067236,0.026657373119539873,18.4690926616388,0.0002016327292538854,0.00020118725388353992,0.0005965346104101779,0.7509224269785613,0.0006157453691582014,0.0006327715197518222
0.325,0.575,0.0020074749843201744,0.026657373119539873,17.949354789829947,0.0002138042878894049,0.00021330688359381402,0.000632470180124346,0.7961584028192012,0.0006148935999574616,0.0006327672030138423
0.35,0.575,0.003345791640533618,0.026657373119539873,17.66682436106531,0.00022525349499453052,0.0002247292203786808,0.000666338226396694,0.8387917640023294,0.0006130378585571662,0.000632767193390485
0.375,0.575,0.0046841082967470655,0.026657373119539873,17.62067002556966,0.00023522582012003166,0.00023467956885719606,0.0006958417219636278,0.8759309946669834,0.0006101507388888575,0.0006327657331446359
0.4,0.575,0.006022424952960516,0.026657373119539873,17.754815805829555,0.0002435628904762552,0.00024300058810464853,0.0007205141397196154,0.9069888268487842,0.0006062102870334254,0.0006327690132638484
0.425,0.575,0.00736074160917396,0.026657373119539873,18.003728758296134,0.0002501376201447054,0.0002495703942603068,0.0007399940852921349,0.9315103344888328,0.0006011823594114891,0.0006327743399329439
0.45,0.575,0.008699058265387407,0.026657373119539873,18.31466097079662,0.0002547963876160821,0.000254238766311791,0.0007538361426254187,0.948934824377087,0.0005950222243880871,0.000632782853062818
0.475,0.575,0.010037374921600855,0.026657373119539873,18.65421555775291,0.00025743484803974077,0.00025689762006395246,0.0007617198343432916,0.9588588770892429,0.000587661615150032,0.0006327954801486255
0.5,0.575,0.011375691577814302,0.026657373119539873,19.005338745776534,0.0002580420688755777,0.00025753014131018047,0.0007635953051194533,0.9612197343511447,0.0005790031656667644,0.0006328133730445974
0.525,0.575,0.01271400823402775,0.026657373119539873,19.360586355798027,0.00025667588961197793,0.0002562116298002459,0.0007596858241025523,0.9562984491110155,0.0005689048554510387,0.0006328378381565224
0.55,0.575,0.0140523248902412,0.026657373119539873,19.7159369658949,0.00025342655110885767,0.00025303409648267874,0.0007502642103418836,0.9444384481190341,0.0005571760009236964,0.0006328722201838472
0.575,0.575,0.01539064154645464,0.026657373119539873,20.06691667800648,0.0002483921762840644,0.0002480594539191044,0.0007355140390148795,0.9258708172424157,0.0005435777952629583,0.0006329075660531281
0.6,0.575,0.016728958202668086,0.026657373119539873,20.40696395779256,0.0002416505698879563,0.00024136628695448922,0.0007156683198126171,0.9008888709002733,0.0005279000897737876,0.0006329491027172883
0.625,0.575,0.018067274858881537,0.026657373119539873,20.72727338532838,0.0002332743535067306,0.00023314334526687575,0.0006912867090427539,0.8701971088240322,0.0005100519711881649,0.000632985952482451
0.65,0.575,0.019405591515094987,0.026657373119539873,21.017371312856923,0.00022336255144616047,0.0002236524126498956,0.000663145414394054,0.8347726273150882,0.0004901785457006528,0.0006329604916559732
0.675,0.575,0.02074390817130843,0.026657373119539873,21.265913986292936,0.0002121495911591045,0.00021286605357810916,0.0006311630875695272,0.7945130245017968,0.0004689481561913888,0.0006328766789198064
0.7,0.575,0.022082224827521875,0.026657373119539873,21.46143542627836,0.00020022622588711987,0.0002006628757552568,0.0005949797917205006,0.7489652090676653,0.00044756975287157767,0.0006328563806559241
0.725,0.575,0.023420541483735326,0.026657373119539873,21.592956596422546,0.0001887283156007924,0.00018712917458232713,0.0005548513988886429,0.6984512747373036,0.00042743980110060366,0.0006329020501282423
0.75,0.575,0.02475885813994877,0.026657373119539873,21.65050401201212,0.00017929625722104854,0.00017364810686230106,0.0005148790680125818,0.6481337924158624,0.00040962101272774376,0.0006328492930809369
0.775,0.575,0.02609717479616222,0.026657373119539873,21.625676723862853,0.00017379321931882227,0.00016375183188625054,0.0004855359042514839,0.6111963886807094,0.00039295940456126065,0.0006325868755958418
0.8,0.575,0.02743549145237567,0.026657373119539873,21.512426404280568,0.00017385343790715988,0.00016168131909987882,0.0004793966856154836,0.6034682923096917,0.00037205153470487736,0.0006318705524510697
0.825,0.575,0.028773808108589108,0.026657373119539873,21.308146206330516,0.0001803665508923816,0.0001696144582219941,0.0005029190110321832,0.6330783792716906,0.0003745758849749192,0.0006308164721122016
0.85,0.575,0.03011212476480256,0.026657373119539873,21.01499207818003,0.00019287107044807842,0.00018550693717886096,0.0005500413488542124,0.6923963461837712,0.000377255276151286,0.0006298234975840539
0.875,0.575,0.03145044142101601,0.026657373119539873,20.641137286067686,0.00020915518158079173,0.00020487074930883444,0.0006074564380412052,0.7646709089083745,0.00039889185828368264,0.0006296254902553107
0.9,0.575,0.03278875807722945,0.026657373119539873,20.20150740428609,0.00022601320365606294,0.00022360680391322028,0.0006630101812247616,0.8346023947453077,0.0004396183453502159,0.0006304659342096246
0.925,0.575,0.034127074733442904,0.026657373119539873,19.71759109113536,0.00024063985479884495,0.00023943358725089653,0.0007099377268328555,0.8936751556970096,0.00047629822672501745,0.0006317997614820831
0.95,0.575,0.03546539138965635,0.026657373119539873,19.216207455325346,0.00025181328866528225,0.0002514258751433046,0.0007454957189408716,0.9384358338978538,0.0005055629332116423,0.000632828978989951
0.975,0.575,0.03680370804586979,0.026657373119539873,18.727503303023923,0.0002595484617791384,0.0002596655608556282,0.0007699269769426758,0.9691900922974452,0.0005282488131045761,0.0006332190389177741
0.0,0.6,-0.016059799874561364,0.027816389342128565,18.012847889829565,0.0002626716244888733,0.00026239262785744016,0.0007780129258290304,0.9793687479130699,0.0005448765447798932,0.0006331469219852414
0.025,0.6,-0.014721483218347917,0.027816389342128565,17.546419823547794,0.000266259630292832,0.00026628128303832216,0.0007895430668224046,0.9938829794548006,0.000559167324447331,0.0006330689435731032
0.05,0.6,-0.01338316656213447,0.027816389342128565,17.176256387200397,0.0002677306621958336,0.00026792015613789064,0.000794402442886699,1.0,0.0005707981276179601,0.0006330453196967879
0.075,0.6,-0.012044849905921022,0.027816389342128565,16.934622754652935,0.0002672728052991602,0.0002675657462520066,0.0007933515922034656,0.9986771809519935,0.000580454091497437,0.0006330342779928267
0.1,0.6,-0.010706533249707575,0.027816389342128565,16.850824202649935,0.00026487008938889196,0.0002652408781383572,0.0007864581918132317,0.9899997146980068,0.0005885965678913125,0.0006329869670088303
0.125,0.6,-0.009368216593494127,0.027816389342128565,16.94985916375094,0.0002602920342491703,0.00026074045691640833,0.0007731141207128278,0.9732020937693574,0.0005955425806735818,0.0006329212200215483
0.15,0.6,-0.008029899937280682,0.027816389342128565,17.24959782285302,0.00025307206712474025,0.0002535906553446111,0.0007519144472105937,0.9465157791789858,0.0006014832561671314,0.0006328670981199351
0.175,0.6,-0.006691583281067235,0.027816389342128565,17.754815154202905,0.00024243064493762503,0.00024300058810464853,0.0007205141397196154,0.9069888268487842,0.0006065078506493965,0.0006328312456609662
0.2,0.6,-0.005353266624853786,0.027816389342128565,18.44460280286326,0.00022713210761622773,0.00022771457605202814,0.0006751900196845876,0.8499344705324452,0.0006106481638292464,0.000632809173095008
0.225,0.6,-0.00401494996864034,0.027816389342128565,19.244159062296205,0.00020541467634228972,0.00020592618666131747,0.0006105858853482412,0.7686102816218624,0.0006139087991814216,0.0006327932189680529
0.25,0.6,-0.002676633312426893,0.027816389342128565,19.962785615525014,0.00017707519303840634,0.00017733415432338748,0.0005258084626124278,0.6618917997051286,0.0006162822937299691,0.0006327816606885027
0.275,0.6,-0.0013383166562134438,0.027816389342128565,20.24842313080908,0.00015485305512450245,0.00015461942407571814,0.00045845766132006864,0.5771100849767349,0.0006177510253601211,0.0006327709885130444
0.3,0.6,0.0,0.027816389342128565,19.92571291534637,0.00015938363900945898,0.000158715290217366,0.0004706021976459857,0.592397722161971,0.000618299495014904,0.0006327677361346617
0.325,0.6,0.0013383166562134508,0.027816389342128565,19.343054871160014,0.00017879501909401317,0.00017793635263150078,0.0005275940237063129,0.6641394779567169,0.0006179022493689347,0.0006327636209416909
0.35,0.6,0.0026766333124268946,0.027816389342128565,18.848710184871955,0.00019832786797012092,0.0001974008060443311,0.0005853075215017106,0.7367896797683811,0.0006165369583371633,0.0006327607993996433
0.375,0.6,0.004014949968640342,0.027816389342128565,18.553962965441865,0.0002149426869533587,0.00021398817770374378,0.0006344902659329478,0.7987013026134934,0.0006141832017703784,0.0006327627660679611
0.4,0.6,0.005353266624853793,0.027816389342128565,18.444604386587113,0.00022867428670426764,0.00022771457605202814,0.0006751900196845876,0.8499344705324452,0.0006108114141958923,0.0006327641016626914
0.425,0.6,0.006691583281067236,0.027816389342128565,18.468693459904316,0.00023967052561507242,0.0002387258279114369,0.000707839169724098,0.8910334756171601,0.0006063934869143156,0.0006327697724973153
0.45,0.6,0.008029899937280684,0.027816389342128565,18.577936226655645,0.00024790375846583165,0.00024699251768404664,0.0007323504966978244,0.9218885254640075,0.0006008849080250665,0.0006327785885636576
0.475,0.6,0.009368216593494131,0.027816389342128565,18.741735967336954,0.0002533558061774416,0.00025249227572986043,0.0007486576730217723,0.9424161263921855,0.0005942232271682726,0.0006327900367413424
0.5,0.6,0.010706533249707578,0.027816389342128565,18.945565435890913,0.00025612549173330875,0.00025531177255158866,0.0007570176829410686,0.9529397721767047,0.0005863159864785564,0.0006328085047082698
0.525,0.6,0.012044849905921026,0.027816389342128565,19.1834857135367,0.00025639750351099457,0.0002556402406046241,0.0007579916142327751,0.9541657644938574,0.0005770220006814204,0.0006328335749659994
0.55,0.6,0.013383166562134476,0.027816389342128565,19.45138790801466,0.00025437950872989604,0.0002537070596760555,0.0007522595943865099,0.946950253139894,0.0005661441298923163,0.0006328639192837895
0.575,0.6,0.014721483218347917,0.027816389342128565,19.743202485459193,0.0002502636337371185,0.0002497122157589082,0.0007404145961882423,0.9320396768893665,0.0005534161220288522,0.0006329016136352046
0.6,0.6,0.016059799874561364,0.027816389342128565,20.04969069997925,0.00024420627689418365,0.00024382088972585273,0.0007229463927504519,0.9100505659617684,0.0005385415569787677,0.0006329404922816429
0.625,0.6,0.017398116530774815,0.027816389342128565,20.358740338572517,0.000236341209741801,0.00023624604442957023,0.0007004864341769781,0.8817777946799245,0.0005212999110551186,0.0006329585024469199
0.65,0.6,0.018736433186988265,0.027816389342128565,20.65628461437653,0.00022681043901619395,0.00022739363372917498,0.0006742384027216254,0.8487365676666079,0.0005016955426405892,0.0006329338972064578
0.675,0.6,0.02007474984320171,0.027816389342128565,20.92731808996868,0.00021586348837150174,0.00021746467452791936,0.0006447983278929876,0.8116771715226856,0.00048026244979232553,0.0006328680197109405
0.7,0.6,0.021413066499415153,0.027816389342128565,21.15676140661165,0.0002040496314332002,0.00020647057258698054,0.0006122000285894735,0.7706421777416261,0.0004582000062592557,0.0006328214722874094
0.725,0.6,0.022751383155628604,0.027816389342128565,21.330112340781323,0.00019237841496361262,0.00019403978180060436,0.0005753418440091827,0.724244807101179,0.0004371385157027689,0.0006328324190913022
0.75,0.6,0.024089699811842048,0.027816389342128565,21.433945531493407,0.0001823087370038489,0.00018047562475702523,0.0005351231473405666,0.6736171975957632,0.00041863660173735673,0.0006327927843579297
0.775,0.6,0.0254280164680555,0.027816389342128565,21.45640603192477,0.0001755573428569901,0.00016823750078709163,0.0004988362336637102,0.6279389472306246,0.00040312541998541797,0.0006325247927819064
0.8,0.6,0.02676633312426895,0.027816389342128565,21.387877207218814,0.00017379260446292118,0.00016182193561507758,0.0004798136236495396,0.6039931371635682,0.0003855233816298533,0.0006318276614525522
0.825,0.6,0.028104649780482386,0.027816389342128565,21.221967261710176,0.00017818705249194605,0.00016498025748666001,0.0004891782740975495,0.6157814322926474,0.00038013304408245654,0.0006309069790376749
0.85,0.6,0.029442966436695837,0.027816389342128565,20.956828597009206,0.0001887469752518023,0.00017778944783485367,0.0005271584404675955,0.6635911623735792,0.00038298167858160395,0.0006300933650049002
0.875,0.6,0.030781283092909287,0.027816389342128565,20.596614025135356,0.00020376324676741535,0.0001962272824228702,0.0005818279399535647,0.7324095553373662,0.00039287391100117366,0.000629962801125484
0.9,0.6,0.032119599749122735,0.027816389342128565,20.15266323839474,0.00022030017636112402,0.00021550322951876885,0.0006389825030244207,0.804356165752067,0.00043121038458052163,0.0006306900449702163
0.925,0.6,0.033457916405336185,0.027816389342128565,19.643935977040766,0.00023544803366549365,0.00023246276142654048,0.0006892687292343468,0.8676568600792346,0.00047226324007847517,0.0006318540670930006
0.95,0.6,0.03479623306154962,0.027816389342128565,19.096372046356063,0.00024764453654024235,0.0002459708036563965,0.000729321041463112,0.9180750235521755,0.0005033497062132173,0.0006327781555183206
0.975,0.6,0.03613454971776307,0.027816389342128565,18.541230898762617,0.0002566148331277954,0.0002558150064478716,0.0007585098074691867,0.9548180701873401,0.0005268227129470755,0.0006331534620028889
0.0,0.625,-0.01672895820266809,0.028975405564717255,17.86397649054095,0.00025921422199780774,0.00025836706382878087,0.0007660768403009305,0.9643435102202871,0.0005426466607412104,0.0006331145926987455
0.025,0.625,-0.015390641546454642,0.028975405564717255,17.30037117576132,0.00026407546467554154,0.00026362127034662417,0.0007816559387658393,0.9839546010526585,0.000557494387112059,0.0006330633730411644
0.05,0.625,-0.014052324890241195,0.028975405564717255,16.81906618228014,0.0002668436386502101,0.0002666478354084339,0.0007906299208406323,0.9952511197821118,0.0005695132200710734,0.0006330392960259815
0.075,0.625,-0.012714008234027747,0.028975405564717255,16.458617317136678,0.00026766812057748727,0.00026763867654039917,0.0007935678357295021,0.9989493899915965,0.0005794769401792224,0.0006330151253715838
0.1,0.625,-0.0113756915778143,0.028975405564717255,16.256001047241632,0.00026653174060112196,0.00026663223412098594,0.0007905836619064801,0.9951928886744831,0.000587894196116564,0.0006329656379167787
0.125,0.625,-0.010037374921600853,0.028975405564717255,16.24567456691969,0.00026322761718373017,0.00026344597596231103,0.0007811361783673309,0.9833003226032875,0.0005951034998617937,0.0006329082596940916
0.15,0.625,-0.008699058265387407,0.028975405564717255,16.457729287705845,0.00025731483405554405,0.0002576506116090699,0.0007639525081799196,0.9616693843536904,0.0006013020401585717,0.0006328590628579516
0.175,0.625,-0.00736074160917396,0.028975405564717255,16.91401027714773,0.0002480363976185403,0.0002484826268131725,0.0007367687769400026,0.9274502911430291,0.0006065881517587329,0.0006328256421503306
0.2,0.625,-0.006022424952960511,0.028975405564717255,17.620669708006602,0.0002341365271833472,0.00023467956885719606,0.0006958417219636278,0.8759309946669834,0.0006110058859526524,0.0006328031523298086
0.225,0.625,-0.0046841082967470655,0.028975405564717255,18.553961726046445,0.00021338022451955556,0.00021398817770374378,0.0006344902659329478,0.7987013026134934,0.0006145673866358578,0.0006327878815243659
0.25,0.625,-0.003345791640533618,0.028975405564717255,19.628905436170456,0.00018167499563954124,0.00018226100887250732,0.0005404169390555136,0.6802810639551244,0.0006172701100107715,0.0006327766161104879
0.275,0.625,-0.002007474984320169,0.028975405564717255,20.620212945819056,0.0001355900224433601,0.00013589969724027017,0.0004029523311402896,0.5072395418070993,0.0006191040808589008,0.0006327699813322794
0.3,0.625,-0.0006691583281067254,0.028975405564717255,21.07245140323519,0.00010006967771649785,9.966265979527683e-5,0.00029550692096941847,0.3719864202526942,0.0006200489708114109,0.0006327623545014967
0.325,0.625,0.0006691583281067254,0.028975405564717255,20.768354309662065,0.00011748367871178958,0.00011643741440875465,0.00034524526927387847,0.43459744159311303,0.0006200889486515314,0.0006327608692830165
0.35,0.625,0.002007474984320169,0.028975405564717255,20.166872232712628,0.00015327716787557274,0.00015198352010677637,0.0004506420173523771,0.5672716913040127,0.0006191995169037115,0.0006327595292314223
0.375,0.625,0.0033457916405336165,0.028975405564717255,19.628908165353174,0.00018362341964108078,0.00018226100887250735,0.0005404169390555137,0.6802810639551246,0.0006173569437834773,0.0006327592669330543
0.4,0.625,0.004684108296747067,0.028975405564717255,19.244162193228632,0.0002072855357868933,0.00020592618666131747,0.0006105858853482412,0.7686102816218624,0.0006145377427585095,0.000632763358984008
0.425,0.625,0.006022424952960511,0.028975405564717255,19.00002882194054,0.0002255229556325673,0.00022420714962551925,0.0006647902492394331,0.8368431582658769,0.0006107089981175142,0.000632767900915717
0.45,0.625,0.007360741609173958,0.028975405564717255,18.86606393640608,0.00023905117727563476,0.0002378033130918333,0.0007051038472427423,0.8875902303126567,0.0006058320292000601,0.0006327769261592468
0.475,0.625,0.008699058265387406,0.028975405564717255,18.82110148612526,0.0002483460466531988,0.0002471797356233494,0.0007329056112904635,0.9225873080490936,0.0005998471813554491,0.0006327897137756608
0.5,0.625,0.010037374921600853,0.028975405564717255,18.85500237280751,0.0002538925713326912,0.000252806488993455,0.000749589337842311,0.9435889133452987,0.0005926680763865937,0.0006328068702752186
0.525,0.625,0.0113756915778143,0.028975405564717255,18.962355877822162,0.00025617058869431217,0.0002551565585694967,0.000756557462372667,0.952360442930524,0.0005841594279627708,0.0006328326628020649
0.55,0.625,0.012714008234027751,0.028975405564717255,19.13687579290284,0.00025559898421492815,0.00025466428730841923,0.0007550978428427292,0.9505230624654869,0.0005741201662552648,0.000632863923877148
0.575,0.625,0.014052324890241191,0.028975405564717255,19.368760865767914,0.0002525156161125773,0.0002517013746129981,0.0007463125945910404,0.9394641233467136,0.000562263513038751,0.0006328995429281885
0.6,0.625,0.015390641546454639,0.028975405564717255,19.644363011057628,0.0002471830341051019,0.00024656554062042616,0.0007310844791376445,0.9202948526706819,0.0005482326467727424,0.0006329346478868278
0.625,0.625,0.01672895820266809,0.028975405564717255,19.947028323990416,0.0002398146159651266,0.00023950457538557025,0.0007101482117340801,0.8939401157347201,0.0005316742460333583,0.0006329495345755131
0.65,0.625,0.01806727485888154,0.028975405564717255,20.258302457419806,0.0002306120290418092,0.00023095762019467953,0.0006848058777314369,0.8620389877490681,0.000512414124767322,0.0006329122707963914
0.675,0.625,0.019405591515094984,0.028975405564717255,20.55906495725658,0.0002198505795046182,0.00022133510074394533,0.0006562744187005837,0.8261233642683854,0.0004908193941947953,0.0006328392370145087
0.7,0.625,0.020743908171308428,0.028975405564717255,20.83041366993349,0.0002080585672244339,0.00021093086800328542,0.0006254251238036063,0.7872900308953444,0.0004680308360233156,0.0006328005861027736
0.725,0.625,0.02208222482752188,0.028975405564717255,21.054279206325262,0.0001961431118262593,0.0001995160544603934,0.0005915793844822893,0.7446847498764084,0.00044583027132913877,0.0006328022550600319
0.75,0.625,0.023420541483735322,0.028975405564717255,21.21385021813949,0.0001853947249441609,0.00018671819233394215,0.0005536328071006773,0.6969173018764732,0.00042616448782402915,0.0006327398171699176
0.775,0.625,0.024758858139948773,0.028975405564717255,21.29395685834142,0.00017738091389631926,0.00017379255090133603,0.0005153073549288179,0.6486729233312708,0.00041019703767203536,0.0006324535402775584
0.8,0.625,0.026097174796162224,0.028975405564717255,21.28159509138082,0.00017377262095708213,0.00016450025789744547,0.00048775504095319286,0.6139898552939854,0.00039680201628483484,0.0006317974451862634
0.825,0.625,0.02743549145237566,0.028975405564717255,21.16676145196448,0.00017598967904985008,0.00016352257952613111,0.0004848561545919522,0.610340714499923,0.00038252833046334563,0.000630972169689072
0.85,0.625,0.02877380810858911,0.028975405564717255,20.94367939463841,0.00018447377139510312,0.00017258562396518264,0.0005117287301613236,0.6441681225221363,0.0003871074747239332,0.0006302689586182198
0.875,0.625,0.030112124764802562,0.028975405564717255,20.612321724685003,0.00019796628818157593,0.0001890733586188505,0.0005606160437376874,0.7057078546995919,0.0003910838626439013,0.0006301959769138742
0.9,0.625,0.03145044142101601,0.028975405564717255,20.179906058317208,0.0002138029943924178,0.00020796367649183987,0.0006166271885560923,0.776215121287131,0.0004141967146398662,0.0006308658537177165
0.925,0.625,0.03278875807722946,0.028975405564717255,19.661871359266435,0.0002290731917261305,0.0002253039169894711,0.0006680422429892177,0.8409367933986788,0.0004620113393538482,0.0006319132201338836
0.95,0.625,0.0341270747334429,0.028975405564717255,19.081875970184935,0.00024197442625802247,0.00023953151833800635,0.0007102280995168523,0.8940406790996588,0.0004982365030926276,0.0006327415369152171
0.975,0.625,0.03546539138965635,0.028975405564717255,18.470651450520943,0.0002519688085737053,0.00025047760942004197,0.0007426840431867045,0.9348964744971576,0.0005236609466994527,0.0006330928261100348
0.0,0.65,-0.017398116530774815,0.030134421787305948,17.854780648267322,0.00025433355810198805,0.0002530973650742613,0.0007504518062452142,0.9446745953074149,0.000538678949717296,0.0006330835998840619
0.025,0.65,-0.016059799874561367,0.030134421787305948,17.20278396949916,0.000260330147004979,0.000259470089353607,0.0007693473899457183,0.9684605036586548,0.0005545500599859333,0.0006330594349828079
0.05,0.65,-0.01472148321834792,0.030134421787305948,16.61309836611378,0.00026434227769902836,0.0002637558413521522,0.0007820549514309341,0.9844568813120756,0.0005671907532985824,0.0006330432217315449
0.075,0.65,-0.013383166562134473,0.030134421787305948,16.129191153990135,0.0002664918708102531,0.0002661187245442406,0.000789061069250173,0.9932762371461037,0.000577585728815068,0.0006330075112614057
0.1,0.65,-0.012044849905921026,0.030134421787305948,15.794375820372945,0.00026676304793077116,0.000266557789370185,0.0007903629278909852,0.9949150269716756,0.0005863468735128986,0.0006329536192534342
0.125,0.65,-0.010706533249707578,0.030134421787305948,15.651035072733654,0.0002649737931131679,0.00026492470697712565,0.0007855207216860368,0.988819619979531,0.0005938585771427959,0.0006328988060794686
0.15,0.65,-0.009368216593494133,0.030134421787305948,15.739169134910362,0.00026072935784873677,0.00026083475590955526,0.0007733937239782093,0.9735540605437363,0.0006003359611914522,0.000632855870643593
0.175,0.65,-0.008029899937280685,0.030134421787305948,16.09314297932513,0.0002533577754859296,0.0002536225590522404,0.0007520090439876454,0.9466348583408122,0.0006058943762826582,0.0006328231928115588
0.2,0.65,-0.006691583281067236,0.030134421787305948,16.73550718164838,0.00024178211391115764,0.00024220824272634336,0.0007181647789503135,0.9040314331620719,0.000610589363419443,0.0006328007604086995
0.225,0.65,-0.005353266624853791,0.030134421787305948,17.666824238604143,0.00022414190876135563,0.0002247292203786808,0.000666338226396694,0.8387917640023294,0.000614446029725587,0.0006327854643904183
0.25,0.65,-0.004014949968640344,0.030134421787305948,18.84870917118977,0.0001966650692053513,0.00019740080604433113,0.0005853075215017107,0.7367896797683812,0.0006174690694248407,0.0006327747278751687
0.275,0.65,-0.0026766333124268946,0.030134421787305948,20.166869944159597,0.00015117390855127016,0.00015198352010677637,0.0004506420173523771,0.5672716913040127,0.0006196515203489015,0.0006327667719259088
0.3,0.65,-0.0013383166562134508,0.030134421787305948,21.328301144512277,7.901485729983811e-5,7.954662512005616e-5,0.00023586143808546447,0.29690422052126547,0.0006209825954261193,0.0006327636629348167
0.325,0.65,0.0,0.030134421787305948,21.759650867118253,3.485960749166354e-5,3.436749727594816e-5,0.00010190208973252407,0.12827514648901675,0.0006214405835077998,0.0006327588183524592
0.35,0.65,0.0013383166562134438,0.030134421787305948,21.32830475602399,8.088574348088925e-5,7.954662512005616e-5,0.00023586143808546447,0.29690422052126547,0.0006210088903918946,0.000632758759757965
0.375,0.65,0.002676633312426891,0.030134421787305948,20.620217844162916,0.00013751153108399389,0.00013589969724027017,0.0004029523311402896,0.5072395418070993,0.0006196622202782717,0.0006327595547479285
0.4,0.65,0.004014949968640342,0.030134421787305948,19.9627911015803,0.0001789784189145974,0.00017733415432338748,0.0005258084626124278,0.6618917997051286,0.0006173752952479416,0.0006327618906533667
0.425,0.65,0.005353266624853786,0.030134421787305948,19.43387085914886,0.0002082860223782713,0.0002067003754063974,0.0006128814104002286,0.7714999064871207,0.0006141195516001707,0.0006327681160958
0.45,0.65,0.006691583281067233,0.030134421787305948,19.041068840898152,0.00022884161910318354,0.00022734918661860263,0.0006741066138568871,0.8485706708143029,0.0006098544569419046,0.0006327765435147762
0.475,0.65,0.00802989993728068,0.030134421787305948,18.779721658666745,0.0002427771141135797,0.0002413877958195592,0.0007157320951373318,0.9009691517771585,0.0006045260488946737,0.0006327892778502608
0.5,0.65,0.009368216593494127,0.030134421787305948,18.644458005738457,0.0002515210145574314,0.00025022946024594745,0.0007419482631209467,0.9339702688033732,0.0005980535862967372,0.0006328077767748934
0.525,0.65,0.010706533249707575,0.030134421787305948,18.628212721621605,0.00025606973981242496,0.00025486050699179857,0.0007556796482509747,0.9512554436577342,0.0005903082702690073,0.0006328335541679801
0.55,0.65,0.012044849905921026,0.030134421787305948,18.720043947994206,0.0002571245374136979,0.0002559879566169409,0.0007590226171016788,0.955463598958159,0.0005810917257123803,0.0006328650161783358
0.575,0.65,0.013383166562134466,0.030134421787305948,18.90447160662727,0.0002551903883089439,0.00025415057499638056,0.0007535746490617639,0.9486056542366925,0.0005701030295566056,0.0006329008944689811
0.6,0.65,0.014721483218347913,0.030134421787305948,19.162147200392717,0.00025064541700130585,0.0002497860465959421,0.0007406335099054691,0.9323152471864959,0.0005569394431254091,0.0006329327169204192
0.625,0.65,0.016059799874561364,0.030134421787305948,19.471137358700823,0.0002437907043558881,0.00024321932677210254,0.0007211627155277372,0.907805259141924,0.0005411332541652438,0.0006329388562530495
0.65,0.65,0.017398116530774815,0.030134421787305948,19.808273217966374,0.00023489450666768007,0.00023487803479260873,0.0006964301876699574,0.876671759894481,0.0005223174190748605,0.0006328952419923692
0.675,0.65,0.01873643318698826,0.030134421787305948,20.1502737261967,0.000224270475763213,0.00022522415140395372,0.0006678057323178792,0.8406390719182675,0.0005006356128025632,0.000632813829799708
0.7,0.65,0.020074749843201702,0.030134421787305948,20.47454546892623,0.00021243737331672036,0.00021481634027703945,0.0006369458272494872,0.8017923823785762,0.00047710379442088947,0.000632768536704845
0.725,0.65,0.021413066499415153,0.030134421787305948,20.759684749052028,0.00020021735477996337,0.00020378774355129706,0.0006042452484396088,0.7606286383560238,0.0004536112286608355,0.0006327654035563634
0.75,0.65,0.022751383155628597,0.030134421787305948,20.98578114206934,0.00018875283602502705,0.00019178284187756635,0.0005686498555669725,0.7158208797805468,0.00043246154197308797,0.0006327069941039264
0.775,0.65,0.024089699811842048,0.030134421787305948,21.134667781918342,0.00017947155229108765,0.0001791246005981751,0.0005311172639921069,0.6685745603476915,0.00041533282226994167,0.0006324086659054953
0.8,0.65,0.0254280164680555,0.030134421787305948,21.19029180394523,0.00017402324623832125,0.00016851093388691994,0.000499646982379301,0.6289595240463816,0.00040234461341399214,0.0006317646495438021
0.825,0.65,0.026766333124268935,0.030134421787305948,21.139379642388175,0.0001740236520063069,0.00016449833635194443,0.00048774934343322223,0.6139826832113444,0.00038939249080096195,0.0006309915304997324
0.85,0.65,0.028104649780482386,0.030134421787305948,20.97252024686278,0.00018031645335449454,0.0001701201241942794,0.0005044183468397563,0.6349657548972297,0.0003892296837527728,0.0006303707862557042
0.875,0.65,0.029442966436695837,0.030134421787305948,20.68565589047057,0.00019209626831074366,0.00018408965580330111,0.0005458390081149695,0.6871064068376982,0.0003916621408946125,0.0006303519195820943
0.9,0.65,0.03078128309290928,0.030134421787305948,20.28175549919964,0.00020697533408885297,0.00020181394679058044,0.000598392799743408,0.7532615302251194,0.00039982512840885015,0.0006309969338566291
0.925,0.65,0.032119599749122735,0.030134421787305948,19.77222016135775,0.0002220565176594347,0.00021888761787031743,0.0006490174567692361,0.8169882439067496,0.0004390260396323171,0.0006319761491769974
0.95,0.65,0.03345791640533617,0.030134421787305948,19.177481472883958,0.000235351882633824,0.00023311144645011937,0.0006911921267674905,0.8700780479171704,0.000487086327408701,0.0006327339810361284
0.975,0.65,0.03479623306154962,0.030134421787305948,18.52643579622468,0.00024610602746215164,0.00024439519999452653,0.0007246492638109426,0.9121941533534472,0.0005176674780599832,0.0006330496311911116
0.0,0.675,-0.018067274858881537,0.03129343800989464,17.99038513651488,0.00024851533021850157,0.0002471958132639997,0.0007329532826459619,0.922647317123745,0.0005319019997911208,0.0006330743282209424
0.025,0.675,-0.01672895820266809,0.03129343800989464,17.266078951445806,0.00025545783057997226,0.0002542858140064786,0.00075397564240823,0.9491104277932905,0.0005498465621702146,0.0006330566960153755
0.05,0.675,-0.015390641546454642,0.03129343800989464,16.58033138475534,0.0002605555562696564,0.0002596093657172802,0.0007697603543345619,0.9689803464569007,0.0005635595841366378,0.00063304069436173
0.075,0.675,-0.014052324890241195,0.03129343800989464,15.979971387226577,0.0002639286921959536,0.0002632029675793554,0.0007804156411153199,0.982393304682506,0.0005746186997636819,0.0006330038914191683
0.1,0.675,-0.012714008234027747,0.03129343800989464,15.513062613163205,0.0002655797844257797,0.00026504903398046975,0.000785889360151306,0.9892836649589618,0.0005838509090593241,0.0006329492257551273
0.125,0.675,-0.0113756915778143,0.03129343800989464,15.22832890052781,0.00026535580651028016,0.00026500980367167676,0.0007857730394773052,0.9891372395859757,0.0005917335545707502,0.0006328957659184551
0.15,0.675,-0.010037374921600855,0.03129343800989464,15.174059909926704,0.00026290623669716234,0.00026274714317767043,0.0007790640891326482,0.980691960490058,0.0005985295706632066,0.0006328538783736639
0.175,0.675,-0.008699058265387407,0.03129343800989464,15.395146785856468,0.00025763531856308876,0.0002576721372787904,0.0007640163333316261,0.9617497279531821,0.0006043803017197025,0.0006328218010787152
0.2,0.675,-0.007360741609173958,0.03129343800989464,15.926867619714892,0.0002486383259241706,0.00024888587053978713,0.0007379644234569318,0.9289553803174587,0.0006093628909395592,0.0006327996609796799
0.225,0.675,-0.006022424952960513,0.03129343800989464,16.78464933222066,0.000234500126038379,0.00023497578830574604,0.0006967200338344134,0.8770366205102198,0.0006135152462847283,0.000632784639466558
0.25,0.675,-0.0046841082967470655,0.03129343800989464,17.94935474690861,0.00021257901102273965,0.00021330688359381408,0.0006324701801243462,0.7961584028192014,0.0006168520215033637,0.0006327743200864476
0.275,0.675,-0.0033457916405336165,0.03129343800989464,19.343054089433707,0.00017693217575280343,0.00017793635263150078,0.0005275940237063129,0.6641394779567169,0.0006193746594527715,0.0006327672302576723
0.3,0.675,-0.0020074749843201727,0.03129343800989464,20.768353006619446,0.00011521941318176512,0.00011643741440875465,0.00034524526927387847,0.43459744159311303,0.0006210739507424085,0.0006327613879968325
0.325,0.675,-0.0006691583281067219,0.03129343800989464,21.759650831063638,3.3510896389088034e-5,3.436749727594816e-5,0.00010190208973252407,0.12827514648901675,0.000621938707455843,0.0006327604287507686
0.35,0.675,0.0006691583281067219,0.03129343800989464,21.759654140759263,3.473198794709291e-5,3.436749727594816e-5,0.00010190208973252407,0.12827514648901675,0.000621946352989585,0.0006327579205394107
0.375,0.675,0.002007474984320169,0.03129343800989464,21.07245809364896,0.00010082825147137925,9.966265979527683e-5,0.00029550692096941847,0.3719864202526942,0.0006210787957370737,0.0006327597378007577
0.4,0.675,0.00334579164053362,0.03129343800989464,20.24843107644008,0.00015606674931606921,0.00015461942407571814,0.00045845766132006864,0.5771100849767349,0.0006193083590949188,0.0006327626725330649
0.425,0.675,0.004684108296747064,0.03129343800989464,19.504819992453093,0.00019408933676693074,0.00019258072260508864,0.0005710156290429692,0.7187989339106424,0.0006166070922140116,0.0006327683444569726
0.45,0.675,0.006022424952960511,0.03129343800989464,18.90750113093081,0.00022005192972005943,0.000218566883316033,0.0006480664558549541,0.8157911165278026,0.0006129376838316657,0.000632778127270513
0.475,0.675,0.007360741609173958,0.03129343800989464,18.47567090859569,0.0002376975286234785,0.0002362681591978652,0.0007005520060481305,0.8818603370634979,0.000608246918942234,0.0006327912596696207
0.5,0.675,0.008699058265387406,0.03129343800989464,18.21133422046305,0.0002492350182089271,0.0002478689890718974,0.0007349492971078636,0.9251599157187954,0.0006024606372051221,0.0006328114693874344
0.525,0.675,0.010037374921600853,0.03129343800989464,18.106839873307976,0.00025596913320541706,0.00025466162150295006,0.0007550899385386727,0.950513112465802,0.0005954573382273439,0.0006328375313444217
0.55,0.675,0.011375691577814304,0.03129343800989464,18.147149565550393,0.0002587184242755807,0.00025746120207188896,0.0007633908953426789,0.9609624217275434,0.0005870437226935492,0.0006328708444568448
0.575,0.675,0.012714008234027744,0.03129343800989464,18.3114576520321,0.00025805301478433495,0.00025685738531128487,0.0007616005354212964,0.9587087026744189,0.0005769129545484195,0.0006329045122142136
0.6,0.675,0.014052324890241191,0.03129343800989464,18.57501147737364,0.00025441072466905794,0.0002533537545165069,0.0007512120192959466,0.9456315574335257,0.0005646288842456795,0.0006329310878102009
0.625,0.675,0.015390641546454642,0.03129343800989464,18.91093840809453,0.00024815615312929757,0.0002473513162308484,0.0007334143600748553,0.9232277249926054,0.0005496290623801827,0.0006329320051429764
0.65,0.675,0.016728958202668093,0.03129343800989464,19.29178143547167,0.00023961714064197446,0.00023927932294566444,0.0007094803221243291,0.8930993710772339,0.0005313588973070246,0.0006328784615703813
0.675,0.675,0.018067274858881537,0.03129343800989464,19.69059941012867,0.00022914804012396048,0.00022956156863806007,0.0006806664849251581,0.856828287752682,0.0005097018600933258,0.000632785244743424
0.7,0.675,0.01940559151509498,0.03129343800989464,20.081642784508887,0.00021726571206716027,0.00021883075373767784,0.0006488488505451554,0.8167760010749324,0.00048545805588881785,0.0006327429078337007
0.725,0.675,0.02074390817130843,0.03129343800989464,20.44070401117893,0.0002047229184688536,0.00020756482922465626,0.0006154445778561109,0.7747264417008951,0.0004605487543197231,0.0006327302957599451
0.75,0.675,0.022082224827521875,0.03129343800989464,20.74527665932102,0.00019252563604286348,0.00019576704393785616,0.0005804632998978256,0.7306917357763132,0.000437650738415421,0.0006326591211525889
0.775,0.675,0.023420541483735326,0.03129343800989464,20.974670254247044,0.00018196688791903307,0.00018349861894201644,0.0005440865415099599,0.6849003881871997,0.00041894895197655145,0.0006323642833390693
0.8,0.675,0.024758858139948776,0.03129343800989464,21.11023841346311,0.00017467129058457566,0.00017238589888187456,0.0005111365309913438,0.6434226575814348,0.00040512970935861943,0.0006317451744241579
0.825,0.675,0.026097174796162213,0.03129343800989464,21.13588420019741,0.00017243308877982027,0.00016639108272388205,0.000493361471924437,0.6210472743911266,0.0003947236871997097,0.0006309890803145118
0.85,0.675,0.027435491452375664,0.03129343800989464,21.038985249742566,0.0001764540177383853,0.00016912365918978127,0.0005014637567662233,0.6312464938350449,0.0003886821818026178,0.0006304185901329746
0.875,0.675,0.028773808108589115,0.03129343800989464,20.81179431004204,0.0001863630863390058,0.0001805464546967003,0.0005353331631822954,0.6738815671777167,0.0003920049594559515,0.000630458322848883
0.9,0.675,0.03011212476480256,0.03129343800989464,20.45318961732078,0.00020008303701657838,0.00019684807241434634,0.0005836686267195668,0.7347266262155895,0.00039425496078291587,0.0006310969533654115
0.925,0.675,0.03145044142101601,0.03129343800989464,19.970400572910307,0.00021475864452250422,0.0002132467126102248,0.0006322917688504679,0.7959338173141142,0.0004109060519582079,0.0006320158540216657
0.95,0.675,0.03278875807722945,0.03129343800989464,19.38014179896966,0.00022822354517642408,0.00022722327194309763,0.0006737332678300022,0.8481006999195405,0.00046226882214869277,0.000632721466162129
0.975,0.675,0.0341270747334429,0.03129343800989464,18.708637351058826,0.0002395137773951173,0.00023829733335320908,0.0007065686526837725,0.8894341388430829,0.0005058884282338242,0.0006330271267197705
0.0,0.7,-0.01873643318698826,0.03245245423248332,18.266053463966273,0.00024214944408755705,0.00024115843099639132,0.0007150520120168104,0.9001130578330738,0.0005195252635334452,0.0006330722207589122
0.025,0.7,-0.01739811653077481,0.03245245423248332,17.489491038309396,0.00024987870418320755,0.00024853777149873383,0.000736932284880404,0.9276561162155292,0.0005422941153245464,0.0006330569638385311
0.05,0.7,-0.016059799874561364,0.03245245423248332,16.726215752015698,0.00025589478359117036,0.0002546129612558337,0.0007549456574224703,0.9503314902697798,0.000558113546574269,0.0006330427148211942
0.075,0.7,-0.014721483218347917,0.03245245423248332,16.02506838594181,0.000260328407886691,0.00025925011917043945,0.0007686951626053438,0.9676394747881941,0.0005702961350819177,0.0006330057047230459
0.1,0.7,-0.01338316656213447,0.03245245423248332,15.437189830606616,0.0002632227048987245,0.0002623567842487157,0.0007779066469631809,0.9792349632466187,0.0005802308964664168,0.0006329496714546833
0.125,0.7,-0.012044849905921022,0.03245245423248332,15.015702342866799,0.0002644756625699022,0.0002638131414220619,0.0007822248502402286,0.984670751260256,0.0005886117400006341,0.0006328971753676562
0.15,0.7,-0.010706533249707577,0.03245245423248332,14.815155329556982,0.0002637906400085049,0.0002633437886723248,0.0007808331857371113,0.9829189131137617,0.0005957988136188057,0.0006328534320192065
0.175,0.7,-0.00936821659349413,0.03245245423248332,14.889094244866019,0.000260634564452616,0.0002604123598071546,0.0007721412892959894,0.9719774859832794,0.0006019849991341858,0.0006328232051047994
0.2,0.7,-0.00802989993728068,0.03245245423248332,15.28379773629791,0.0002542178433898697,0.0002542423370001583,0.0007538467299720471,0.9489481518117182,0.0006072782159798459,0.0006328002436372766
0.225,0.7,-0.006691583281067235,0.03245245423248332,16.02688501607487,0.00024344397036341704,0.0002437442556419166,0.0007227191672054805,0.9097645326709521,0.0006117360111859709,0.0006327856480190733
0.25,0.7,-0.005353266624853787,0.03245245423248332,17.110820374701014,0.0002265893091828335,0.00022720559481218601,0.0006736808538713743,0.8480347208190262,0.0006153876759833788,0.0006327752813933246
0.275,0.7,-0.004014949968640338,0.03245245423248332,18.469092712042926,0.00020019552531370735,0.00020118725388353992,0.0005965346104101779,0.7509224269785613,0.0006182437470260922,0.0006327681027437864
0.3,0.7,-0.0026766333124268946,0.03245245423248332,19.925712800902357,0.00015730168530190067,0.000158715290217366,0.0004706021976459857,0.592397722161971,0.0006203039587756535,0.0006327639183732788
0.325,0.7,-0.0013383166562134438,0.03245245423248332,21.072452734283495,9.809005019795336e-5,9.966265979527683e-5,0.00029550692096941847,0.3719864202526942,0.0006215577782071303,0.000632760008139645
0.35,0.7,0.0,0.03245245423248332,21.32830611821244,7.873927457944111e-5,7.954662512005616e-5,0.00023586143808546447,0.29690422052126547,0.0006219931054957728,0.0006327607524785341
0.375,0.7,0.0013383166562134473,0.03245245423248332,20.768360647914896,0.00011660915133270922,0.00011643741440875465,0.00034524526927387847,0.43459744159311303,0.0006215861572721002,0.0006327607763287917
0.4,0.7,0.002676633312426898,0.03245245423248332,19.925721620709663,0.00015946054634073832,0.000158715290217366,0.0004706021976459857,0.592397722161971,0.0006203165985760511,0.0006327651522432608
0.425,0.7,0.004014949968640342,0.03245245423248332,19.093779439768838,0.0001927014526964287,0.0001916665732110027,0.0005683051106471397,0.7153869121827383,0.0006181532575288005,0.0006327709362576636
0.45,0.7,0.005353266624853789,0.03245245423248332,18.389447773569657,0.00021718083395612375,0.00021600211223960153,0.0006404617260058356,0.8062182231949416,0.0006150615766065367,0.0006327812032590121
0.475,0.7,0.006691583281067236,0.03245245423248332,17.8604298695472,0.00023499882976010155,0.00023375170975578526,0.000693090553304126,0.8724678020696588,0.0006109919333424596,0.0006327964336339733
0.5,0.7,0.008029899937280684,0.03245245423248332,17.522967227159832,0.00024757558995892724,0.00024629982173938537,0.0007302966036330061,0.9193030688315293,0.0006058719441675486,0.0006328167339174328
0.525,0.7,0.009368216593494131,0.03245245423248332,17.37465608212863,0.0002557253358299955,0.00025444071786304064,0.000754434943432234,0.9496885995098012,0.0005995899052756234,0.0006328462411594419
0.55,0.7,0.010706533249707582,0.03245245423248332,17.400223525359912,0.00025993597409115137,0.0002586514637282256,0.0007669201063624782,0.9654050201251201,0.0005919578934764929,0.0006328789225313875
0.575,0.7,0.012044849905921022,0.03245245423248332,17.575671444931086,0.0002605772209333959,0.0002593044434173063,0.0007688562378862823,0.9678422376099614,0.0005826691498616811,0.0006329121930445387
0.6,0.7,0.01338316656213447,0.03245245423248332,17.87191976539573,0.00025799196063455113,0.0002567996202408904,0.0007614292578522758,0.9584930971327261,0.0005712662020384638,0.0006329330886990009
0.625,0.7,0.01472148321834792,0.03245245423248332,18.25778458248795,0.0002525208362044853,0.00025152942341139444,0.0007458027469685984,0.9388223231772813,0.0005571134997500386,0.0006329248029862053
0.65,0.7,0.01605979987456137,0.03245245423248332,18.70205328011511,0.00024450569828306695,0.00024391876044050097,0.000723236586425778,0.9104158640269049,0.0005394838236459582,0.0006328593150355832
0.675,0.7,0.017398116530774815,0.03245245423248332,19.174686141686237,0.00023432259746448787,0.00023432955569949485,0.0006948039078942107,0.874624586210275,0.0005179805312676464,0.0006327611785657274
0.7,0.7,0.01873643318698826,0.03245245423248332,19.647366450342368,0.0002224807755288872,0.00022333096058446697,0.0006621922860078639,0.8335728218578862,0.0004931054275974782,0.0006327092672489004
0.725,0.7,0.02007474984320171,0.03245245423248332,20.093660360448794,0.00020967120084727114,0.00021150958630211582,0.0006271410649890747,0.7894500710624327,0.00046671049592253314,0.0006326928516851368
0.75,0.7,0.021413066499415153,0.03245245423248332,20.48900303728908,0.00019677521445476018,0.00019928184623555124,0.000590884940329073,0.7438105781521966,0.00044183145306641756,0.0006326237949874108
0.775,0.7,0.022751383155628604,0.03245245423248332,20.81067422153337,0.000184952291752242,0.00018688725934265692,0.0005541341028847297,0.6975483369249439,0.0004212342922030027,0.0006323119498601556
0.8,0.7,0.024089699811842055,0.03245245423248332,21.03790019820823,0.00017579621131466207,0.00017538278511804013,0.0005200225132234465,0.654608401421563,0.0004060608305131875,0.0006316921860249348
0.825,0.7,0.02542801646805549,0.03245245423248332,21.15222001099487,0.0001712781705850242,0.00016780117675391676,0.0004975425016696683,0.6263103872914826,0.0003954852927966514,0.0006309699022824215
0.85,0.7,0.026766333124268942,0.03245245423248332,21.138256466813075,0.00017294833741153195,0.00016787247419646476,0.000497753903690883,0.626576501807,0.00038704376742331066,0.0006304657626375319
0.875,0.7,0.028104649780482393,0.03245245423248332,20.984992796098503,0.00018085227358172833,0.00017674419643730905,0.0005240591952461466,0.6596898082813298,0.0003913023944678108,0.0006305325783945022
0.9,0.7,0.029442966436695837,0.03245245423248332,20.68752335065698,0.00019323964226116333,0.0001914641814053536,0.0005677050044545129,0.7146314938201686,0.0003916304796189391,0.0006311448725504512
0.925,0.7,0.030781283092909287,0.03245245423248332,20.249004413124506,0.0002073456387813442,0.0002074227258697584,0.0006150232312359067,0.7741960472843409,0.0003964172253815217,0.0006320309933434329
0.95,0.7,0.032119599749122735,0.03245245423248332,19.682260042629128,0.00022083655553013724,0.00022126625532475103,0.0006560702871041487,0.8258664018203684,0.00042476899317192443,0.0006327193487207728
0.975,0.7,0.03345791640533617,0.03245245423248332,19.010398504780383,0.0002325212761648066,0.0002323393694772499,0.0006889028632712852,0.8671963051472381,0.0004809482578378815,0.0006330215557822344
0.0,0.725,-0.019405591515094984,0.03361147045507201,18.671027960187878,0.00023542512013496574,0.00023491504723483172,0.0006965399322108049,0.8768099071796892,0.0004948057489971293,0.000633076534631011
0.025,0.725,-0.018067274858881537,0.03361147045507201,17.863330795540406,0.00024385188598872415,0.0002425519269596196,0.0007191838273057339,0.9053142191914267,0.000529233281767801,0.0006330626579285081
0.05,0.725,-0.01672895820266809,0.03361147045507201,17.043759485524312,0.00025067597006539087,0.0002491019690353388,0.0007386051709663578,0.9297619582870552,0.0005497447909391083,0.0006330498338607362
0.075,0.725,-0.015390641546454642,0.03361147045507201,16.262354090621592,0.0002560272577678625,0.00025457551393277415,0.00075483462342881,0.9501917198112994,0.0005640733478667701,0.0006330122627021775
0.1,0.725,-0.014052324890241195,0.03361147045507201,15.572046938269715,0.0002599980608886927,0.0002587830732215746,0.0007673103379319525,0.9658962466727831,0.0005751797607630022,0.000632954616417964
0.125,0.725,-0.012714008234027747,0.03361147045507201,15.028453332285473,0.0002625631437380259,0.00026157423130200846,0.0007755863214545899,0.9763141193728772,0.0005843005159958592,0.0006329002925727354
0.15,0.725,-0.011375691577814302,0.03361147045507201,14.689910438110262,0.0002635052333727788,0.00026275282616436006,0.0007790809395950181,0.9807131719837043,0.0005920143798016316,0.0006328574398412458
0.175,0.725,-0.010037374921600855,0.03361147045507201,14.615949635040884,0.00026236372610123295,0.00026186454054362033,0.0007764471091387026,0.9773976856330523,0.0005986158939723209,0.0006328255922653863
0.2,0.725,-0.008699058265387406,0.03361147045507201,14.861615599493778,0.00025842841956751284,0.000258201016042689,0.000765584496728096,0.9637237442852209,0.0006042657672122749,0.0006328037782177226
0.225,0.725,-0.00736074160917396,0.03361147045507201,15.465322192336673,0.0002507870681491356,0.00025086796239719844,0.000743841467708664,0.9363534495257761,0.000609055423531911,0.0006327878924324979
0.25,0.725,-0.006022424952960513,0.03361147045507201,16.429790766612008,0.00023829685800231143,0.00023873268143279422,0.0007078594909055541,0.8910590560791011,0.0006130332644648277,0.0006327779859202611
0.275,0.725,-0.004684108296747064,0.03361147045507201,17.69554505583515,0.0002191628110697133,0.00022001868540637027,0.0006523711529847899,0.8212099028978361,0.0006162248831918403,0.0006327706204702274
0.3,0.725,-0.00334579164053362,0.03361147045507201,19.093770146715663,0.0001903253154039674,0.0001916665732110027,0.0005683051106471397,0.7153869121827383,0.0006186396511066555,0.0006327658932094325
0.325,0.725,-0.002007474984320169,0.03361147045507201,20.24842478116325,0.00015293846778658272,0.00015461942407571814,0.00045845766132006864,0.5771100849767349,0.0006202758088267334,0.0006327642953206732
0.35,0.725,-0.0006691583281067254,0.03361147045507201,20.620217533613264,0.00013459753819345654,0.00013589969724027017,0.0004029523311402896,0.5072395418070993,0.0006211216117576761,0.0006327625676944405
0.375,0.725,0.0006691583281067219,0.03361147045507201,20.166877200402638,0.00015149948389348621,0.00015198352010677637,0.0004506420173523771,0.5672716913040127,0.0006211634239841675,0.0006327654121073701
0.4,0.725,0.0020074749843201727,0.03361147045507201,19.343062887379247,0.0001780818630476858,0.00017793635263150078,0.0005275940237063129,0.6641394779567169,0.0006203756919464261,0.0006327682653856923
0.425,0.725,0.0033457916405336165,0.03361147045507201,18.469102342426034,0.000201733507083027,0.00020118725388353992,0.0005965346104101779,0.7509224269785613,0.0006187349807270344,0.0006327762316865311
0.45,0.725,0.004684108296747064,0.03361147045507201,17.695555068268277,0.00022082112824717374,0.00022001868540637027,0.0006523711529847899,0.8212099028978361,0.0006162038817378135,0.000632786790703225
0.475,0.725,0.006022424952960511,0.03361147045507201,17.094978934622958,0.0002358611060290566,0.00023488847538384448,0.0006964611447703951,0.8767107289343108,0.0006127365387377119,0.0006328030885894886
0.5,0.725,0.007360741609173958,0.03361147045507201,16.70066815793424,0.00024738060673588403,0.0002462902117715204,0.0007302681093903255,0.919267200056281,0.0006082658201522738,0.0006328268322320911
0.525,0.725,0.008699058265387406,0.03361147045507201,16.520120591978397,0.0002556023115952247,0.0002544286214047779,0.0007543990765675207,0.9496434500203522,0.0006026832932372112,0.0006328571262545738
0.55,0.725,0.010037374921600856,0.03361147045507201,16.54152801434386,0.00026055541306911433,0.0002593210140026662,0.0007689053708581338,0.9679040865786942,0.0005958111802537975,0.0006328931890340583
0.575,0.725,0.011375691577814297,0.03361147045507201,16.739483835694124,0.00026224774029459273,0.00026097077921122133,0.0007737970428053208,0.9740617614335344,0.0005873453205127381,0.0006329249452373326
0.6,0.725,0.012714008234027744,0.03361147045507201,17.080802549906437,0.00026076396280536404,0.00025950614951896763,0.0007694543109174971,0.968595096613065,0.0005768167819093233,0.0006329386880149718
0.625,0.725,0.014052324890241195,0.03361147045507201,17.5294734272003,0.0002562816252250498,0.0002551608419585556,0.0007565701629278671,0.952376430488611,0.0005635365297085473,0.0006329204164541245
0.65,0.725,0.015390641546454645,0.03361147045507201,18.049933496142625,0.0002490568223885214,0.0002482822484486835,0.0007361746407445542,0.926702387859538,0.0005466314704928672,0.0006328345817620728
0.675,0.725,0.01672895820266809,0.03361147045507201,18.60866871322694,0.0002394215704642708,0.00023914713274742323,0.0007090883687232777,0.8926059770745327,0.0005254188592458371,0.0006327251828096059
0.7,0.725,0.018067274858881533,0.03361147045507201,19.174673018349836,0.00022784455567612696,0.00022820260076451165,0.0006766370478939413,0.8517560009447832,0.0005000336937825202,0.0006326676459438705
0.725,0.725,0.019405591515094984,0.03361147045507201,19.71934443056701,0.00021493967121824492,0.0002159411194828335,0.000640280878115653,0.8059905704582186,0.0004721400493759991,0.0006326516383212624
0.75,0.725,0.020743908171308428,0.03361147045507201,20.216219263372395,0.0002014632751331827,0.00020295840689371012,0.0006017862058790951,0.757533176373835,0.0004450939936235394,0.0006325843401515485
0.775,0.725,0.02208222482752188,0.03361147045507201,20.640763125821763,0.00018844192544561345,0.00018981833531399466,0.0005628249529703753,0.7084884468949799,0.00042233840537686355,0.0006322625219638159
0.8,0.725,0.02342054148373533,0.03361147045507201,20.970336038516496,0.00017743412406497747,0.00017746761032851703,0.0005262041692215201,0.662389918275427,0.00040550667810696644,0.0006316300656582426
0.825,0.725,0.024758858139948766,0.03361147045507201,21.184426507476275,0.0001705796816405414,0.00016822870923764821,0.0004988101660902387,0.627906133165531,0.000393958058452605,0.0006309183022616193
0.85,0.725,0.026097174796162217,0.03361147045507201,21.265268940832648,0.00016978896627301972,0.0001654291719085193,0.0004905093374953647,0.6174569852944463,0.0003859068089826762,0.0006304779553917566
0.875,0.725,0.027435491452375668,0.03361147045507201,21.198966500398186,0.00017554607623136134,0.00017113569067074707,0.0005074295741451201,0.6387563113492236,0.0003886355952560923,0.0006305780895075679
0.9,0.725,0.02877380810858911,0.03361147045507201,20.977170210136542,0.0001864398866942283,0.00018388996804271027,0.0005452469196095183,0.6863610812023695,0.00038920522146207085,0.000631171531889874
0.925,0.725,0.030112124764802562,0.03361147045507201,20.599158889508935,0.0001998309028733151,0.00019942999091674503,0.0005913241999142326,0.7443635215489508,0.00038986631767349374,0.0006320352773720182
0.95,0.725,0.03145044142101601,0.03361147045507201,20.073847289860563,0.00021324436882324697,0.00021387881854057297,0.0006341660081853141,0.7982931244280695,0.0004002938405729975,0.000632719479931029
0.975,0.725,0.032788758077229446,0.03361147045507201,19.421000994341348,0.00022524732336119967,0.00022561313823416543,0.0006689591061163474,0.8420909478645159,0.00043953290179258805,0.0006330245775011032
0.0,0.75,-0.020074749843201706,0.03477048667766071,19.191082380203245,0.00022832494255225385,0.00022749182059085305,0.0006745295337955275,0.8491030457363935,0.0004528927198783483,0.0006330950124170149
0.025,0.75,-0.01873643318698826,0.03477048667766071,18.372580078829657,0.00023742393920947162,0.00023611880473919093,0.0007001091593861353,0.8813028782264053,0.0005046207681051024,0.0006330812191059393
0.05,0.75,-0.01739811653077481,0.03477048667766071,17.517914216221453,0.0002450126063230793,0.00024326377603760215,0.0007212945107819891,0.9079711640373985,0.0005358808170945462,0.0006330595573624507
0.075,0.75,-0.016059799874561364,0.03477048667766071,16.678072344060396,0.00025120292237433664,0.00024937490638527767,0.0007394144497480365,0.9307806847385223,0.0005548079004245224,0.0006330210601230677
0.1,0.75,-0.014721483218347917,0.03477048667766071,15.907164764121992,0.0002561222717215836,0.0002545225762335162,0.0007546776593607925,0.9499941322164687,0.0005681173267931099,0.0006329655505891553
0.125,0.75,-0.01338316656213447,0.03477048667766071,15.261981822930341,0.0002598261906433236,0.0002584962100613344,0.0007664597681258058,0.9648255427572011,0.0005784666070090729,0.0006329086044018033
0.15,0.75,-0.012044849905921024,0.03477048667766071,14.802374045244182,0.0002622004662340085,0.00026113185349664,0.000774274639592615,0.9746629639997788,0.0005869647684262945,0.0006328639195777883
0.175,0.75,-0.010706533249707577,0.03477048667766071,14.590702971780185,0.00026288626454174733,0.0002620974233249286,0.0007771376232569547,0.9782669101985546,0.0005941288670448922,0.0006328304889497772
0.2,0.75,-0.009368216593494127,0.03477048667766071,14.687402697953786,0.0002612579039939692,0.0002607629683642341,0.0007731808687671867,0.973286116741538,0.0006002240709511359,0.0006328091220213099
0.225,0.75,-0.008029899937280682,0.03477048667766071,15.139267643470411,0.0002565061029796747,0.0002563390083639716,0.0007600635106628086,0.9567738839030887,0.0006053972417656416,0.0006327931740436327
0.25,0.75,-0.006691583281067235,0.03477048667766071,15.958792305612379,0.0002477907586438649,0.0002480000184265598,0.0007353378085246012,0.9256489769247577,0.0006097318022141656,0.0006327822325807227
0.275,0.75,-0.005353266624853786,0.03477048667766071,17.094968882966782,0.00023424415012446802,0.00023488847538384445,0.000696461144770395,0.8767107289343107,0.0006132736342377467,0.00063277569386364
0.3,0.75,-0.004014949968640342,0.03477048667766071,18.38943837949595,0.00021487061753580936,0.00021600211223960153,0.0006404617260058356,0.8062182231949416,0.0006160461671174771,0.0006327704916158873
0.325,0.75,-0.002676633312426891,0.03477048667766071,19.504813197187843,0.00019106161723968156,0.00019258072260508864,0.0005710156290429692,0.7187989339106424,0.0006180587363423923,0.0006327680723474282
0.35,0.75,-0.0013383166562134473,0.03477048667766071,19.962789441288887,0.0001759488510171587,0.00017733415432338748,0.0005258084626124278,0.6618917997051286,0.0006193085522958111,0.0006327689714680452
0.375,0.75,0.0,0.03477048667766071,19.62891163523924,0.00018148461133689998,0.00018226100887250735,0.0005404169390555137,0.6802810639551246,0.0006197825627227193,0.0006327701711362789
0.4,0.75,0.0013383166562134508,0.03477048667766071,18.84871704082768,0.0001972094809575211,0.00019740080604433113,0.0005853075215017107,0.7367896797683812,0.0006194647266979836,0.0006327761401658024
0.425,0.75,0.0026766333124268946,0.03477048667766071,17.949363698305426,0.00021353735186929764,0.00021330688359381405,0.0006324701801243461,0.7961584028192014,0.0006183270896675697,0.0006327828050826644
0.45,0.75,0.004014949968640342,0.03477048667766071,17.110829979812955,0.00022773409134787121,0.00022720559481218601,0.0006736808538713743,0.8480347208190262,0.000616340318977968,0.0006327961301532389
0.475,0.75,0.005353266624853789,0.03477048667766071,16.42980066261117,0.000239478856175052,0.00023873268143279422,0.0007078594909055541,0.8910590560791011,0.0006134573503500552,0.0006328140643299099
0.5,0.75,0.006691583281067236,0.03477048667766071,15.958802182988123,0.0002489128039575506,0.0002480000184265598,0.0007353378085246012,0.9256489769247577,0.0006096153309202115,0.0006328400345871446
0.525,0.75,0.008029899937280684,0.03477048667766071,15.720063793990525,0.00025607480820227666,0.00025502901180053666,0.0007561792770718492,0.9518843803199365,0.0006047136195746517,0.0006328755120400848
0.55,0.75,0.009368216593494134,0.03477048667766071,15.710917663978304,0.0002608262897677724,0.0002596740039330293,0.0007699520112715954,0.9692216057062265,0.00059857797606293,0.000632914544034721
0.575,0.75,0.010706533249707575,0.03477048667766071,15.908963442149577,0.0002629673878348102,0.0002617299590199841,0.0007760480652866642,0.9768953661152668,0.000590913844541053,0.0006329455852913531
0.6,0.75,0.012044849905921022,0.03477048667766071,16.279038364923295,0.0002623407579361107,0.0002610767559577636,0.0007741112714455096,0.9744573149001715,0.0005812461356603802,0.0006329527701362313
0.625,0.75,0.013383166562134473,0.03477048667766071,16.780449670767865,0.00025889432395338855,0.0002577080839813728,0.0007641229178781448,0.9618838974128472,0.0005688488193985538,0.0006329124290046493
0.65,0.75,0.014721483218347924,0.03477048667766071,17.37235664827048,0.00025269510479503814,0.0002517899512374376,0.0007465752306235501,0.9397947316358263,0.0005527327015215343,0.0006327983654793686
0.675,0.75,0.016059799874561367,0.03477048667766071,18.016559431128307,0.00024393153011411351,0.00024345880498599065,0.0007218727855757441,0.9086991008645484,0.0005319487219356407,0.0006326656482811935
0.7,0.75,0.01739811653077481,0.03477048667766071,18.67827864551778,0.00023295849825216608,0.00023299993949067597,0.0006908615006501515,0.8696618531782198,0.0005062149290905614,0.0006325983981906013
0.725,0.75,0.018736433186988262,0.03477048667766071,19.3259079382792,0.00022026154580261957,0.00022070656992926544,0.0006544107798396303,0.8237774011137641,0.0004768702095302844,0.000632601491911278
0.75,0.75,0.020074749843201706,0.03477048667766071,19.930484063041803,0.00020644038840656728,0.000207106940988699,0.0006140869064570754,0.7730173943393311,0.00044751821795762574,0.0006325515534140665
0.775,0.75,0.021413066499415156,0.03477048667766071,20.465255664010776,0.00019237311238634624,0.00019290787832228792,0.0005719856691649737,0.7200200279929813,0.0004224006064677551,0.0006322102416726158
0.8,0.75,0.022751383155628607,0.03477048667766071,20.905490292779966,0.000179569175022401,0.00017918407388928007,0.0005312936065578226,0.6687965417467855,0.00040372022507652344,0.0006315592945451208
0.825,0.75,0.024089699811842044,0.03477048667766071,21.228571363496165,0.00017032526447447862,0.00016790048629742734,0.0004978369615755746,0.6266810557209957,0.0003908674948538644,0.0006308485235532197
0.85,0.75,0.025428016468055495,0.03477048667766071,21.41445306698165,0.00016693757066959765,0.00016191421253967448,0.0004800872313369139,0.6043375566575214,0.00038210809669600345,0.0006304411272845952
0.875,0.75,0.026766333124268946,0.03477048667766071,21.446591100361644,0.00017038026979843924,0.00016367944006903353,0.0004853212573310312,0.6109261894606859,0.00037898216086503493,0.0006305793353671335
0.9,0.75,0.02810464978048239,0.03477048667766071,21.313466001338973,0.00017960751574665196,0.00017329430917658657,0.0005138300325466775,0.6468132583776081,0.0003861275622546477,0.0006311958610816341
0.925,0.75,0.02944296643669584,0.03477048667766071,21.01067375273871,0.00019212887663111068,0.00018782922760781037,0.0005569271062247789,0.7010641913449027,0.00038533170228927495,0.0006320439936195656
0.95,0.75,0.030781283092909284,0.03477048667766071,20.543235981589227,0.00020535811760781075,0.00020322452974023833,0.0006025752791703229,0.7585264679961019,0.00038896781266938474,0.0006327115529544947
0.975,0.75,0.03211959974912273,0.03477048667766071,19.92740114492614,0.00021762526494346237,0.00021665165334646834,0.0006423876618872135,0.8086426063254609,0.00040670135646690486,0.000633027591312886
0.0,0.775,-0.02074390817130843,0.0359295029002494,19.809381249162307,0.0002206740328664813,0.00021741466033888132,0.000644650032242061,0.811490495798996,0.00041483009941824234,0.0006331144183728714
0.025,0.775,-0.019405591515094984,0.0359295029002494,18.998842048285894,0.00023045176179688404,0.00022825564406124332,0.000676794325066028,0.8519539826774617,0.0004636655041877684,0.0006331118826725139
0.05,0.775,-0.018067274858881537,0.0359295029002494,18.128768324420534,0.0002388077793463005,0.00023675603234646526,0.0007019985848597196,0.8836813017704196,0.0005111578107047602,0.0006330818175318434
0.075,0.775,-0.01672895820266809,0.0359295029002494,17.251162091913717,0.0002458197510848346,0.00024370057135526753,0.0007225896401682839,0.9096014830248232,0.0005400148422288393,0.0006330349020188333
0.1,0.775,-0.015390641546454642,0.0359295029002494,16.4212832578413,0.0002516242551903152,0.0002496147195749387,0.0007401255130231906,0.9316757767432373,0.0005578667088189023,0.0006329778499600802
0.125,0.775,-0.014052324890241195,0.0359295029002494,15.696574949775114,0.0002563366196058167,0.00025463770748249424,0.0007550190317560581,0.9504238544540101,0.0005704884799318525,0.0006329208751217172
0.15,0.775,-0.01271400823402775,0.0359295029002494,15.1369265529109,0.0002599462356387677,0.00025854496706491137,0.0007666043361318406,0.965007526092385,0.0005802859261388399,0.0006328733829362125
0.175,0.775,-0.011375691577814302,0.0359295029002494,14.804775215143515,0.00026221992520348924,0.0002611320096911816,0.0007742751027206124,0.9746635469889193,0.0005882909802439713,0.0006328394674112172
0.2,0.775,-0.010037374921600853,0.0359295029002494,14.762108463067328,0.00026264704886370553,0.00026187473402749053,0.0007764773335481116,0.9774357323556921,0.0005949941866034227,0.0006328154237818478
0.225,0.775,-0.008699058265387407,0.0359295029002494,15.060350216272418,0.0002605033888535136,0.0002600710890179337,0.0007711293969749673,0.9707037080259193,0.0006006494963676972,0.0006328006241204268
0.25,0.775,-0.00736074160917396,0.0359295029002494,15.720054154547105,0.0002550759291242726,0.00025502901180053666,0.0007561792770718492,0.9518843803199365,0.0006053997651952834,0.0006327886008319636
0.275,0.775,-0.006022424952960511,0.0359295029002494,16.700658327373425,0.00024590452553508834,0.0002462902117715204,0.0007302681093903255,0.919267200056281,0.0006093264519664962,0.0006327812654191477
0.3,0.775,-0.004684108296747067,0.0359295029002494,17.86042062549253,0.00023290173500035608,0.00023375170975578526,0.000693090553304126,0.8724678020696588,0.0006124761395842069,0.0006327779409971916
0.325,0.775,-0.0033457916405336165,0.0359295029002494,18.907494091028802,0.00021733301420189931,0.000218566883316033,0.0006480664558549541,0.8157911165278026,0.0006148705819147351,0.0006327749417235415
0.35,0.775,-0.0020074749843201727,0.0359295029002494,19.433868109012405,0.00020544581846703306,0.0002067003754063974,0.0006128814104002286,0.7714999064871207,0.0006165189527944815,0.0006327748595763871
0.375,0.775,-0.0006691583281067254,0.0359295029002494,19.24416420370722,0.0002050783478547694,0.00020592618666131747,0.0006105858853482412,0.7686102816218624,0.0006174184007669017,0.0006327788917021215
0.4,0.775,0.0006691583281067254,0.0359295029002494,18.553968525749227,0.00021364162163831703,0.00021398817770374378,0.0006344902659329478,0.7987013026134934,0.0006175541179116539,0.0006327839557797062
0.425,0.775,0.002007474984320169,0.0359295029002494,17.666832246947124,0.00022479225738015617,0.00022472922037868078,0.0006663382263966939,0.8387917640023292,0.0006169071739928214,0.000632794853590792
0.45,0.775,0.0033457916405336165,0.0359295029002494,16.78465817217375,0.0002353462394152933,0.000234975788305746,0.0006967200338344133,0.8770366205102197,0.0006154449323831166,0.000632808208549428
0.475,0.775,0.004684108296747064,0.0359295029002494,16.02689434006272,0.0002443499455050551,0.0002437442556419166,0.0007227191672054805,0.9097645326709521,0.0006131281684232989,0.0006328301276149362
0.5,0.775,0.006022424952960511,0.0359295029002494,15.465331676073896,0.00025166097898553843,0.0002508679623971984,0.0007438414677086638,0.9363534495257759,0.0006098952281746014,0.0006328599258434637
0.525,0.775,0.007360741609173958,0.0359295029002494,15.139277029843253,0.0002572881832157836,0.0002563390083639716,0.0007600635106628086,0.9567738839030887,0.000605651291372149,0.0006329006627921899
0.55,0.775,0.008699058265387409,0.0359295029002494,15.060359368811415,0.0002611518615423538,0.0002600710890179337,0.0007711293969749673,0.9707037080259193,0.0006002307261581733,0.0006329457234489346
0.575,0.775,0.01003737492160085,0.0359295029002494,15.21580084022818,0.0002630694483023752,0.00026188090788713996,0.000776495639483948,0.9774587760107065,0.0005933430873514978,0.000632978982826947
0.6,0.775,0.011375691577814297,0.0359295029002494,15.574337247247696,0.00026281499990118615,0.00026157249935185024,0.0007755811860983835,0.9763076549463735,0.0005845152553479896,0.000632974534155926
0.625,0.775,0.012714008234027747,0.0359295029002494,16.094314414135997,0.00026018345018245315,0.0002589763204688482,0.0007678833298543529,0.9666175333802085,0.0005729984296362749,0.000632905911080053
0.65,0.775,0.014052324890241198,0.0359295029002494,16.731105242712935,0.0002550449844300524,0.00025405506431402426,0.0007532914530511338,0.9482491648865328,0.0005577178547863827,0.0006327485052121334
0.675,0.775,0.015390641546454642,0.0359295029002494,17.441781447221135,0.00024738529067712547,0.0002467634208289748,0.0007316712081218911,0.9210334316988562,0.0005374895562163511,0.0006325677344314989
0.7,0.775,0.016728958202668086,0.0359295029002494,18.18696616798466,0.00023736616647586248,0.0002371917943322851,0.0007032906503431178,0.8853077638929466,0.0005115940771180906,0.0006324858757210957
0.725,0.775,0.018067274858881537,0.0359295029002494,18.930942369932275,0.00022526356931205758,0.00022538142287506112,0.0006682720534885036,0.8412260806501767,0.00048091067015509334,0.0006325056874391224
0.75,0.775,0.01940559151509498,0.0359295029002494,19.64111747341348,0.00021144523907384974,0.00021160995939868138,0.0006274386784059268,0.789824709156156,0.000449178032382088,0.0006324990080251533
0.775,0.775,0.02074390817130843,0.0359295029002494,20.287497171831987,0.0001965931363508404,0.00019649326206227935,0.0005826165886254325,0.7334023124454662,0.00042156315818420197,0.0006321780693778201
0.8,0.775,0.022082224827521882,0.0359295029002494,20.842412880082037,0.0001821319659829892,0.0001811512682004465,0.0005371264785184493,0.6761390065300397,0.00040093495559272965,0.0006315092547848961
0.825,0.775,0.02342054148373532,0.0359295029002494,21.280541158960705,0.0001704839067510489,0.00016750510639796976,0.0004966646318691237,0.6252053179297186,0.0003866055232479546,0.0006307607883303558
0.85,0.775,0.02475885813994877,0.0359295029002494,21.579228766865747,0.00016434839240041412,0.00015810679433826919,0.00046879796380330227,0.5901265385083467,0.0003766956530809462,0.0006303441767820549
0.875,0.775,0.02609717479616222,0.0359295029002494,21.71921356073915,0.0001652753062422918,0.00015548638610146754,0.0004610282657907187,0.5803459819627876,0.0003702543746793096,0.0006305267941215684
0.9,0.775,0.027435491452375664,0.0359295029002494,21.685905191614815,0.00017264219992990966,0.00016078714955293814,0.0004767454088967623,0.6001308444676544,0.00038157729834246637,0.000631210382075734
0.925,0.775,0.028773808108589115,0.0359295029002494,21.471337650724188,0.00018411192713869114,0.0001728360262138497,0.0005124711907544827,0.6451027377159935,0.0003808758454380409,0.000632067270789836
0.95,0.775,0.03011212476480256,0.0359295029002494,21.07662538904914,0.00019701100211785464,0.00018838660204396204,0.0005585797613294347,0.7031445664991512,0.0003820318448192099,0.0006327104204143238
0.975,0.775,0.031450441421016,0.0359295029002494,20.51428100903142,0.0002094682576668409,0.00020399109412115428,0.000604848197436749,0.7613876352631194,0.00039027421811215006,0.0006330246323374144
0.0,0.8,-0.021413066499415156,0.03708851912283809,20.505968959227282,0.00021219398919246273,0.00020350131768009238,0.0006033959752267572,0.759559566602209,0.00039375883178978236,0.0006331218873386636
0.025,0.8,-0.02007474984320171,0.03708851912283809,19.720612027837554,0.00022265955128444414,0.00021745280319158906,0.00064476312853092,0.8116328622907807,0.0004232309038813811,0.0006331342894700263
0.05,0.8,-0.018736433186988262,0.03708851912283809,18.852961068349913,0.00023181327846614883,0.00022855045086798363,0.0006776684483527194,0.8530543358983241,0.00047159300279822093,0.0006331159210392887
0.075,0.8,-0.017398116530774815,0.03708851912283809,17.956097785180184,0.00023966254662457736,0.00023707410820875504,0.0007029417025619063,0.8848685057004071,0.0005150108414597539,0.0006330615703313994
0.1,0.8,-0.016059799874561367,0.03708851912283809,17.08667728368596,0.000246335300266622,0.00024397203451480748,0.0007233945478698951,0.9106147071265599,0.0005420411037619965,0.0006329936883866179
0.125,0.8,-0.01472148321834792,0.03708851912283809,16.302884166233753,0.0002519830283246894,0.00024987658759263753,0.0007409019704423434,0.9326531874071967,0.0005591628896012087,0.000632932480164788
0.15,0.8,-0.013383166562134475,0.03708851912283809,15.66410365030028,0.00025667296607530374,0.0002549258363070323,0.0007558733543474547,0.9514992824049767,0.0005713171228879741,0.0006328843046056901
0.175,0.8,-0.012044849905921027,0.03708851912283809,15.231145030308724,0.00026029300332490213,0.0002588825264001362,0.0007676052237260677,0.9662674512137003,0.0005807066626081286,0.0006328498509514729
0.2,0.8,-0.010706533249707578,0.03708851912283809,15.064383470033157,0.00026247090755434006,0.00026141552465435564,0.0007751157448827665,0.9757217539087009,0.000588319087865448,0.0006328240365220605
0.225,0.8,-0.009368216593494133,0.03708851912283809,15.21579191643957,0.00026259111829122643,0.00026188090788713996,0.000776495639483948,0.9774587760107065,0.0005946365350072593,0.0006328075917936888
0.25,0.8,-0.008029899937280685,0.03708851912283809,15.710908354819868,0.00025999800330663123,0.0002596740039330293,0.0007699520112715954,0.9692216057062265,0.0005999130102781228,0.0006327966266644032
0.275,0.8,-0.006691583281067236,0.03708851912283809,16.520111138622077,0.0002543303138974272,0.0002544286214047779,0.0007543990765675207,0.9496434500203522,0.0006042923580554999,0.000632787617115619
0.3,0.8,-0.005353266624853793,0.03708851912283809,17.52295830149339,0.0002457669540655086,0.00024629982173938537,0.0007302966036330061,0.9193030688315293,0.0006078578335778319,0.0006327832057267202
0.325,0.8,-0.004014949968640342,0.03708851912283809,18.475663823194484,0.00023537264201640688,0.00023626815919786524,0.0007005520060481305,0.881860337063498,0.0006106578627244148,0.0006327828218281369
0.35,0.8,-0.002676633312426898,0.03708851912283809,19.041065272923536,0.00022634442837377757,0.0002273491866186026,0.000674106613856887,0.8485706708143028,0.0006127138064221974,0.0006327824868366877
0.375,0.8,-0.0013383166562134508,0.03708851912283809,19.000029499051912,0.00022343535209003897,0.0002242071496255192,0.0006647902492394329,0.8368431582658766,0.0006140342219425284,0.0006327856338831448
0.4,0.8,0.0,0.03708851912283809,18.44460862780502,0.00022733733383558898,0.00022771457605202814,0.0006751900196845876,0.8499344705324452,0.0006146160147678539,0.000632793765258162
0.425,0.8,0.0013383166562134438,0.03708851912283809,17.62067679632512,0.00023467635926820927,0.00023467956885719606,0.0006958417219636278,0.8759309946669834,0.0006144431998263397,0.0006328048916247927
0.45,0.8,0.002676633312426891,0.03708851912283809,16.735515216381287,0.00024250864024257389,0.00024220824272634336,0.0007181647789503135,0.9040314331620719,0.0006134916094086213,0.0006328240770933738
0.475,0.8,0.004014949968640338,0.03708851912283809,15.926876280797508,0.00024942578334214837,0.00024888587053978713,0.0007379644234569318,0.9289553803174587,0.0006117206512200278,0.0006328485885328438
0.5,0.8,0.005353266624853786,0.03708851912283809,15.283806698771876,0.0002549768933976752,0.0002542423370001583,0.0007538467299720471,0.9489481518117182,0.0006090757224531161,0.0006328845208169163
0.525,0.8,0.006691583281067233,0.03708851912283809,14.861624577729641,0.0002591008169492088,0.000258201016042689,0.000765584496728096,0.9637237442852209,0.0006054669788696249,0.0006329328604457295
0.55,0.8,0.008029899937280684,0.03708851912283809,14.687411511996906,0.0002618032285206421,0.0002607629683642341,0.0007731808687671867,0.973286116741538,0.0006007353050293542,0.0006329869537275822
0.575,0.8,0.009368216593494124,0.03708851912283809,14.762117080721477,0.0002630326212226546,0.00026187473402749053,0.0007764773335481116,0.9774357323556921,0.000594598053410846,0.0006330256698500724
0.6,0.8,0.010706533249707571,0.03708851912283809,15.064391992881898,0.0002626437185896089,0.00026141552465435564,0.0007751157448827665,0.9757217539087009,0.0005865836848801715,0.0006330114233148276
0.625,0.8,0.012044849905921022,0.03708851912283809,15.557572947081137,0.00026041657245087367,0.0002591985913287095,0.000768542378865826,0.9674471494235305,0.0005759317554660227,0.0006329066121424177
0.65,0.8,0.013383166562134473,0.03708851912283809,16.197698420712634,0.00025612019724366154,0.00025507358180205963,0.0007563114303170537,0.9520507358572183,0.0005615091732379884,0.0006326847790280663
0.675,0.8,0.014721483218347917,0.03708851912283809,16.93971113754729,0.00024957277135323393,0.00024883772404981903,0.000737821665667453,0.9287756756970146,0.0005419433646451583,0.0006324289395637136
0.7,0.8,0.01605979987456136,0.03708851912283809,17.740715265091865,0.00024071943500089728,0.00024039058510001994,0.0007127752939653175,0.8972471073669349,0.0005160859979043002,0.000632302467902676
0.725,0.8,0.01739811653077481,0.03708851912283809,18.560922675441176,0.0002295633376210028,0.00022950614283577813,0.0006805021434535554,0.8566214134245952,0.00048423652949471183,0.0006323278703027592
0.75,0.8,0.018736433186988255,0.03708851912283809,19.36349808672926,0.00021614612886928383,0.0002161175779759164,0.0006408040901800004,0.8066491938915079,0.0004501249022065484,0.0006323813453814289
0.775,0.8,0.020074749843201706,0.03708851912283809,20.11421646769054,0.00020086300979489758,0.0002005161120799945,0.0005945446269167917,0.7484174202137847,0.0004199580869613441,0.0006321253878642024
0.8,0.8,0.021413066499415156,0.03708851912283809,20.781340647207383,0.00018498432109096715,0.00018372655739986858,0.000544762395355209,0.6857511582865379,0.00039737975430774697,0.0006314957198606007
0.825,0.8,0.022751383155628593,0.03708851912283809,21.335774121219544,0.00017100224562300275,0.00016768311441570403,0.0004971924383849901,0.6258697248944661,0.0003815107861311025,0.000630714241606623
0.85,0.8,0.024089699811842044,0.03708851912283809,21.75143003189053,0.00016199257491405618,0.00015493252609060648,0.0004593860312086411,0.5782787242437528,0.0003702205215737273,0.0006302181730091559
0.875,0.8,0.025428016468055495,0.03708851912283809,22.00583538523346,0.0001601621810541921,0.00014800245951161696,0.0004388378876905276,0.5524125606863428,0.00036242268225105507,0.0006303880588065993
0.9,0.8,0.02676633312426894,0.03708851912283809,22.081144669757432,0.00016543844902053236,0.0001485477492046875,0.0004404547106668222,0.5544478300775337,0.0003677787457295632,0.0006311605593194724
0.925,0.8,0.02810464978048239,0.03708851912283809,21.96580863272557,0.0001756582939201154,0.00015662734194922144,0.0004644112815583531,0.5846045486350416,0.0003757152660478606,0.0006320957987669428
0.95,0.8,0.029442966436695833,0.03708851912283809,21.656962924051875,0.00018803698419184986,0.00017052356925567266,0.0005056145903287174,0.6364715955447159,0.0003760769584807141,0.0006327481638241182
0.975,0.8,0.030781283092909277,0.03708851912283809,21.16309882648929,0.00020054074904624634,0.00018717907853866973,0.0005549993676917361,0.6986375390223875,0.0003807300638931279,0.000633037974280009
0.0,0.825,-0.022082224827521875,0.03824753534542678,21.25653194674367,0.00020260453148129273,0.00018564665422861283,0.0005504556199088272,0.6929178338230959,0.0003815869319894586,0.0006331470521878876
0.025,0.825,-0.020743908171308428,0.03824753534542678,20.51241153126526,0.0002136980926176379,0.00020266950524247117,0.0006009295918012051,0.756454863881772,0.0003985085868051074,0.0006331380659433863
0.05,0.825,-0.01940559151509498,0.03824753534542678,19.663564521699424,0.00022367475989354364,0.00021710000396000874,0.0006437170535530011,0.8103160549379261,0.00043074172133936655,0.0006331319516310138
0.075,0.825,-0.018067274858881533,0.03824753534542678,18.763948299685048,0.00023240545927678992,0.00022840363805952656,0.0006772331378655707,0.8525063636569916,0.0004768909246012908,0.0006330886244218662
0.1,0.825,-0.016728958202668086,0.03824753534542678,17.87180124339935,0.00023996069937783543,0.0002370104416233541,0.0007027529265784125,0.8846308730178993,0.0005166564840626237,0.0006330174131640974
0.125,0.825,-0.015390641546454639,0.03824753534542678,17.04640251634917,0.00024650746617303515,0.00024400463267983742,0.0007234912037628548,0.9107363783195744,0.0005422395482645895,0.0006329441906863093
0.15,0.825,-0.014052324890241193,0.03824753534542678,16.346769783925843,0.00025217164446210665,0.0002500347360629248,0.000741370891978319,0.9332434694993208,0.0005588434390617557,0.0006328887021355254
0.175,0.825,-0.012714008234027746,0.03824753534542678,15.831505864766081,0.00025693706567044824,0.00025519989636546846,0.0007566859620402008,0.9525221993156967,0.0005706780241245242,0.0006328527677277184
0.2,0.825,-0.011375691577814297,0.03824753534542678,15.557564345596656,0.0002605629862615501,0.0002591985913287095,0.000768542378865826,0.9674471494235305,0.0005797692250779194,0.0006328288629626089
0.225,0.825,-0.010037374921600851,0.03824753534542678,15.574328433863924,0.00026256442565929754,0.00026157249935185024,0.0007755811860983835,0.9763076549463735,0.0005870738715548455,0.0006328097841645233
0.25,0.825,-0.008699058265387404,0.03824753534542678,15.908954424803174,0.00026234808932454876,0.0002617299590199841,0.0007760480652866642,0.9768953661152668,0.0005930735239246213,0.0006327983659406351
0.275,0.825,-0.007360741609173955,0.03824753534542678,16.541518972476062,0.000259528384193696,0.0002593210140026662,0.0007689053708581338,0.9679040865786942,0.0005980289926730781,0.000632790355028798
0.3,0.825,-0.006022424952960511,0.03824753534542678,17.374647552007893,0.0002542415790141798,0.00025444071786304064,0.000754434943432234,0.9496885995098012,0.0006020882116284249,0.0006327845475719099
0.325,0.825,-0.00468410829674706,0.03824753534542678,18.211327232299737,0.0002473292225578929,0.0002478689890718974,0.0007349492971078636,0.9251599157187954,0.0006053371214669998,0.0006327825532247495
0.35,0.825,-0.0033457916405336165,0.03824753534542678,18.779717536217685,0.0002406911307021858,0.0002413877958195592,0.0007157320951373318,0.9009691517771585,0.0006078277296253517,0.0006327849133348482
0.375,0.825,-0.002007474984320169,0.03824753534542678,18.866063485192115,0.00023720992517926512,0.0002378033130918333,0.0007051038472427423,0.8875902303126567,0.0006095820910247463,0.0006327883272188511
0.4,0.825,-0.0006691583281067184,0.03824753534542678,18.468696440181773,0.00023841348028264794,0.0002387258279114369,0.000707839169724098,0.8910334756171601,0.0006106075149551727,0.0006327959683572269
0.425,0.825,0.0006691583281067254,0.03824753534542678,17.754821444998342,0.00024300822890006542,0.00024300058810464853,0.0007205141397196154,0.9069888268487842,0.0006109001825727869,0.0006328101761780729
0.45,0.825,0.0020074749843201727,0.03824753534542678,16.91401759299079,0.0002487758055120964,0.0002484826268131725,0.0007367687769400026,0.9274502911430291,0.000610441372233033,0.0006328304579607478
0.475,0.825,0.00334579164053362,0.03824753534542678,16.0931510352291,0.00025415344689899634,0.0002536225590522404,0.0007520090439876454,0.9466348583408122,0.0006091994594676503,0.0006328627770519701
0.5,0.825,0.004684108296747067,0.03824753534542678,15.395155265272564,0.00025839956565056673,0.0002576721372787904,0.0007640163333316261,0.9617497279531821,0.0006071201888426185,0.0006329051656869841
0.525,0.825,0.0060224249529605145,0.03824753534542678,14.889102838205744,0.0002613071954059188,0.0002604123598071546,0.0007721412892959894,0.9719774859832794,0.0006041215294590236,0.0006329646104779534
0.55,0.825,0.007360741609173965,0.03824753534542678,14.61595811248106,0.00026290225141066266,0.00026186454054362033,0.0007764471091387026,0.9773976856330523,0.0006000518569316661,0.0006330330395405287
0.575,0.825,0.008699058265387406,0.03824753534542678,14.590711247567608,0.0002632575851763413,0.0002620974233249286,0.0007771376232569547,0.9782669101985546,0.0005946358087803966,0.0006330844178889187
0.6,0.825,0.010037374921600853,0.03824753534542678,14.804783358273369,0.00026237086423450823,0.0002611320096911816,0.0007742751027206124,0.9746635469889193,0.0005874047787663093,0.0006330678352424259
0.625,0.825,0.011375691577814304,0.03824753534542678,15.231153212167154,0.0002601167413004689,0.0002588825264001362,0.0007676052237260677,0.9662674512137003,0.0005775912291664987,0.0006329236561613348
0.65,0.825,0.012714008234027754,0.03824753534542678,15.83151427611661,0.00025628201434445166,0.00025519989636546846,0.0007566859620402008,0.9525221993156967,0.0005640252457877692,0.0006326160999178459
0.675,0.825,0.014052324890241198,0.03824753534542678,16.562908937706577,0.00025061728477868844,0.00024981225852344405,0.0007407112301469786,0.9324130820335631,0.0005451958539292816,0.0006322499247047949
0.7,0.825,0.015390641546454642,0.03824753534542678,17.381989511727433,0.00024290978695811,0.00024248218189802992,0.0007189770282051928,0.9050538988684056,0.0005195668071450628,0.0006320298729242597
0.725,0.825,0.016728958202668093,0.03824753534542678,18.24682886434006,0.000232890135868284,0.00023276272850848581,0.0006901581531064362,0.8687764737965055,0.0004867680685468644,0.0006320251597463106
0.75,0.825,0.018067274858881537,0.03824753534542678,19.1172849523337,0.00022021268232084697,0.00022021819129620023,0.0006529627022304153,0.8219545497086841,0.00045035747209427705,0.0006321257230163873
0.775,0.825,0.019405591515094987,0.03824753534542678,19.954982374229452,0.0002048819184770207,0.00020468354646048764,0.0006069013681943307,0.7639721826496063,0.00041767924116232086,0.0006319675031719876
0.8,0.825,0.020743908171308438,0.03824753534542678,20.723518159766034,0.00018791258636323874,0.0001868957425693006,0.0005541592562590276,0.6975800001889774,0.00039325596253030726,0.0006314561183534907
0.825,0.825,0.022082224827521875,0.03824753534542678,21.38901116710289,0.00017178514329383872,0.00016878593483174364,0.0005004623798675425,0.6299859527734616,0.00037589027169029763,0.000630729167511355
0.85,0.825,0.023420541483735326,0.03824753534542678,21.92083961189664,0.00015986947773445913,0.00015303305772781063,0.00045375397153331597,0.5711890435337348,0.00036311250331972836,0.000630160352364566
0.875,0.825,0.024758858139948776,0.03824753534542678,22.29242046837633,0.0001550277228970601,0.0001423172551283832,0.0004219808497003488,0.5311927895978706,0.00035392617721817103,0.0006302132809932222
0.9,0.825,0.02609717479616222,0.03824753534542678,22.48210806730954,0.00015790148382895428,0.0001384651363870855,0.00041055904186592225,0.5168149286827884,0.0003494564740097529,0.0006309864330156761
0.925,0.825,0.02743549145237567,0.03824753534542678,22.474532316537747,0.0001666427618104853,0.00014209224916523073,0.0004213136909118163,0.5303529649038425,0.00036901388218120966,0.0006320462948957741
0.95,0.825,0.028773808108589115,0.03824753534542678,22.262701223921013,0.0001783136087960149,0.00015252654663157236,0.00045225212987272135,0.5692985135208395,0.00036979466431893575,0.0006328100370287597
0.975,0.825,0.03011212476480256,0.03824753534542678,21.850762305250374,0.00019066341841455595,0.00016795395995433925,0.0004979955147964045,0.626880643753799,0.0003732340188950364,0.0006331086940792095
0.0,0.85,-0.0227513831556286,0.039406551568015466,22.031177267425633,0.0001917546156616151,0.0001658792449286536,0.0004918438362200075,0.6191368627124882,0.0003725583375506476,0.0006332462892677574
0.025,0.85,-0.021413066499415153,0.039406551568015466,21.34356840732216,0.00020329906460421818,0.0001841148942581151,0.0005459138419402701,0.6872006082414963,0.0003839075522847425,0.000633170714857358
0.05,0.85,-0.020074749843201706,0.039406551568015466,20.529154792159403,0.0002140258210056205,0.00020148418415244398,0.0005974150299141998,0.7520307059269776,0.0004035132575854614,0.000633116916192967
0.075,0.85,-0.01873643318698826,0.039406551568015466,19.642129902942397,0.00022366243071644454,0.0002161801558079829,0.0006409896379319156,0.8068827628508894,0.00043677351430250504,0.0006330768824293275
0.1,0.85,-0.01739811653077481,0.039406551568015466,18.74219175021584,0.00023214603352474466,0.00022763278587492229,0.0006749475059542523,0.8496291923544803,0.00047993063558870346,0.0006330246129648728
0.125,0.85,-0.016059799874561364,0.039406551568015466,17.89001360444039,0.00023959464604320297,0.0002363970584614032,0.0007009342015921946,0.882341447799607,0.0005164514685372826,0.0006329514318633262
0.15,0.85,-0.014721483218347918,0.039406551568015466,17.14470338870185,0.000246167339950565,0.0002435996386728087,0.0007222903675391983,0.9092247563017809,0.0005407984506987998,0.000632882175350001
0.175,0.85,-0.013383166562134471,0.039406551568015466,16.56290015796789,0.00025192733712806357,0.00024981225852344405,0.0007407112301469786,0.9324130820335631,0.0005570047496058145,0.0006328375519659977
0.2,0.85,-0.012044849905921022,0.039406551568015466,16.19768956828139,0.0002567468375873746,0.00025507358180205963,0.0007563114303170537,0.9520507358572183,0.0005686190983695185,0.0006328131446388184
0.225,0.85,-0.010706533249707577,0.039406551568015466,16.094305539077716,0.00026027026829023345,0.0002589763204688482,0.0007678833298543529,0.9666175333802085,0.000577496722058507,0.0006327949635894796
0.25,0.85,-0.00936821659349413,0.039406551568015466,16.279029503722995,0.0002619922576028753,0.0002610767559577636,0.0007741112714455096,0.9744573149001715,0.0005845654362873461,0.0006327810252185808
0.275,0.85,-0.00802989993728068,0.039406551568015466,16.739475126501,0.0002615001274211197,0.00026097077921122133,0.0007737970428053208,0.9740617614335344,0.0005903097285480479,0.0006327730123764927
0.3,0.85,-0.006691583281067236,0.039406551568015466,17.40021537101927,0.0002587937158766475,0.0002586514637282256,0.0007669201063624782,0.9654050201251201,0.0005949985836976416,0.0006327677648021078
0.325,0.85,-0.005353266624853786,0.039406551568015466,18.106833052441285,0.00025448228641013215,0.00025466162150295,0.0007550899385386726,0.9505131124658017,0.0005987858496423809,0.0006327658298988578
0.35,0.85,-0.004014949968640342,0.039406551568015466,18.644453542621818,0.00024986639102086836,0.00025022946024594745,0.0007419482631209467,0.9339702688033732,0.0006017610176450407,0.0006327677361517049
0.375,0.85,-0.0026766333124268946,0.039406551568015466,18.821100149178882,0.00024682991128681863,0.0002471797356233494,0.0007329056112904635,0.9225873080490936,0.0006039790327748709,0.0006327736472092338
0.4,0.85,-0.0013383166562134438,0.039406551568015466,18.577938077934895,0.00024682209233418365,0.00024699251768404664,0.0007323504966978244,0.9218885254640075,0.0006054641439084724,0.00063278215349095
0.425,0.85,0.0,0.039406551568015466,18.003733308394626,0.0002496534425735217,0.0002495703942603068,0.0007399940852921349,0.9315103344888328,0.0006062221652128038,0.0006327965499076268
0.45,0.85,0.0013383166562134473,0.039406551568015466,17.249604548406683,0.0002539299659832485,0.0002535906553446111,0.0007519144472105937,0.9465157791789858,0.0006062464129165592,0.0006328195429657568
0.475,0.85,0.0026766333124268946,0.039406551568015466,16.457736852012943,0.0002582173231392995,0.0002576506116090699,0.0007639525081799196,0.9616693843536904,0.0006055130552284022,0.0006328535310384935
0.5,0.85,0.004014949968640342,0.039406551568015466,15.739177239118943,0.00026159565443063234,0.00026083475590955526,0.0007733937239782093,0.9735540605437363,0.0006039768965913832,0.0006329050722280936
0.525,0.85,0.005353266624853789,0.039406551568015466,15.17406822825587,0.00026367508287471496,0.00026274714317767043,0.0007790640891326482,0.980691960490058,0.0006015623242662654,0.0006329787791957393
0.55,0.85,0.00669158328106724,0.039406551568015466,14.815163579784365,0.0002644153929429943,0.0002633437886723248,0.0007808331857371113,0.9829189131137617,0.0005981259757965858,0.00063307060974701
0.575,0.85,0.00802989993728068,0.039406551568015466,14.689918463675845,0.0002639480562843509,0.00026275282616436006,0.0007790809395950181,0.9807131719837043,0.0005934007775280808,0.0006331497097940434
0.6,0.85,0.009368216593494127,0.039406551568015466,14.802381856689756,0.0002624043684187182,0.00026113185349664,0.000774274639592615,0.9746629639997788,0.0005869238223601739,0.0006331490602259458
0.625,0.85,0.010706533249707578,0.039406551568015466,15.136934299159112,0.000259800793970376,0.00025854496706491137,0.0007666043361318406,0.965007526092385,0.0005779200371689437,0.0006329778247347778
0.65,0.85,0.012044849905921029,0.039406551568015466,15.664111537449553,0.0002560273559067894,0.0002549258363070323,0.0007558733543474547,0.9514992824049767,0.0005651933927488809,0.0006325731551083062
0.675,0.85,0.013383166562134473,0.039406551568015466,16.346777986850768,0.0002508740772041926,0.0002500347360629248,0.000741370891978319,0.9332434694993208,0.000547138251301595,0.0006320508212283392
0.7,0.85,0.014721483218347917,0.039406551568015466,17.14471199120465,0.00024407732021463393,0.0002435996386728087,0.0007222903675391983,0.9092247563017809,0.000521891052300522,0.000631664225036334
0.725,0.85,0.016059799874561367,0.039406551568015466,18.0169506130659,0.00023516300238591437,0.00023503755776576636,0.0006969031847053419,0.8772671722570937,0.0004883716043106406,0.0006315575254449884
0.75,0.85,0.01739811653077481,0.039406551568015466,18.922508179042644,0.00022339970203884516,0.00022358772692456988,0.0006629536165877247,0.8345311907383923,0.0004497967365033868,0.0006316334082061222
0.775,0.85,0.018736433186988262,0.039406551568015466,19.820528363097438,0.00020833123180090998,0.00020860556139596238,0.000618530423248239,0.7786109279833325,0.0004147402000097462,0.0006315544219166241
0.8,0.85,0.020074749843201713,0.039406551568015466,20.670692520099955,0.0001906256796165599,0.00019042223596095354,0.0005646155616208051,0.710742479050172,0.00038868637295960624,0.0006312320483244765
0.825,0.85,0.02141306649941515,0.039406551568015466,21.434188780343188,0.0001726621671556655,0.00017084688635414362,0.0005065732486713924,0.6376783621543343,0.0003699703303569196,0.0006307170961334051
0.85,0.85,0.0227513831556286,0.039406551568015466,22.075069321043344,0.00015797978550640958,0.0001526879244390218,0.00045273062662456537,0.5699008489694884,0.00035574216768876374,0.0006302400253364586
0.875,0.85,0.02408969981184205,0.039406551568015466,22.561619647731916,0.00014996662426961974,0.00013886773022207767,0.0004117527614076663,0.5183175921658038,0.0003450863756454581,0.0006301687125823671
0.9,0.85,0.025428016468055495,0.039406551568015466,22.86753504865684,0.00015004837745412962,0.0001314384024806191,0.00038972427280159407,0.4905879586490372,0.00033859961787865604,0.0006307573604343247
0.925,0.85,0.026766333124268946,0.039406551568015466,22.97311223101081,0.0001569505842138016,0.00013110335220272484,0.0003887308247419711,0.48933739847199026,0.00035478856575008966,0.0006318200047968537
0.95,0.85,0.02810464978048239,0.039406551568015466,22.86696463735659,0.0001677019874212536,0.0001374509087394961,0.00040755178428402697,0.5130293693497033,0.0003622038092150894,0.0006327610378134893
0.975,0.85,0.029442966436695833,0.039406551568015466,22.54857453278845,0.00017972849750129573,0.0001495484139665346,0.0004434217533215482,0.5581827665461886,0.000365840364919316,0.0006332007009742091
0.0,0.875,-0.023420541483735326,0.040565567790604155,22.793982776831047,0.00017958343514062715,0.00014752928349591652,0.0004374348869301281,0.5506464523706366,0.0003641150008304871,0.0006333331665996938
0.025,0.875,-0.02208222482752188,0.040565567790604155,22.177494173877587,0.0001914000449645784,0.00016399809450505618,0.00048626609054575504,0.6121155528912545,0.000373411500423223,0.0006332779244329577
0.05,0.875,-0.02074390817130843,0.040565567790604155,21.41297434806207,0.00020269184604608474,0.00018224826524036313,0.0005403791532739116,0.6802334989181079,0.00038680842187468345,0.0006331310172736609
0.075,0.875,-0.019405591515094984,0.040565567790604155,20.55373066734805,0.00021313794182947461,0.0001996708612592306,0.000592038397723191,0.7452625593293021,0.0004080634690431917,0.0006330139994241894
0.1,0.875,-0.018067274858881537,0.040565567790604155,19.660326585797513,0.00022255361525185202,0.00021448830584586316,0.0006359731816776352,0.8005680085356188,0.0004411504878530938,0.0006329504521437829
0.125,0.875,-0.01672895820266809,0.040565567790604155,18.79484057384377,0.0002309359455009662,0.00022606217177458904,0.0006702905227092332,0.8437669454710286,0.0004810409785302851,0.0006328955717469673
0.15,0.875,-0.015390641546454644,0.040565567790604155,18.01694163895189,0.00023840397849198518,0.0002350375577657664,0.000696903184705342,0.8772671722570938,0.0005146316371631648,0.0006328322286112474
0.175,0.875,-0.014052324890241196,0.040565567790604155,17.381980313753864,0.0002450650984337114,0.00024248218189802992,0.0007189770282051928,0.9050538988684056,0.000537843962265272,0.0006327793254646568
0.2,0.875,-0.012714008234027747,0.040565567790604155,16.939701914997237,0.00025088904744039354,0.00024883772404981903,0.000737821665667453,0.9287756756970146,0.0005537012934125722,0.0006327454783416347
0.225,0.875,-0.011375691577814302,0.040565567790604155,16.731096139031553,0.0002556445362285592,0.00025405506431402426,0.0007532914530511338,0.9482491648865328,0.0005651519949991049,0.0006327265409504222
0.25,0.875,-0.010037374921600855,0.040565567790604155,16.780440784789924,0.00025893188843242843,0.0002577080839813728,0.0007641229178781448,0.9618838974128472,0.0005738789335008498,0.000632712565571397
0.275,0.875,-0.008699058265387406,0.040565567790604155,17.080794014755845,0.0002603541198205481,0.00025950614951896763,0.0007694543109174971,0.968595096613065,0.000580772311704135,0.0006327031251109718
0.3,0.875,-0.007360741609173962,0.040565567790604155,17.575663561035356,0.0002597938871982363,0.0002593044434173063,0.0007688562378862823,0.9678422376099614,0.00058631572125883,0.000632697115683756
0.325,0.875,-0.006022424952960511,0.040565567790604155,18.147142903515284,0.0002576414068826971,0.00025746120207188896,0.0007633908953426789,0.9609624217275434,0.0005907871011342061,0.0006326949380226184
0.35,0.875,-0.004684108296747067,0.040565567790604155,18.628208056779133,0.00025484363771460106,0.00025486050699179857,0.0007556796482509747,0.9512554436577342,0.0005943464497653642,0.0006326986221298313
0.375,0.875,-0.00334579164053362,0.040565567790604155,18.85500037767209,0.0002527437018617209,0.000252806488993455,0.000749589337842311,0.9435889133452987,0.0005970862108124729,0.0006327062009478424
0.4,0.875,-0.002007474984320169,0.040565567790604155,18.74173687000866,0.0002525271778264087,0.00025249227572986043,0.0007486576730217723,0.9424161263921855,0.0005990643551433458,0.0006327189539109728
0.425,0.875,-0.0006691583281067254,0.040565567790604155,18.314664528276573,0.00025445930463841016,0.000254238766311791,0.0007538361426254187,0.948934824377087,0.0006003057069155322,0.0006327355589245767
0.45,0.875,0.0006691583281067219,0.040565567790604155,17.67636415397252,0.0002577929041361117,0.0002573566832188898,0.0007630809894612134,0.9605723097833515,0.000600814832494968,0.0006327595204957279
0.475,0.875,0.002007474984320169,0.040565567790604155,16.94986636424761,0.00026138572177462156,0.00026074045691640833,0.0007731141207128278,0.9732020937693574,0.0006005790193938585,0.0006327964433695164
0.5,0.875,0.0033457916405336165,0.040565567790604155,16.245682424507123,0.00026427730457155086,0.00026344597596231103,0.0007811361783673309,0.9833003226032875,0.0005995620410715706,0.0006328507613164909
0.525,0.875,0.004684108296747064,0.040565567790604155,15.6510432569824,0.0002659186741333974,0.00026492470697712565,0.0007855207216860368,0.988819619979531,0.0005977028693039207,0.0006329404456075923
0.55,0.875,0.0060224249529605145,0.040565567790604155,15.228337082352464,0.0002661449961456357,0.00026500980367167676,0.0007857730394773052,0.9891372395859757,0.0005948699266120809,0.0006330658425995513
0.575,0.875,0.007360741609173955,0.040565567790604155,15.015710285411517,0.000265069295130838,0.0002638131414220619,0.0007822248502402286,0.984670751260256,0.0005908085678068157,0.0006331982211013035
0.6,0.875,0.008699058265387402,0.040565567790604155,15.02846096255033,0.0002629017393767256,0.00026157423130200846,0.0007755863214545899,0.9763141193728772,0.000585064608856113,0.0006332565819295354
0.625,0.875,0.010037374921600853,0.040565567790604155,15.261989237212822,0.0002597923245672558,0.0002584962100613344,0.0007664597681258058,0.9648255427572011,0.0005768537857312948,0.0006331040805643991
0.65,0.875,0.011375691577814304,0.040565567790604155,15.696582349336985,0.0002557754780353653,0.00025463770748249424,0.0007550190317560581,0.9504238544540101,0.0005649539135996074,0.0006326244591667723
0.675,0.875,0.012714008234027747,0.040565567790604155,16.30289176146134,0.0002507550273380376,0.00024987658759263753,0.0007409019704423434,0.9326531874071967,0.0005476854343592964,0.0006319096035584495
0.7,0.875,0.014052324890241191,0.040565567790604155,17.04641044433796,0.0002445158120139336,0.00024400463267983742,0.0007234912037628548,0.9107363783195744,0.000522925090820698,0.0006312664155512098
0.725,0.875,0.015390641546454642,0.040565567790604155,17.890021884070556,0.00023648279681951037,0.0002363970584614032,0.0007009342015921946,0.882341447799607,0.0004888862549856507,0.0006309093771020148
0.75,0.875,0.016728958202668086,0.040565567790604155,18.794849100196135,0.000225603126953561,0.00022606217177458904,0.0006702905227092332,0.8437669454710286,0.00044828420114714643,0.0006307957748153009
0.775,0.875,0.018067274858881537,0.040565567790604155,19.720317994071067,0.00021094987830210817,0.00021194385467537672,0.0006284287018043105,0.7910709583428857,0.0004110489735973286,0.0006306541700981292
0.8,0.875,0.019405591515094987,0.040565567790604155,20.624405509285097,0.00019278591234530275,0.00019395055573558293,0.0005750772823388553,0.7239117748041408,0.0003836713657086563,0.0006304924914001498
0.825,0.875,0.020743908171308424,0.040565567790604155,21.46467057594522,0.0001733373476465145,0.0001736547505114799,0.0005148987669080043,0.6481585895392838,0.0003638210987787014,0.0006303910815621634
0.85,0.875,0.022082224827521875,0.040565567790604155,22.20009685333555,0.00015623254681928583,0.00015385345957328163,0.0004561865217362783,0.5742511567293122,0.0003483220328476956,0.000630372818305861
0.875,0.875,0.023420541483735326,0.040565567790604155,22.793278258048733,0.00014515386896220717,0.00013766138200883922,0.00040817585259504447,0.5138149514140659,0.0003363117063370517,0.0006304321840674263
0.9,0.875,0.02475885813994877,0.040565567790604155,23.212361781188648,0.0001421305958706378,0.00012741690974233917,0.0003778002589409255,0.4755779168655061,0.00032837758367373204,0.0006307394282999201
0.925,0.875,0.02609717479616222,0.040565567790604155,23.432556724796235,0.00014665698725551074,0.00012398304399429015,0.00036761860117348545,0.46276116654127253,0.000326431215240995,0.0006314855621592106
0.95,0.875,0.027435491452375664,0.040565567790604155,23.437634779413663,0.00015608628616126555,0.00012675960119003953,0.0003758512920277814,0.47312454209230936,0.0003519033916477464,0.0006324205252415604
0.975,0.875,0.028773808108589108,0.040565567790604155,23.222083916572835,0.00016760186218405852,0.00013480962253799108,0.0003997201816114807,0.5031708867346603,0.0003571501773251379,0.000633090959487543
0.0,0.9,-0.024089699811842048,0.04172458401319285,23.50396317230278,0.00016600118269230016,0.00013311714399190638,0.000394701861560745,0.496853786257854,0.00035448648519944447,0.0006330552665812998
0.025,0.9,-0.0227513831556286,0.04172458401319285,22.972237196849406,0.00017801748967046502,0.00014560606709071601,0.0004317324126089921,0.5434681331544792,0.0003639752101279983,0.0006332349753704861
0.05,0.9,-0.021413066499415153,0.04172458401319285,22.273065979318908,0.00018975384080303662,0.00016176126784468332,0.00047963373936722053,0.6037666974239502,0.00037490172399745825,0.0006331412114181869
0.075,0.9,-0.020074749843201706,0.04172458401319285,21.45735649468542,0.00020084579944809394,0.00017977815628201778,0.0005330551033816148,0.6710139277072205,0.0003895992584910027,0.0006329420459902581
0.1,0.9,-0.01873643318698826,0.04172458401319285,20.585421139179324,0.0002110756862949877,0.00019712329532851607,0.0005844846823628097,0.7357538834333259,0.0004117465992320917,0.0006327859301054486
0.125,0.9,-0.01739811653077481,0.04172458401319285,19.720309424476433,0.0002203567527052423,0.00021194385467537667,0.0006284287018043104,0.7910709583428855,0.0004438536253956798,0.000632696135801496
0.15,0.9,-0.016059799874561367,0.04172458401319285,18.92249896096428,0.00022872166376310937,0.00022358772692456985,0.0006629536165877245,0.8345311907383922,0.0004804474263637189,0.0006326392570832267
0.175,0.9,-0.014721483218347918,0.04172458401319285,18.246819290654592,0.00023625267231293243,0.00023276272850848581,0.0006901581531064362,0.8687764737965055,0.0005113353047949381,0.0006325957144538419
0.2,0.9,-0.01338316656213447,0.04172458401319285,17.74070562737055,0.00024297062003970725,0.00024039058510001991,0.0007127752939653174,0.8972471073669348,0.0005334281177768622,0.000632558840375287
0.225,0.9,-0.012044849905921024,0.04172458401319285,17.441771990954635,0.0002487534661053826,0.0002467634208289748,0.0007316712081218911,0.9210334316988562,0.0005489236490824732,0.0006325322462689368
0.25,0.9,-0.010706533249707577,0.04172458401319285,17.372347558536106,0.00025332223991321863,0.0002517899512374376,0.0007465752306235501,0.9397947316358263,0.0005602299319622745,0.0006325159586852518
0.275,0.9,-0.009368216593494127,0.04172458401319285,17.529464870429763,0.0002563399157232937,0.0002551608419585556,0.0007565701629278671,0.952376430488611,0.0005688443728464457,0.0006325052783279952
0.3,0.9,-0.008029899937280684,0.04172458401319285,17.871911986790842,0.00025762975298573653,0.0002567996202408904,0.0007614292578522758,0.9584930971327261,0.0005756067023092227,0.0006324992554562837
0.325,0.9,-0.006691583281067233,0.04172458401319285,18.311451069670728,0.00025739967677154875,0.00025685738531128487,0.0007616005354212964,0.9587087026744189,0.0005809940372287357,0.0006324972844621963
0.35,0.9,-0.005353266624853789,0.04172458401319285,18.720039139173124,0.0002563261388452162,0.0002559879566169409,0.0007590226171016788,0.955463598958159,0.0005852872923362467,0.0006324995969093298
0.375,0.9,-0.004014949968640342,0.04172458401319285,18.96235339901662,0.0002554131144766777,0.0002551565585694967,0.000756557462372667,0.952360442930524,0.0005886530293460364,0.0006325078918054141
0.4,0.9,-0.002676633312426891,0.04172458401319285,18.9455655800173,0.00025560831888145525,0.00025531177255158866,0.0007570176829410686,0.9529397721767047,0.000591187500110681,0.0006325225858447235
0.425,0.9,-0.0013383166562134473,0.04172458401319285,18.6542182595366,0.00025732030005320674,0.00025689762006395246,0.0007617198343432916,0.9588588770892429,0.0005929482962730815,0.0006325438152106559
0.45,0.9,0.0,0.04172458401319285,18.14429716158736,0.00026021510529469516,0.0002596211866591866,0.000769795404273555,0.9690244675938723,0.0005939623315819207,0.0006325726110902659
0.475,0.9,0.0013383166562134473,0.04172458401319285,17.509757683169845,0.00026346361841102846,0.00026269112654189817,0.00077889799579745,0.9804828809023938,0.0005942261589644768,0.0006326124198675486
0.5,0.9,0.0026766333124268946,0.04172458401319285,16.850831944033175,0.0002661813490599255,0.0002652408781383572,0.0007864581918132317,0.9899997146980068,0.0005937164325987302,0.0006326722800537621
0.525,0.9,0.004014949968640342,0.04172458401319285,16.256009243930677,0.00026772381875324574,0.00026663223412098594,0.0007905836619064801,0.9951928886744831,0.0005923878981478832,0.0006327767614780308
0.55,0.9,0.005353266624853793,0.04172458401319285,15.79438410870495,0.00026777968965769944,0.000266557789370185,0.0007903629278909852,0.9949150269716756,0.0005901265355128596,0.0006329438651566218
0.575,0.9,0.006691583281067233,0.04172458401319285,15.513070676823354,0.0002663814397745719,0.00026504903398046975,0.000785889360151306,0.9892836649589618,0.0005867029479064502,0.0006331611075501688
0.6,0.9,0.00802989993728068,0.04172458401319285,15.437197495901177,0.00026375831925271845,0.0002623567842487157,0.0007779066469631809,0.9792349632466187,0.0005816826090358436,0.0006333467476107506
0.625,0.9,0.009368216593494131,0.04172458401319285,15.572054218195955,0.0002601572491303957,0.0002587830732215746,0.0007673103379319525,0.9658962466727831,0.0005742769372139731,0.0006333162926681754
0.65,0.9,0.010706533249707582,0.04172458401319285,15.907171824336498,0.0002557519552260842,0.0002545225762335162,0.0007546776593607925,0.9499941322164687,0.0005632255349233218,0.0006328619758997646
0.675,0.9,0.012044849905921026,0.04172458401319285,16.421290327160975,0.00025058704967804285,0.0002496147195749387,0.0007401255130231906,0.9316757767432373,0.0005467718423237455,0.0006319905761468325
0.7,0.9,0.01338316656213447,0.04172458401319285,17.08668455590675,0.000244550093208589,0.00024397203451480748,0.0007233945478698951,0.9106147071265599,0.0005225675591448158,0.0006310092121509115
0.725,0.9,0.01472148321834792,0.04172458401319285,17.871808806698,0.00023707070658025002,0.0002370104416233541,0.0007027529265784125,0.8846308730178993,0.00048814633463961665,0.0006302005900530793
0.75,0.9,0.016059799874561364,0.04172458401319285,18.742199557213368,0.0002268820508854878,0.00022763278587492229,0.0006749475059542523,0.8496291923544803,0.0004456413147314974,0.000629613831495466
0.775,0.9,0.017398116530774815,0.04172458401319285,19.660334461312452,0.0002126174824223481,0.00021448830584586316,0.0006359731816776352,0.8005680085356188,0.0004065041949115999,0.0006290808530894255
0.8,0.9,0.018736433186988265,0.04172458401319285,20.585428817415245,0.00019410464620578282,0.0001971232953285161,0.0005844846823628097,0.735753883433326,0.00037814171328447247,0.0006288185879090875
0.825,0.9,0.020074749843201702,0.04172458401319285,21.47402212260029,0.00017341738032948325,0.00017679270887585626,0.0005242030380993601,0.6598708787884785,0.0003573351136725405,0.0006291434114128437
0.85,0.9,0.021413066499415153,0.04172458401319285,22.28175846463217,0.000154310052591736,0.00015617302005311887,0.00046306418461229486,0.58290881247748,0.0003407664055004709,0.0006300134373501681
0.875,0.9,0.022751383155628604,0.04172458401319285,22.966118567452263,0.00014061679488904693,0.00013841731971278047,0.00041041726200349534,0.5166364550845557,0.0003277305888813928,0.0006308425165617428
0.9,0.9,0.024089699811842048,0.04172458401319285,23.489339394104995,0.00013457838047419428,0.00012602728727021718,0.00037367992883042867,0.4703912131394647,0.0003186966833803814,0.0006312218723872999
0.925,0.9,0.0254280164680555,0.04172458401319285,23.820792600183722,0.0001362663965027774,0.00012011196318361283,0.00035614056944588684,0.44831253055031334,0.0003146165916216414,0.0006314600709450874
0.95,0.9,0.026766333124268942,0.04172458401319285,23.938768123658875,0.00014369716089264367,0.00012009340520249099,0.000356085543703327,0.44824326371578566,0.0003323998009433049,0.000631929214652625
0.975,0.9,0.028104649780482386,0.04172458401319285,23.832344111322033,0.0001542405203500753,0.00012465254634510563,0.00036960372357216185,0.4652600541220595,0.00034520200446799647,0.0006325580434369882
0.0,0.925,-0.024758858139948773,0.04288360023578154,24.117735947380186,0.00015119889216694428,0.00012317272762774447,0.0003652159551375386,0.4597366969447087,0.000341439991802973,0.0006322596192006357
0.025,0.925,-0.023420541483735326,0.04288360023578154,23.682758777451337,0.0001631935615788858,0.00013122176696001259,0.0003890819329744357,0.4897793762574421,0.00035363615668534504,0.0006326272719350042
0.05,0.925,-0.02208222482752188,0.04288360023578154,23.063985803670093,0.00017534392743641882,0.00014321203293855145,0.00042463392996308435,0.5345325077552001,0.0003644657394646452,0.0006327769350078143
0.075,0.925,-0.02074390817130843,0.04288360023578154,22.30823613255847,0.00018704132072551804,0.0001590276543574494,0.0004715283796829383,0.593563607344281,0.0003762772046829602,0.0006326864005521338
0.1,0.925,-0.019405591515094984,0.04288360023578154,21.474014939370498,0.00019797006189502643,0.00017679270887585623,0.00052420303809936,0.6598708787884784,0.0003917931980062211,0.0006324910903613566
0.125,0.925,-0.018067274858881537,0.04288360023578154,20.624397151892673,0.00020802422994431214,0.0001939505557355829,0.0005750772823388553,0.7239117748041407,0.00041425972287874655,0.0006323135999542829
0.15,0.925,-0.016728958202668093,0.04288360023578154,19.820519094025244,0.00021720927483872367,0.00020860556139596238,0.000618530423248239,0.7786109279833325,0.00044486789980809234,0.0006322028877771631
0.175,0.925,-0.015390641546454644,0.04288360023578154,19.117275117062825,0.00022557009200289182,0.00022021819129620023,0.0006529627022304153,0.8219545497086841,0.0004782436941890801,0.0006321486510609491
0.2,0.925,-0.014052324890241195,0.04288360023578154,18.56091264693022,0.0002331265059546957,0.00022950614283577813,0.0006805021434535554,0.8566214134245952,0.0005065766360442507,0.0006321171391433567
0.225,0.925,-0.01271400823402775,0.04288360023578154,18.186956291756044,0.00023981705162902427,0.0002371917943322851,0.0007032906503431178,0.8853077638929466,0.0005275050257424546,0.0006320906329507327
0.25,0.925,-0.011375691577814302,0.04288360023578154,18.016549990797674,0.0002454695547566705,0.00024345880498599065,0.0007218727855757441,0.9086991008645484,0.0005425806170776927,0.0006320693201462694
0.275,0.925,-0.010037374921600853,0.04288360023578154,18.049924722663043,0.0002498379141083847,0.0002482822484486835,0.0007361746407445542,0.926702387859538,0.000553721262725084,0.0006320528026874891
0.3,0.925,-0.008699058265387409,0.04288360023578154,18.25777671530161,0.00025274515402753174,0.0002515294234113945,0.0007458027469685985,0.9388223231772815,0.0005622305671874966,0.0006320432787398586
0.325,0.925,-0.007360741609173958,0.04288360023578154,18.575004842843974,0.0002542720210147332,0.0002533537545165069,0.0007512120192959466,0.9456315574335257,0.0005688842635536496,0.0006320397501834161
0.35,0.925,-0.0060224249529605145,0.04288360023578154,18.904466637744207,0.00025486781291718245,0.00025415057499638056,0.0007535746490617639,0.9486056542366925,0.0005741385568310377,0.0006320376555812167
0.375,0.925,-0.004684108296747067,0.04288360023578154,19.1368729353932,0.0002552747495413258,0.00025466428730841923,0.0007550978428427292,0.9505230624654869,0.0005782765440349832,0.0006320414021388934
0.4,0.925,-0.0033457916405336165,0.04288360023578154,19.18348526348275,0.0002562492777415459,0.0002556402406046241,0.0007579916142327751,0.9541657644938574,0.0005814667836154018,0.0006320527436685379
0.425,0.925,-0.0020074749843201727,0.04288360023578154,19.005340745498785,0.00025822088167170996,0.00025753014131018047,0.0007635953051194533,0.9612197343511447,0.0005838063128732718,0.0006320680172596735
0.45,0.925,-0.0006691583281067254,0.04288360023578154,18.621239831025562,0.0002610922342322758,0.000260272549125546,0.0007717267406162164,0.971455648867237,0.0005853566119020008,0.0006320946049517486
0.475,0.925,0.0006691583281067219,0.04288360023578154,18.09320446950702,0.00026429874830221056,0.0002633366328805692,0.0007808119683022853,0.9828922044410783,0.0005861352526949401,0.0006321353463239201
0.5,0.925,0.002007474984320169,0.04288360023578154,17.50335985510941,0.00026708637468819625,0.0002659893468737775,0.0007886774551953275,0.9927933407775433,0.0005861321207378861,0.0006321995543617585
0.525,0.925,0.0033457916405336165,0.04288360023578154,16.934631109590644,0.0002687826796223013,0.0002675657462520066,0.0007933515922034656,0.9986771809519935,0.0005853204481351757,0.0006323230572783038
0.55,0.925,0.004684108296747067,0.04288360023578154,16.458625889975092,0.0002689569881747873,0.00026763867654039917,0.0007935678357295021,0.9989493899915965,0.0005836052109507117,0.0006325373448838621
0.575,0.925,0.0060224249529605076,0.04288360023578154,16.129199558427786,0.0002675225205551533,0.00026611872454424066,0.0007890610692501732,0.9932762371461039,0.0005807909352611052,0.0006328648657817845
0.6,0.925,0.007360741609173955,0.04288360023578154,15.979979341774538,0.0002646702987484508,0.0002632029675793554,0.0007804156411153199,0.982393304682506,0.0005764877112876886,0.0006332573481654587
0.625,0.925,0.008699058265387406,0.04288360023578154,16.025075795099994,0.0002607125753530562,0.00025925011917043945,0.0007686951626053438,0.9676394747881941,0.0005699261716789333,0.000633508210936195
0.65,0.925,0.010037374921600856,0.04288360023578154,16.262361050507863,0.00025594108498960615,0.0002545755139327742,0.0007548346234288102,0.9501917198112996,0.0005598102255922157,0.0006333000298167469
0.675,0.925,0.0113756915778143,0.04288360023578154,16.67807907338858,0.0002505223997436383,0.00024937490638527767,0.0007394144497480365,0.9307806847385223,0.0005442749348186641,0.0006324737707008109
0.7,0.925,0.012714008234027744,0.04288360023578154,17.25116882902428,0.0002444529632967182,0.00024370057135526753,0.0007225896401682839,0.9096014830248232,0.0005207305889293208,0.0006312152688594312
0.725,0.925,0.014052324890241195,0.04288360023578154,17.956104695656016,0.00023721805002070275,0.00023707410820875504,0.0007029417025619063,0.8848685057004071,0.0004860420034361361,0.0006298072016520378
0.75,0.925,0.015390641546454639,0.04288360023578154,18.763955419567253,0.00022744357860156192,0.00022840363805952656,0.0006772331378655707,0.8525063636569916,0.0004417542485723858,0.0006283954813786843
0.775,0.925,0.01672895820266809,0.04288360023578154,19.64213712268794,0.00021341152094234037,0.0002161801558079829,0.0006409896379319156,0.8068827628508894,0.0004011022355276696,0.0006269406598968783
0.8,0.925,0.01806727485888154,0.04288360023578154,20.553737751745942,0.0001944970724896403,0.0001996708612592306,0.000592038397723191,0.7452625593293021,0.00037211661633510033,0.0006259661126295878
0.825,0.925,0.019405591515094977,0.04288360023578154,21.457363131837575,0.0001725971446723019,0.00017977815628201778,0.0005330551033816148,0.6710139277072205,0.00035038867671144787,0.0006262705131993296
0.85,0.925,0.020743908171308428,0.04288360023578154,22.30824200514106,0.00015172139533768837,0.0001590276543574494,0.0004715283796829383,0.593563607344281,0.0003327707698518464,0.0006281166839561048
0.875,0.925,0.02208222482752188,0.04288360023578154,23.060800023257173,0.00013598348066139735,0.00014055335043418636,0.0004167507460071869,0.524609094217785,0.0003190329228019121,0.0006304709607599735
0.9,0.925,0.023420541483735322,0.04288360023578154,23.672180242229558,0.00012756600237651345,0.0001267734147616592,0.0003758922502565233,0.4731761006305649,0.0003094984662065318,0.0006318950647464901
0.925,0.925,0.024758858139948773,0.04288360023578154,24.105702321661788,0.00012654311278207048,0.00011883571670902216,0.0003523564072844608,0.44354899766429257,0.00030462023773055965,0.0006321096566625281
0.95,0.925,0.026097174796162217,0.04288360023578154,24.33353305567679,0.00013143092869120234,0.00011644317502562414,0.00034526234991528906,0.4346189428379336,0.00030377537263222537,0.0006318827443611043
0.975,0.925,0.02743549145237566,0.04288360023578154,24.338767769621036,0.0001402198262298163,0.00011827112064471203,0.0003506823395353313,0.44144166810593133,0.00032467350410317136,0.0006319094530736899
0.0,0.95,-0.025428016468055495,0.04404261645837022,24.59356572955768,0.00013632126112886567,0.00011688941265310343,0.00034658547642614057,0.43628450482442943,0.0003200807197065408,0.000631506038590702
0.025,0.95,-0.024089699811842048,0.04404261645837022,24.26472289202738,0.00014758356618183355,0.0001213643060528451,0.0003598538557062077,0.45298684429842767,0.0003403407124654115,0.0006315329410041981
0.05,0.95,-0.0227513831556286,0.04404261645837022,23.74009053383461,0.00015980429936781576,0.00012886209879227166,0.0003820853479325451,0.48097202035799846,0.00035363681932548886,0.0006317131313828973
0.075,0.95,-0.021413066499415153,0.04404261645837022,23.060795152462802,0.000172050399887988,0.00014055335043418636,0.0004167507460071869,0.524609094217785,0.00036478054647553967,0.0006318129426025978
0.1,0.95,-0.020074749843201706,0.04404261645837022,22.281752032829807,0.00018368590059269276,0.00015617302005311887,0.00046306418461229486,0.58290881247748,0.0003769978783163194,0.0006317567713213567
0.125,0.95,-0.01873643318698826,0.04404261645837022,21.46466267729385,0.0001944586568479952,0.00017365475051147987,0.0005148987669080042,0.6481585895392837,0.0003929935811909364,0.0006315995873094106
0.15,0.95,-0.01739811653077481,0.04404261645837022,20.67068340966439,0.00020435607560434434,0.0001904222359609535,0.000564615561620805,0.7107424790501718,0.0004153436015142455,0.0006314391248283058
0.175,0.95,-0.016059799874561367,0.04404261645837022,19.95497242703425,0.000213438110538454,0.00020468354646048764,0.0006069013681943307,0.7639721826496063,0.0004441192108969518,0.0006313308251904679
0.2,0.95,-0.014721483218347917,0.04404261645837022,19.363487739229605,0.00022174437768210636,0.0002161175779759164,0.0006408040901800004,0.8066491938915079,0.00047438110112700506,0.0006312740375998857
0.225,0.95,-0.013383166562134471,0.04404261645837022,18.93093205718704,0.00022924899407661338,0.00022538142287506112,0.0006682720534885036,0.8412260806501767,0.0005002523545296448,0.0006312454000118071
0.25,0.95,-0.012044849905921024,0.04404261645837022,18.678268751297242,0.00023584437490110606,0.00023299993949067594,0.0006908615006501515,0.8696618531782196,0.0005199336647756896,0.0006312251839220114
0.275,0.95,-0.010706533249707575,0.04404261645837022,18.60865955307085,0.00024136746942281972,0.00023914713274742323,0.0007090883687232777,0.8926059770745327,0.0005344861468935987,0.0006312060994675018
0.3,0.95,-0.009368216593494131,0.04404261645837022,18.702045129498018,0.00024567606236745453,0.00024391876044050097,0.000723236586425778,0.9104158640269049,0.0005453989723205712,0.0006311892338003689
0.325,0.95,-0.00802989993728068,0.04404261645837022,18.910931559382014,0.00024878490864149944,0.0002473513162308484,0.0007334143600748553,0.9232277249926054,0.0005537725419676413,0.0006311758607228314
0.35,0.95,-0.006691583281067236,0.04404261645837022,19.16214199723349,0.0002509735836780964,0.0002497860465959421,0.0007406335099054691,0.9323152471864959,0.0005603065008152605,0.0006311642309580636
0.375,0.95,-0.005353266624853789,0.04404261645837022,19.36875766529711,0.00025275702053088823,0.0002517013746129981,0.0007463125945910404,0.9394641233467136,0.0005654295273668473,0.0006311554793301746
0.4,0.95,-0.004014949968640338,0.04404261645837022,19.451386980970387,0.0002547165593273955,0.0002537070596760555,0.0007522595943865099,0.946950253139894,0.0005694097122968557,0.0006311514845980068
0.425,0.95,-0.0026766333124268946,0.04404261645837022,19.360587798347403,0.0002572581028716549,0.0002562116298002459,0.0007596858241025523,0.9562984491110155,0.0005724170484363738,0.0006311516491467738
0.45,0.95,-0.0013383166562134473,0.04404261645837022,19.08941004968723,0.00026041011799803813,0.0002592763756499104,0.0007687730149466308,0.9677374759234928,0.0005745500755953102,0.0006311566392119201
0.475,0.95,0.0,0.04404261645837022,18.670994585128014,0.00026380265417157926,0.0002625735009904596,0.0007785492276168261,0.9800438487924766,0.0005758554294134725,0.0006311697557078259
0.5,0.95,0.0013383166562134473,0.04404261645837022,18.165492785607377,0.0002668333981862449,0.0002655185163775641,0.0007872814090681187,0.9910359870084187,0.0005763556413137207,0.0006312133099290454
0.525,0.95,0.0026766333124268946,0.04404261645837022,17.64422223849255,0.0002688468409479465,0.00026747184301278927,0.0007930731623768168,0.9983266913114568,0.0005760422254205288,0.0006313334616874248
0.55,0.95,0.004014949968640345,0.04404261645837022,17.17626542611167,0.00026932672428149607,0.00026792015613789064,0.000794402442886699,1.0,0.000574844075481118,0.0006315831901528735
0.575,0.95,0.005353266624853786,0.04404261645837022,16.819075156428276,0.0002680761205864267,0.0002666478354084339,0.0007906299208406323,0.9952511197821118,0.0005726124168465069,0.0006320304762744078
0.6,0.95,0.006691583281067233,0.04404261645837022,16.613106888078605,0.0002652101353872917,0.0002637558413521522,0.0007820549514309341,0.9844568813120756,0.0005690161070173671,0.0006326906499277781
0.625,0.95,0.008029899937280684,0.04404261645837022,16.580339232934726,0.00026106955452495975,0.0002596093657172802,0.0007697603543345619,0.9689803464569007,0.0005633420569656839,0.0006333919128939647
0.65,0.95,0.009368216593494134,0.04404261645837022,16.72622292065515,0.0002560642254946777,0.0002546129612558337,0.0007549456574224703,0.9503314902697798,0.0005543014729250112,0.000633757519965953
0.675,0.95,0.010706533249707578,0.04404261645837022,17.04376614870207,0.00025047553021654846,0.00024910196903533873,0.0007386051709663576,0.929761958287055,0.0005399188207408103,0.00063341730922087
0.7,0.95,0.012044849905921022,0.04404261645837022,17.5179206327678,0.0002443605690775489,0.00024326377603760215,0.0007212945107819891,0.9079711640373985,0.0005172981037973086,0.0006322655110567761
0.725,0.95,0.013383166562134473,0.04404261645837022,18.128774731305384,0.00023722133720407152,0.00023675603234646526,0.0007019985848597196,0.8836813017704196,0.00048255922474789594,0.000630385613665304
0.75,0.95,0.014721483218347917,0.04404261645837022,18.85296759849208,0.00022763721353120063,0.00022855045086798363,0.0006776684483527194,0.8530543358983241,0.0004367081672153588,0.0006278903573028168
0.775,0.95,0.016059799874561367,0.04404261645837022,19.663571161020183,0.00021365337299010818,0.00021710000396000874,0.0006437170535530011,0.8103160549379261,0.00039515121107612565,0.000624883371395423
0.8,0.95,0.017398116530774818,0.04404261645837022,20.529161376296223,0.00019420415588793446,0.00020148418415244398,0.0005974150299141998,0.7520307059269776,0.0003659468980420301,0.0006222495943140088
0.825,0.95,0.018736433186988255,0.04404261645837022,21.412980593980098,0.00017091232307768776,0.0001822482652403631,0.0005403791532739116,0.6802334989181078,0.0003431641847568399,0.0006214825273710871
0.85,0.95,0.020074749843201706,0.04404261645837022,22.273071546508078,0.0001481056099102778,0.0001617612678446833,0.0004796337393672204,0.6037666974239502,0.00032415910388699327,0.0006236306632117969
0.875,0.95,0.021413066499415156,0.04404261645837022,23.063990378446608,0.00013054212347336278,0.00014321203293855145,0.00042463392996308435,0.5345325077552001,0.0003096630506477667,0.0006277301077394143
0.9,0.95,0.0227513831556286,0.04404261645837022,23.74009392631145,0.00012055109512297442,0.00012886209879227163,0.000382085347932545,0.48097202035799835,0.0003001385094052982,0.000631329223273582
0.925,0.95,0.02408969981184205,0.04404261645837022,24.259629335473406,0.00011773814769192847,0.00011955854537893624,0.0003544996460368029,0.44624692334608435,0.00029538318113774307,0.0006328293745693255
0.95,0.95,0.025428016468055495,0.04404261645837022,24.588518966184356,0.00012039418486676012,0.00011512040799341092,0.00034134025097018635,0.4296817740512282,0.0002945085633853813,0.0006325829604923476
0.975,0.95,0.02676633312426894,0.04404261645837022,24.703289686338586,0.0001269594142621631,0.00011463839601940939,0.0003399110509608732,0.42788268591635326,0.00029762828367113045,0.0006318738735159779
0.0,0.975,-0.026097174796162217,0.04520163268095892,24.895955680478487,0.00012319524611042757,0.00011350198549202495,0.0003365415123935258,0.42364108444908793,0.000294768571480312,0.0006314880244945069
0.025,0.975,-0.02475885813994877,0.04520163268095892,24.678902544130025,0.00013297364223436618,0.0001155726300889793,0.00034268112185733966,0.43136967279720995,0.0003193054743312262,0.0006307448334533938
0.05,0.975,-0.023420541483735322,0.04520163268095892,24.259627097009535,0.00014445101451413634,0.00011955854537893624,0.0003544996460368029,0.44624692334608435,0.0003409494969236129,0.0006303802282862069
0.075,0.975,-0.022082224827521875,0.04520163268095892,23.67217644085777,0.00015672348917334308,0.0001267734147616592,0.0003758922502565233,0.4731761006305649,0.00035361447793260325,0.0006302886346631141
0.1,0.975,-0.020743908171308428,0.04520163268095892,22.96611302119779,0.00016887483670535096,0.00013841731971278047,0.00041041726200349534,0.5166364550845557,0.000364384712589952,0.0006302842609751454
0.125,0.975,-0.01940559151509498,0.04520163268095892,22.200089580646313,0.0001803338314187026,0.00015385345957328163,0.0004561865217362783,0.5742511567293122,0.0003767064132868749,0.0006302414974213639
0.15,0.975,-0.018067274858881537,0.04520163268095892,21.434179995863644,0.00019090804873063503,0.00017084688635414364,0.0005065732486713924,0.6376783621543344,0.00039291957102922183,0.0006301429157095168
0.175,0.975,-0.016728958202668086,0.04520163268095892,20.723508238675144,0.00020062119270049272,0.0001868957425693006,0.0005541592562590276,0.6975800001889774,0.00041477014374178634,0.0006300282325633568
0.2,0.975,-0.015390641546454639,0.04520163268095892,20.1142058857371,0.0002095492781255904,0.0002005161120799945,0.0005945446269167917,0.7484174202137847,0.00044147301754191037,0.0006299382455625989
0.225,0.975,-0.014052324890241193,0.04520163268095892,19.64110673760389,0.0002177259996142144,0.00021160995939868135,0.0006274386784059268,0.7898247091561559,0.00046872536866780914,0.0006298850445100753
0.25,0.975,-0.012714008234027746,0.04520163268095892,19.32589752489693,0.00022510682416337094,0.00022070656992926547,0.0006544107798396304,0.8237774011137642,0.000492182729331165,0.0006298554229486279
0.275,0.975,-0.011375691577814297,0.04520163268095892,19.174663335646496,0.00023159142835396706,0.00022820260076451165,0.0006766370478939413,0.8517560009447832,0.0005105016941342624,0.0006298353076861532
0.3,0.975,-0.010037374921600853,0.04520163268095892,19.174677530243077,0.0002370774490318625,0.00023432955569949485,0.0006948039078942107,0.874624586210275,0.0005243883767802543,0.0006298149158677922
0.325,0.975,-0.008699058265387402,0.04520163268095892,19.291774201439097,0.00024155003947057215,0.00023927932294566444,0.0007094803221243291,0.8930993710772339,0.0005349618115109867,0.0006297903482610525
0.35,0.975,-0.007360741609173958,0.04520163268095892,19.471131808168145,0.00024517522978978977,0.00024321932677210257,0.0007211627155277373,0.907805259141924,0.0005431306031555806,0.0006297674136592156
0.375,0.975,-0.006022424952960511,0.04520163268095892,19.644359444757434,0.00024829568938302966,0.00024656554062042616,0.0007310844791376445,0.9202948526706819,0.000549502346273631,0.0006297458147444815
0.4,0.975,-0.00468410829674706,0.04520163268095892,19.743201144753872,0.0002513314035991967,0.0002497122157589082,0.0007404145961882423,0.9320396768893665,0.000554458478546015,0.0006297187043133416
0.425,0.975,-0.0033457916405336165,0.04520163268095892,19.715937968757274,0.0002546204677445131,0.00025303409648267874,0.0007502642103418836,0.9444384481190341,0.0005582523903943078,0.0006296899971575555
0.45,0.975,-0.002007474984320169,0.04520163268095892,19.53996165852319,0.00025824897751467975,0.00025664164024761073,0.0007609608358626887,0.9579034438734979,0.0005610415728920015,0.0006296609093018486
0.475,0.975,-0.0006691583281067219,0.04520163268095892,19.22564786931405,0.00026198354539736136,0.00026034954319213184,0.0007719550335355147,0.971743025777193,0.0005629055498157434,0.0006296208177574648
0.5,0.975,0.0006691583281067254,0.04520163268095892,18.811340254903683,0.00026535110703525706,0.00026371438629934794,0.0007819320342316743,0.9843021521815697,0.0005638994928606907,0.0006295944085939175
0.525,0.975,0.0020074749843201727,0.04520163268095892,18.352958250652435,0.0002677449616988086,0.0002661556451273313,0.0007891705414221172,0.9934140415712089,0.0005640420197261213,0.0006296379078919471
0.55,0.975,0.0033457916405336234,0.04520163268095892,17.912262556768773,0.00026860602069707395,0.0002671210982631292,0.0007920331790848682,0.9970175522204824,0.0005632941016302778,0.0006298325829887316
0.575,0.975,0.004684108296747064,0.04520163268095892,17.546429610531952,0.0002676374678347996,0.00026628128303832216,0.0007895430668224046,0.9938829794548006,0.0005615733640833958,0.0006303241936742186
0.6,0.975,0.006022424952960511,0.04520163268095892,17.300380566255807,0.00026487080612041115,0.00026362127034662417,0.0007816559387658393,0.9839546010526585,0.0005586348296282013,0.0006312327329777218
0.625,0.975,0.007360741609173962,0.04520163268095892,17.202792605626023,0.0002606642890385262,0.000259470089353607,0.0007693473899457183,0.9684605036586548,0.000553857020580494,0.000632484645201871
0.65,0.975,0.008699058265387413,0.04520163268095892,17.26608669679512,0.0002555545884007458,0.0002542858140064786,0.00075397564240823,0.9491104277932905,0.0005460181442386424,0.0006337338586533514
0.675,0.975,0.010037374921600856,0.04520163268095892,17.489497985124373,0.00024997461050009105,0.00024853777149873383,0.000736932284880404,0.9276561162155292,0.0005330870869606498,0.0006344669407103982
0.7,0.975,0.0113756915778143,0.04520163268095892,17.86333719068581,0.0002440371272117701,0.0002425519269596196,0.0007191838273057339,0.9053142191914267,0.0005118435470673288,0.0006342089478717729
0.725,0.975,0.012714008234027751,0.04520163268095892,18.372586212737673,0.00023718032553969817,0.00023611880473919093,0.0007001091593861353,0.8813028782264053,0.00047755740964326254,0.0006325337128685161
0.75,0.975,0.014052324890241195,0.04520163268095892,18.998848151674338,0.00022786425671912294,0.00022825564406124332,0.000676794325066028,0.8519539826774617,0.0004308345150019666,0.000629183855712709
0.775,0.975,0.015390641546454645,0.04520163268095892,19.72061820153617,0.00021392320914936247,0.00021745280319158906,0.00064476312853092,0.8116328622907807,0.000389589407771744,0.000624209885874641
0.8,0.975,0.016728958202668096,0.04520163268095892,20.5124177163486,0.00019388282902862056,0.00020266950524247115,0.000600929591801205,0.756454863881772,0.00036070468031880443,0.0006188533416815268
0.825,0.975,0.018067274858881533,0.04520163268095892,21.34357439372715,0.00016898189743642402,0.0001841148942581151,0.0005459138419402701,0.6872006082414963,0.0003365709189021315,0.0006154592338800036
0.85,0.975,0.019405591515094984,0.04520163268095892,22.177499643719432,0.000143758540421631,0.00016399809450505618,0.00048626609054575504,0.6121155528912545,0.00031545988547916463,0.0006163123148682056
0.875,0.975,0.020743908171308435,0.04520163268095892,22.972241798382726,0.00012389948325003294,0.00014560606709071601,0.0004317324126089921,0.5434681331544792,0.00029950619415481815,0.0006212591174199342
0.9,0.975,0.02208222482752188,0.04520163268095892,23.682762222473023,0.00011251657036997315,0.00013122176696001259,0.0003890819329744357,0.4897793762574421,0.0002898325514817009,0.0006273893062263212
0.925,0.975,0.02342054148373533,0.04520163268095892,24.264725062544137,0.0001089545535224579,0.0001213643060528451,0.0003598538557062077,0.45298684429842767,0.0002857534319867951,0.0006315907115444308
0.95,0.975,0.024758858139948773,0.04520163268095892,24.678903586425335,0.00011064244221089343,0.0001155726300889793,0.00034268112185733966,0.43136967279720995,0.00028576878393287764,0.0006329160559548117
0.975,0.975,0.026097174796162217,0.04520163268095892,24.895199566477565,0.00011564665148089585,0.0001132281112302691,0.0003357294556012378,0.4226188610161675,0.0002867261442617465,0.000632436160526321
