k1,k2,magnetic_band,energy_meV
0.0,0.0,1,-93.58037991174993
0.0,0.0,2,-86.45004877512002
0.0,0.0,3,-81.54958260856722
0.0,0.0,4,-77.40078442415668
0.0,0.0,5,-74.86533341110689
0.0,0.0,6,-72.42954410277778
0.0,0.0,7,-69.00914845034393
0.0,0.0,8,-66.435524209383
0.0,0.0,9,-64.79586532039804
0.0,0.0,10,-62.27572608663732
0.0,0.0,11,-59.99555407960335
0.0,0.0,12,-57.95113376010022
0.0,0.0,13,-55.25763564491086
0.0,0.0,14,-54.210953573039774
0.0,0.0,15,-51.960925057841365
0.0,0.0,16,-50.31325611410392
0.0,0.0,17,-48.5490724238758
0.0,0.0,18,-47.6388092451308
0.0,0.0,19,-45.48350904737214
0.0,0.0,20,-44.43715220705718
0.0,0.0,21,-43.2549678105174
0.0,0.0,22,-41.64565925347003
0.0,0.0,23,-40.700816359436914
0.0,0.0,24,-39.9236794530791
0.0,0.0,25,-38.68457579575494
0.0,0.0,26,-37.87463110413367
0.0,0.0,27,-37.4010595677872
0.0,0.0,28,-36.645185095178874
0.0,0.0,29,-36.29096523844774
0.0,0.0,30,-35.98496287301961
0.0,0.0,31,-34.19691555220596
0.0,0.0,32,-34.09983901878621
0.0,0.0,33,-31.625426469191694
0.0,0.0,34,-30.871692135438536
0.0,0.0,35,-28.866155659833808
0.0,0.0,36,-26.23381390565021
0.0,0.0,37,-25.561829251699464
0.0,0.0,38,-21.19557175413736
0.0,0.0,39,-21.063057072603968
0.0,0.0,40,-14.967427939013717
0.0,0.0,41,-7.799794596754921
0.0,0.0,42,-7.532285469519962
0.0,0.0,43,-5.926076832546158
0.0,0.0,44,-4.694906019266341
0.0,0.0,45,-4.430073410643118
0.0,0.0,46,-3.510074615302969
0.0,0.0,47,-2.949782920270607
0.0,0.0,48,-2.1410794148389414
0.0,0.0,49,-1.2940468917537657
0.0,0.0,50,-0.2847993088026328
0.0,0.0,51,0.7987785501288158
0.0,0.0,52,2.046636903826254
0.0,0.0,53,3.341765537567454
0.0,0.0,54,4.74872834659115
0.0,0.0,55,6.277790596513057
0.0,0.0,56,7.91184307976107
0.0,0.0,57,9.621744168155331
0.0,0.0,58,11.403377676166457
0.0,0.0,59,13.273705377204848
0.0,0.0,60,15.168721479397178
0.0,0.0,61,16.94357469268019
0.0,0.0,62,16.975857059108332
0.0,0.0,63,17.04731716042232
0.0,0.0,64,18.444055154940088
0.0,0.0,65,18.729179286863378
0.0,0.0,66,18.792331365918123
0.0,0.0,67,19.464733840352096
0.0,0.0,68,19.702661773148535
0.0,0.0,69,20.060653622544578
0.0,0.0,70,20.495476321813896
0.0,0.0,71,20.77490841441667
0.0,0.0,72,21.095502468445588
0.0,0.0,73,21.30621504206144
0.0,0.0,74,21.730619379450868
0.0,0.0,75,21.804301220605552
0.0,0.0,76,22.287639984209093
0.0,0.0,77,22.893234070549912
0.0,0.0,78,22.926132776122625
0.0,0.0,79,25.331757190942284
0.0,0.0,80,31.462620315058643
0.0,0.0,81,33.0716470147661
0.0,0.0,82,35.86945822542474
0.0,0.0,83,36.37873886890643
0.0,0.0,84,37.97592677744004
0.0,0.0,85,39.85331933671581
0.0,0.0,86,40.433376221372676
0.0,0.0,87,42.14095813356474
0.0,0.0,88,42.45634176494463
0.0,0.0,89,43.80135250934418
0.0,0.0,90,44.961677847959514
0.0,0.0,91,45.63106588139811
0.0,0.0,92,46.76945972771175
0.0,0.0,93,47.31326729661801
0.0,0.0,94,48.27973587112087
0.0,0.0,95,49.27913395541129
0.0,0.0,96,50.42189362353333
0.0,0.0,97,51.194745699853016
0.0,0.0,98,51.594445287068666
0.0,0.0,99,52.40437524165621
0.0,0.0,100,53.25201576040062
0.0,0.0,101,53.81493185150896
0.0,0.0,102,54.50743163585849
0.0,0.0,103,56.77973570387811
0.0,0.0,104,59.07751972645992
0.0,0.0,105,61.53766610017793
0.0,0.0,106,64.16378332947937
0.0,0.0,107,65.55536099319608
0.0,0.0,108,67.16062567276839
0.0,0.0,109,69.07494966099247
0.0,0.0,110,70.9643225154918
0.0,0.0,111,72.40485786593074
0.0,0.0,112,74.62048260696018
0.0,0.0,113,76.96213451924717
0.0,0.0,114,79.55521553771968
0.0,0.0,115,82.6435961417548
0.0,0.0,116,86.08085335709882
0.0,0.0,117,90.8864001928477
0.0,0.0,118,95.85359630669303
0.025,0.0,1,-93.5791096433928
0.025,0.0,2,-86.4620767503543
0.025,0.0,3,-81.51789328795996
0.025,0.0,4,-77.43082611175802
0.025,0.0,5,-74.87475467583195
0.025,0.0,6,-72.42294573559309
0.025,0.0,7,-68.93353991046351
0.025,0.0,8,-66.5376595693489
0.025,0.0,9,-64.80838782946631
0.025,0.0,10,-62.17134143179749
0.025,0.0,11,-60.05318121884994
0.025,0.0,12,-57.954003765490086
0.025,0.0,13,-55.283148240117924
0.025,0.0,14,-54.14504883666939
0.025,0.0,15,-52.02981307008028
0.025,0.0,16,-50.26679235816712
0.025,0.0,17,-48.549255183679435
0.025,0.0,18,-47.65958851454579
0.025,0.0,19,-45.431000552476235
0.025,0.0,20,-44.48661790683411
0.025,0.0,21,-43.274163835671686
0.025,0.0,22,-41.583535188666815
0.025,0.0,23,-40.740514364938804
0.025,0.0,24,-39.94903207726787
0.025,0.0,25,-38.63925363588481
0.025,0.0,26,-37.86574619003753
0.025,0.0,27,-37.39731753380255
0.025,0.0,28,-36.68371723341616
0.025,0.0,29,-36.30556275566789
0.025,0.0,30,-35.96120576775161
0.025,0.0,31,-34.193363114382215
0.025,0.0,32,-34.10833653947039
0.025,0.0,33,-31.616328506401928
0.025,0.0,34,-30.8724357192132
0.025,0.0,35,-28.870795786306786
0.025,0.0,36,-26.233261312804885
0.025,0.0,37,-25.560641260501427
0.025,0.0,38,-21.195575171234353
0.025,0.0,39,-21.06347160120977
0.025,0.0,40,-14.967355403073128
0.025,0.0,41,-7.799713692530474
0.025,0.0,42,-7.532341862583976
0.025,0.0,43,-5.9263006315474485
0.025,0.0,44,-4.690591097491634
0.025,0.0,45,-4.438321312035086
0.025,0.0,46,-3.488127171413552
0.025,0.0,47,-2.982231670611654
0.025,0.0,48,-2.115710524642097
0.025,0.0,49,-1.3102300210435658
0.025,0.0,50,-0.2745981419157886
0.025,0.0,51,0.7898157741588818
0.025,0.0,52,2.054439190207802
0.025,0.0,53,3.3355457982565184
0.025,0.0,54,4.753006180723361
0.025,0.0,55,6.275358331701227
0.025,0.0,56,7.912863980967117
0.025,0.0,57,9.621471851245985
0.025,0.0,58,11.403401164588203
0.025,0.0,59,13.27373469467031
0.025,0.0,60,15.1686994450139
0.025,0.0,61,16.944009404055574
0.025,0.0,62,16.977142703912435
0.025,0.0,63,17.045288846390097
0.025,0.0,64,18.44714209104562
0.025,0.0,65,18.729346709239763
0.025,0.0,66,18.788314264779444
0.025,0.0,67,19.46178874705393
0.025,0.0,68,19.70965708359155
0.025,0.0,69,20.061453988017064
0.025,0.0,70,20.475301367136737
0.025,0.0,71,20.816415855206003
0.025,0.0,72,21.053118852547527
0.025,0.0,73,21.323027983648856
0.025,0.0,74,21.75583783867835
0.025,0.0,75,21.778781800046115
0.025,0.0,76,22.288261176859365
0.025,0.0,77,22.89507643059993
0.025,0.0,78,22.924420865122045
0.025,0.0,79,25.331835851545137
0.025,0.0,80,31.462131598995825
0.025,0.0,81,33.07111087099416
0.025,0.0,82,35.87435339280455
0.025,0.0,83,36.3791529856864
0.025,0.0,84,37.96704491682809
0.025,0.0,85,39.86435081082917
0.025,0.0,86,40.42337861010516
0.025,0.0,87,42.14378981220671
0.025,0.0,88,42.4629953937006
0.025,0.0,89,43.80789850994741
0.025,0.0,90,44.926125261710084
0.025,0.0,91,45.635633906418064
0.025,0.0,92,46.87826806642618
0.025,0.0,93,47.21327466501428
0.025,0.0,94,48.250295562238016
0.025,0.0,95,49.362634971351845
0.025,0.0,96,50.36241045606254
0.025,0.0,97,51.23851615444401
0.025,0.0,98,51.51360967480221
0.025,0.0,99,52.457790491722726
0.025,0.0,100,53.348246881032004
0.025,0.0,101,53.7273035360589
0.025,0.0,102,54.49079645754616
0.025,0.0,103,56.785076695308845
0.025,0.0,104,59.08628088278943
0.025,0.0,105,61.49810184063223
0.025,0.0,106,64.2113076298883
0.025,0.0,107,65.5801749504258
0.025,0.0,108,67.14081404449803
0.025,0.0,109,69.05172536752355
0.025,0.0,110,70.91509687176065
0.025,0.0,111,72.46836738907737
0.025,0.0,112,74.59241251693031
0.025,0.0,113,76.99932412993144
0.025,0.0,114,79.5325287393799
0.025,0.0,115,82.64437330187681
0.025,0.0,116,86.08204158172163
0.025,0.0,117,90.88656980977463
0.025,0.0,118,95.85383858716497
0.05,0.0,1,-93.5803799117501
0.05,0.0,2,-86.45004877512005
0.05,0.0,3,-81.54958260856628
0.05,0.0,4,-77.40078442415697
0.05,0.0,5,-74.86533341110669
0.05,0.0,6,-72.42954410277667
0.05,0.0,7,-69.00914845034322
0.05,0.0,8,-66.43552420938238
0.05,0.0,9,-64.79586532039806
0.05,0.0,10,-62.27572608663763
0.05,0.0,11,-59.99555407960327
0.05,0.0,12,-57.951133760099054
0.05,0.0,13,-55.25763564491041
0.05,0.0,14,-54.210953573038694
0.05,0.0,15,-51.96092505784162
0.05,0.0,16,-50.313256114105
0.05,0.0,17,-48.549072423875344
0.05,0.0,18,-47.638809245130744
0.05,0.0,19,-45.48350904737245
0.05,0.0,20,-44.437152207057636
0.05,0.0,21,-43.254967810517144
0.05,0.0,22,-41.64565925347023
0.05,0.0,23,-40.7008163594374
0.05,0.0,24,-39.92367945307882
0.05,0.0,25,-38.684575795755364
0.05,0.0,26,-37.874631104134494
0.05,0.0,27,-37.40105956778615
0.05,0.0,28,-36.64518509517973
0.05,0.0,29,-36.29096523844771
0.05,0.0,30,-35.98496287301995
0.05,0.0,31,-34.19691555220611
0.05,0.0,32,-34.09983901878643
0.05,0.0,33,-31.625426469191794
0.05,0.0,34,-30.871692135438664
0.05,0.0,35,-28.866155659834064
0.05,0.0,36,-26.233813905650038
0.05,0.0,37,-25.56182925169969
0.05,0.0,38,-21.195571754137617
0.05,0.0,39,-21.06305707260408
0.05,0.0,40,-14.967427939013888
0.05,0.0,41,-7.799794596755078
0.05,0.0,42,-7.532285469519948
0.05,0.0,43,-5.926076832546158
0.05,0.0,44,-4.694906019266398
0.05,0.0,45,-4.430073410643104
0.05,0.0,46,-3.5100746153030116
0.05,0.0,47,-2.949782920270607
0.05,0.0,48,-2.141079414838927
0.05,0.0,49,-1.2940468917537942
0.05,0.0,50,-0.2847993088026044
0.05,0.0,51,0.7987785501288158
0.05,0.0,52,2.0466369038262258
0.05,0.0,53,3.34176553756744
0.05,0.0,54,4.748728346591179
0.05,0.0,55,6.2777905965131
0.05,0.0,56,7.9118430797610415
0.05,0.0,57,9.621744168155317
0.05,0.0,58,11.40337767616623
0.05,0.0,59,13.273705377204891
0.05,0.0,60,15.16872147939722
0.05,0.0,61,16.94357469268009
0.05,0.0,62,16.975857059108442
0.05,0.0,63,17.047317160422445
0.05,0.0,64,18.444055154940017
0.05,0.0,65,18.72917928686337
0.05,0.0,66,18.792331365918038
0.05,0.0,67,19.46473384035214
0.05,0.0,68,19.702661773148435
0.05,0.0,69,20.060653622544592
0.05,0.0,70,20.495476321813825
0.05,0.0,71,20.77490841441667
0.05,0.0,72,21.095502468445247
0.05,0.0,73,21.30621504206144
0.05,0.0,74,21.73061937945102
0.05,0.0,75,21.804301220605254
0.05,0.0,76,22.287639984208937
0.05,0.0,77,22.893234070550008
0.05,0.0,78,22.92613277612259
0.05,0.0,79,25.331757190942355
0.05,0.0,80,31.462620315058658
0.05,0.0,81,33.07164701476647
0.05,0.0,82,35.86945822542454
0.05,0.0,83,36.378738868906645
0.05,0.0,84,37.975926777440364
0.05,0.0,85,39.8533193367156
0.05,0.0,86,40.43337622137284
0.05,0.0,87,42.14095813356468
0.05,0.0,88,42.45634176494462
0.05,0.0,89,43.80135250934457
0.05,0.0,90,44.96167784795972
0.05,0.0,91,45.631065881398264
0.05,0.0,92,46.76945972771103
0.05,0.0,93,47.313267296617404
0.05,0.0,94,48.27973587112093
0.05,0.0,95,49.27913395541031
0.05,0.0,96,50.42189362353404
0.05,0.0,97,51.19474569985267
0.05,0.0,98,51.59444528706877
0.05,0.0,99,52.404375241657355
0.05,0.0,100,53.25201576040033
0.05,0.0,101,53.81493185150692
0.05,0.0,102,54.50743163585847
0.05,0.0,103,56.779735703878906
0.05,0.0,104,59.07751972646058
0.05,0.0,105,61.53766610017891
0.05,0.0,106,64.16378332947741
0.05,0.0,107,65.5553609931959
0.05,0.0,108,67.16062567276732
0.05,0.0,109,69.07494966099341
0.05,0.0,110,70.96432251549206
0.05,0.0,111,72.40485786593099
0.05,0.0,112,74.62048260695936
0.05,0.0,113,76.96213451924798
0.05,0.0,114,79.55521553771926
0.05,0.0,115,82.64359614175463
0.05,0.0,116,86.08085335709804
0.05,0.0,117,90.88640019284719
0.05,0.0,118,95.85359630669278
0.075,0.0,1,-93.57910964339311
0.075,0.0,2,-86.46207675035487
0.075,0.0,3,-81.51789328795991
0.075,0.0,4,-77.43082611175831
0.075,0.0,5,-74.87475467583255
0.075,0.0,6,-72.42294573559317
0.075,0.0,7,-68.93353991046416
0.075,0.0,8,-66.53765956934942
0.075,0.0,9,-64.80838782946645
0.075,0.0,10,-62.17134143179857
0.075,0.0,11,-60.053181218849346
0.075,0.0,12,-57.954003765489546
0.075,0.0,13,-55.28314824011812
0.075,0.0,14,-54.14504883666936
0.075,0.0,15,-52.02981307008022
0.075,0.0,16,-50.26679235816772
0.075,0.0,17,-48.54925518367904
0.075,0.0,18,-47.65958851454519
0.075,0.0,19,-45.43100055247572
0.075,0.0,20,-44.486617906834
0.075,0.0,21,-43.27416383567186
0.075,0.0,22,-41.583535188667184
0.075,0.0,23,-40.74051436493875
0.075,0.0,24,-39.94903207726787
0.075,0.0,25,-38.639253635884785
0.075,0.0,26,-37.865746190037214
0.075,0.0,27,-37.397317533802834
0.075,0.0,28,-36.68371723341656
0.075,0.0,29,-36.30556275566798
0.075,0.0,30,-35.96120576775192
0.075,0.0,31,-34.19336311438224
0.075,0.0,32,-34.10833653947025
0.075,0.0,33,-31.61632850640204
0.075,0.0,34,-30.872435719213186
0.075,0.0,35,-28.870795786306843
0.075,0.0,36,-26.233261312805197
0.075,0.0,37,-25.560641260501427
0.075,0.0,38,-21.19557517123441
0.075,0.0,39,-21.063471601209855
0.075,0.0,40,-14.967355403073512
0.075,0.0,41,-7.79971369253056
0.075,0.0,42,-7.532341862583991
0.075,0.0,43,-5.926300631547463
0.075,0.0,44,-4.690591097491634
0.075,0.0,45,-4.4383213120351
0.075,0.0,46,-3.4881271714135664
0.075,0.0,47,-2.9822316706116823
0.075,0.0,48,-2.1157105246420684
0.075,0.0,49,-1.3102300210435516
0.075,0.0,50,-0.2745981419157886
0.075,0.0,51,0.7898157741588676
0.075,0.0,52,2.054439190207816
0.075,0.0,53,3.335545798256547
0.075,0.0,54,4.753006180723389
0.075,0.0,55,6.275358331701199
0.075,0.0,56,7.912863980967131
0.075,0.0,57,9.621471851246042
0.075,0.0,58,11.403401164588203
0.075,0.0,59,13.273734694670395
0.075,0.0,60,15.168699445013829
0.075,0.0,61,16.944009404055507
0.075,0.0,62,16.977142703912143
0.075,0.0,63,17.045288846390104
0.075,0.0,64,18.447142091045535
0.075,0.0,65,18.72934670923973
0.075,0.0,66,18.788314264779324
0.075,0.0,67,19.461788747053916
0.075,0.0,68,19.709657083591452
0.075,0.0,69,20.061453988016993
0.075,0.0,70,20.47530136713665
0.075,0.0,71,20.81641585520623
0.075,0.0,72,21.05311885254754
0.075,0.0,73,21.323027983648984
0.075,0.0,74,21.75583783867821
0.075,0.0,75,21.778781800046026
0.075,0.0,76,22.288261176859336
0.075,0.0,77,22.895076430599925
0.075,0.0,78,22.92442086512182
0.075,0.0,79,25.331835851545037
0.075,0.0,80,31.46213159899591
0.075,0.0,81,33.071110870994154
0.075,0.0,82,35.8743533928046
0.075,0.0,83,36.379152985686524
0.075,0.0,84,37.967044916827575
0.075,0.0,85,39.86435081082923
0.075,0.0,86,40.42337861010502
0.075,0.0,87,42.1437898122065
0.075,0.0,88,42.46299539370059
0.075,0.0,89,43.8078985099474
0.075,0.0,90,44.926125261710006
0.075,0.0,91,45.635633906416714
0.075,0.0,92,46.87826806642549
0.075,0.0,93,47.21327466501416
0.075,0.0,94,48.25029556223798
0.075,0.0,95,49.36263497135253
0.075,0.0,96,50.36241045606267
0.075,0.0,97,51.2385161544442
0.075,0.0,98,51.51360967480385
0.075,0.0,99,52.45779049172274
0.075,0.0,100,53.348246881031905
0.075,0.0,101,53.727303536058905
0.075,0.0,102,54.49079645754637
0.075,0.0,103,56.78507669530834
0.075,0.0,104,59.086280882788934
0.075,0.0,105,61.498101840631215
0.075,0.0,106,64.21130762988852
0.075,0.0,107,65.58017495042583
0.075,0.0,108,67.1408140444972
0.075,0.0,109,69.05172536752316
0.075,0.0,110,70.91509687175997
0.075,0.0,111,72.46836738907703
0.075,0.0,112,74.59241251693014
0.075,0.0,113,76.99932412993196
0.075,0.0,114,79.53252873938013
0.075,0.0,115,82.64437330187691
0.075,0.0,116,86.08204158172127
0.075,0.0,117,90.88656980977463
0.075,0.0,118,95.85383858716497
0.1,0.0,1,-93.58037991175004
0.1,0.0,2,-86.45004877511948
0.1,0.0,3,-81.54958260856682
0.1,0.0,4,-77.40078442415677
0.1,0.0,5,-74.86533341110655
0.1,0.0,6,-72.42954410277673
0.1,0.0,7,-69.00914845034362
0.1,0.0,8,-66.43552420938224
0.1,0.0,9,-64.79586532039787
0.1,0.0,10,-62.27572608663738
0.1,0.0,11,-59.99555407960341
0.1,0.0,12,-57.951133760098514
0.1,0.0,13,-55.25763564491092
0.1,0.0,14,-54.21095357303864
0.1,0.0,15,-51.96092505784145
0.1,0.0,16,-50.3132561141052
0.1,0.0,17,-48.549072423875
0.1,0.0,18,-47.638809245130574
0.1,0.0,19,-45.48350904737279
0.1,0.0,20,-44.43715220705792
0.1,0.0,21,-43.2549678105174
0.1,0.0,22,-41.6456592534702
0.1,0.0,23,-40.7008163594374
0.1,0.0,24,-39.92367945307879
0.1,0.0,25,-38.68457579575542
0.1,0.0,26,-37.874631104134295
0.1,0.0,27,-37.40105956778601
0.1,0.0,28,-36.645185095179784
0.1,0.0,29,-36.290965238447455
0.1,0.0,30,-35.98496287301998
0.1,0.0,31,-34.196915552205866
0.1,0.0,32,-34.09983901878686
0.1,0.0,33,-31.62542646919198
0.1,0.0,34,-30.871692135438565
0.1,0.0,35,-28.866155659834277
0.1,0.0,36,-26.233813905650237
0.1,0.0,37,-25.561829251699976
0.1,0.0,38,-21.195571754137717
0.1,0.0,39,-21.06305707260421
0.1,0.0,40,-14.967427939013874
0.1,0.0,41,-7.799794596755149
0.1,0.0,42,-7.532285469519962
0.1,0.0,43,-5.9260768325461015
0.1,0.0,44,-4.694906019266426
0.1,0.0,45,-4.430073410643118
0.1,0.0,46,-3.5100746153029405
0.1,0.0,47,-2.9497829202705788
0.1,0.0,48,-2.14107941483897
0.1,0.0,49,-1.29404689175378
0.1,0.0,50,-0.2847993088026186
0.1,0.0,51,0.7987785501288442
0.1,0.0,52,2.0466369038262116
0.1,0.0,53,3.3417655375673547
0.1,0.0,54,4.748728346591136
0.1,0.0,55,6.277790596513114
0.1,0.0,56,7.911843079760985
0.1,0.0,57,9.621744168155246
0.1,0.0,58,11.403377676166244
0.1,0.0,59,13.273705377204848
0.1,0.0,60,15.168721479397092
0.1,0.0,61,16.94357469268022
0.1,0.0,62,16.97585705910846
0.1,0.0,63,17.047317160422583
0.1,0.0,64,18.444055154940116
0.1,0.0,65,18.72917928686333
0.1,0.0,66,18.792331365918077
0.1,0.0,67,19.46473384035221
0.1,0.0,68,19.702661773148435
0.1,0.0,69,20.060653622544578
0.1,0.0,70,20.495476321813754
0.1,0.0,71,20.77490841441653
0.1,0.0,72,21.095502468445005
0.1,0.0,73,21.306215042061396
0.1,0.0,74,21.73061937945084
0.1,0.0,75,21.804301220604902
0.1,0.0,76,22.287639984208838
0.1,0.0,77,22.893234070549582
0.1,0.0,78,22.92613277612259
0.1,0.0,79,25.331757190942383
0.1,0.0,80,31.462620315058672
0.1,0.0,81,33.071647014766626
0.1,0.0,82,35.8694582254246
0.1,0.0,83,36.37873886890647
0.1,0.0,84,37.975926777441046
0.1,0.0,85,39.85331933671612
0.1,0.0,86,40.43337622137273
0.1,0.0,87,42.140958133564816
0.1,0.0,88,42.45634176494422
0.1,0.0,89,43.80135250934433
0.1,0.0,90,44.96167784796009
0.1,0.0,91,45.63106588139816
0.1,0.0,92,46.769459727711215
0.1,0.0,93,47.313267296617724
0.1,0.0,94,48.27973587112063
0.1,0.0,95,49.27913395541016
0.1,0.0,96,50.42189362353423
0.1,0.0,97,51.194745699852675
0.1,0.0,98,51.59444528706919
0.1,0.0,99,52.404375241657306
0.1,0.0,100,53.25201576040021
0.1,0.0,101,53.81493185150737
0.1,0.0,102,54.50743163585944
0.1,0.0,103,56.77973570387877
0.1,0.0,104,59.07751972646061
0.1,0.0,105,61.5376661001793
0.1,0.0,106,64.16378332947775
0.1,0.0,107,65.55536099319534
0.1,0.0,108,67.16062567276771
0.1,0.0,109,69.07494966099397
0.1,0.0,110,70.96432251549196
0.1,0.0,111,72.40485786593112
0.1,0.0,112,74.62048260695934
0.1,0.0,113,76.96213451924874
0.1,0.0,114,79.55521553771959
0.1,0.0,115,82.64359614175468
0.1,0.0,116,86.08085335709816
0.1,0.0,117,90.8864001928472
0.1,0.0,118,95.85359630669289
0.125,0.0,1,-93.57910964339271
0.125,0.0,2,-86.46207675035467
0.125,0.0,3,-81.51789328795985
0.125,0.0,4,-77.4308261117582
0.125,0.0,5,-74.87475467583198
0.125,0.0,6,-72.42294573559295
0.125,0.0,7,-68.93353991046362
0.125,0.0,8,-66.53765956934913
0.125,0.0,9,-64.80838782946651
0.125,0.0,10,-62.17134143179777
0.125,0.0,11,-60.053181218849346
0.125,0.0,12,-57.95400376549014
0.125,0.0,13,-55.28314824011798
0.125,0.0,14,-54.14504883666936
0.125,0.0,15,-52.029813070080024
0.125,0.0,16,-50.26679235816758
0.125,0.0,17,-48.54925518367915
0.125,0.0,18,-47.65958851454556
0.125,0.0,19,-45.43100055247601
0.125,0.0,20,-44.48661790683386
0.125,0.0,21,-43.27416383567126
0.125,0.0,22,-41.5835351886671
0.125,0.0,23,-40.740514364938775
0.125,0.0,24,-39.94903207726779
0.125,0.0,25,-38.63925363588473
0.125,0.0,26,-37.865746190037555
0.125,0.0,27,-37.397317533802635
0.125,0.0,28,-36.683717233416246
0.125,0.0,29,-36.305562755667864
0.125,0.0,30,-35.96120576775178
0.125,0.0,31,-34.19336311438203
0.125,0.0,32,-34.10833653947021
0.125,0.0,33,-31.616328506402013
0.125,0.0,34,-30.87243571921313
0.125,0.0,35,-28.870795786306815
0.125,0.0,36,-26.23326131280544
0.125,0.0,37,-25.56064126050154
0.125,0.0,38,-21.195575171234637
0.125,0.0,39,-21.063471601209784
0.125,0.0,40,-14.967355403073782
0.125,0.0,41,-7.799713692530446
0.125,0.0,42,-7.532341862584019
0.125,0.0,43,-5.926300631547477
0.125,0.0,44,-4.690591097491648
0.125,0.0,45,-4.438321312035114
0.125,0.0,46,-3.488127171413524
0.125,0.0,47,-2.9822316706116254
0.125,0.0,48,-2.1157105246420542
0.125,0.0,49,-1.3102300210435516
0.125,0.0,50,-0.274598141915817
0.125,0.0,51,0.7898157741588534
0.125,0.0,52,2.054439190207802
0.125,0.0,53,3.3355457982565326
0.125,0.0,54,4.753006180723361
0.125,0.0,55,6.2753583317011845
0.125,0.0,56,7.912863980967131
0.125,0.0,57,9.621471851245971
0.125,0.0,58,11.403401164588203
0.125,0.0,59,13.273734694670253
0.125,0.0,60,15.168699445013829
0.125,0.0,61,16.944009404055624
0.125,0.0,62,16.977142703912342
0.125,0.0,63,17.045288846390164
0.125,0.0,64,18.447142091045592
0.125,0.0,65,18.729346709239714
0.125,0.0,66,18.78831426477939
0.125,0.0,67,19.46178874705393
0.125,0.0,68,19.709657083591566
0.125,0.0,69,20.06145398801702
0.125,0.0,70,20.475301367136666
0.125,0.0,71,20.81641585520606
0.125,0.0,72,21.053118852547385
0.125,0.0,73,21.32302798364877
0.125,0.0,74,21.755837838678346
0.125,0.0,75,21.77878180004621
0.125,0.0,76,22.288261176859336
0.125,0.0,77,22.895076430599953
0.125,0.0,78,22.924420865121938
0.125,0.0,79,25.331835851545463
0.125,0.0,80,31.46213159899581
0.125,0.0,81,33.07111087099459
0.125,0.0,82,35.87435339280454
0.125,0.0,83,36.37915298568673
0.125,0.0,84,37.96704491682796
0.125,0.0,85,39.864350810828974
0.125,0.0,86,40.42337861010506
0.125,0.0,87,42.143789812206506
0.125,0.0,88,42.46299539370041
0.125,0.0,89,43.80789850994737
0.125,0.0,90,44.926125261709934
0.125,0.0,91,45.63563390641787
0.125,0.0,92,46.878268066425896
0.125,0.0,93,47.21327466501462
0.125,0.0,94,48.2502955622382
0.125,0.0,95,49.36263497135216
0.125,0.0,96,50.36241045606248
0.125,0.0,97,51.238516154444355
0.125,0.0,98,51.51360967480252
0.125,0.0,99,52.45779049172273
0.125,0.0,100,53.34824688103195
0.125,0.0,101,53.727303536059054
0.125,0.0,102,54.49079645754596
0.125,0.0,103,56.78507669530898
0.125,0.0,104,59.086280882788785
0.125,0.0,105,61.49810184063141
0.125,0.0,106,64.21130762988794
0.125,0.0,107,65.58017495042594
0.125,0.0,108,67.14081404449722
0.125,0.0,109,69.05172536752325
0.125,0.0,110,70.91509687176044
0.125,0.0,111,72.46836738907682
0.125,0.0,112,74.5924125169311
0.125,0.0,113,76.99932412993115
0.125,0.0,114,79.53252873937973
0.125,0.0,115,82.64437330187594
0.125,0.0,116,86.08204158172092
0.125,0.0,117,90.88656980977467
0.125,0.0,118,95.85383858716492
0.15,0.0,1,-93.5803799117501
0.15,0.0,2,-86.45004877512042
0.15,0.0,3,-81.54958260856733
0.15,0.0,4,-77.40078442415705
0.15,0.0,5,-74.86533341110706
0.15,0.0,6,-72.42954410277767
0.15,0.0,7,-69.0091484503437
0.15,0.0,8,-66.43552420938207
0.15,0.0,9,-64.79586532039801
0.15,0.0,10,-62.27572608663829
0.15,0.0,11,-59.995554079603295
0.15,0.0,12,-57.951133760099765
0.15,0.0,13,-55.25763564491115
0.15,0.0,14,-54.210953573039546
0.15,0.0,15,-51.96092505784188
0.15,0.0,16,-50.31325611410375
0.15,0.0,17,-48.54907242387631
0.15,0.0,18,-47.63880924513086
0.15,0.0,19,-45.483509047373474
0.15,0.0,20,-44.43715220705812
0.15,0.0,21,-43.25496781051706
0.15,0.0,22,-41.64565925347014
0.15,0.0,23,-40.70081635943686
0.15,0.0,24,-39.92367945307859
0.15,0.0,25,-38.68457579575556
0.15,0.0,26,-37.874631104133954
0.15,0.0,27,-37.40105956778666
0.15,0.0,28,-36.645185095179215
0.15,0.0,29,-36.29096523844771
0.15,0.0,30,-35.98496287301998
0.15,0.0,31,-34.19691555220585
0.15,0.0,32,-34.09983901878653
0.15,0.0,33,-31.625426469191595
0.15,0.0,34,-30.87169213543862
0.15,0.0,35,-28.86615565983385
0.15,0.0,36,-26.23381390565025
0.15,0.0,37,-25.561829251699535
0.15,0.0,38,-21.195571754137532
0.15,0.0,39,-21.06305707260418
0.15,0.0,40,-14.967427939013731
0.15,0.0,41,-7.799794596754936
0.15,0.0,42,-7.532285469520033
0.15,0.0,43,-5.926076832546073
0.15,0.0,44,-4.694906019266355
0.15,0.0,45,-4.430073410643132
0.15,0.0,46,-3.510074615302898
0.15,0.0,47,-2.949782920270593
0.15,0.0,48,-2.1410794148389556
0.15,0.0,49,-1.2940468917537657
0.15,0.0,50,-0.28479930880266124
0.15,0.0,51,0.79877855012883
0.15,0.0,52,2.0466369038262258
0.15,0.0,53,3.3417655375673974
0.15,0.0,54,4.74872834659115
0.15,0.0,55,6.2777905965131
0.15,0.0,56,7.911843079761027
0.15,0.0,57,9.62174416815526
0.15,0.0,58,11.403377676166429
0.15,0.0,59,13.273705377204763
0.15,0.0,60,15.168721479397135
0.15,0.0,61,16.943574692680254
0.15,0.0,62,16.975857059108332
0.15,0.0,63,17.04731716042236
0.15,0.0,64,18.444055154940187
0.15,0.0,65,18.729179286863253
0.15,0.0,66,18.792331365918137
0.15,0.0,67,19.464733840352196
0.15,0.0,68,19.702661773148407
0.15,0.0,69,20.060653622544564
0.15,0.0,70,20.495476321813868
0.15,0.0,71,20.774908414416515
0.15,0.0,72,21.095502468445517
0.15,0.0,73,21.306215042061382
0.15,0.0,74,21.73061937945085
0.15,0.0,75,21.80430122060554
0.15,0.0,76,22.287639984208653
0.15,0.0,77,22.893234070550083
0.15,0.0,78,22.926132776122483
0.15,0.0,79,25.331757190942213
0.15,0.0,80,31.462620315058658
0.15,0.0,81,33.07164701476636
0.15,0.0,82,35.86945822542454
0.15,0.0,83,36.37873886890656
0.15,0.0,84,37.97592677744071
0.15,0.0,85,39.85331933671568
0.15,0.0,86,40.43337622137329
0.15,0.0,87,42.14095813356458
0.15,0.0,88,42.456341764944405
0.15,0.0,89,43.80135250934396
0.15,0.0,90,44.961677847959734
0.15,0.0,91,45.6310658813984
0.15,0.0,92,46.769459727711336
0.15,0.0,93,47.313267296618264
0.15,0.0,94,48.27973587112181
0.15,0.0,95,49.279133955411
0.15,0.0,96,50.421893623533904
0.15,0.0,97,51.194745699852476
0.15,0.0,98,51.59444528706886
0.15,0.0,99,52.40437524165703
0.15,0.0,100,53.25201576040017
0.15,0.0,101,53.81493185150719
0.15,0.0,102,54.50743163585855
0.15,0.0,103,56.77973570387847
0.15,0.0,104,59.0775197264604
0.15,0.0,105,61.537666100178654
0.15,0.0,106,64.16378332947686
0.15,0.0,107,65.5553609931956
0.15,0.0,108,67.16062567276805
0.15,0.0,109,69.07494966099323
0.15,0.0,110,70.96432251549174
0.15,0.0,111,72.4048578659303
0.15,0.0,112,74.62048260695965
0.15,0.0,113,76.96213451924758
0.15,0.0,114,79.5552155377199
0.15,0.0,115,82.64359614175459
0.15,0.0,116,86.08085335709869
0.15,0.0,117,90.88640019284716
0.15,0.0,118,95.85359630669296
0.175,0.0,1,-93.57910964339283
0.175,0.0,2,-86.46207675035453
0.175,0.0,3,-81.51789328795985
0.175,0.0,4,-77.43082611175782
0.175,0.0,5,-74.87475467583192
0.175,0.0,6,-72.42294573559292
0.175,0.0,7,-68.93353991046357
0.175,0.0,8,-66.53765956934899
0.175,0.0,9,-64.80838782946611
0.175,0.0,10,-62.1713414317974
0.175,0.0,11,-60.05318121884986
0.175,0.0,12,-57.954003765490256
0.175,0.0,13,-55.283148240118265
0.175,0.0,14,-54.14504883666885
0.175,0.0,15,-52.02981307008011
0.175,0.0,16,-50.26679235816732
0.175,0.0,17,-48.54925518367921
0.175,0.0,18,-47.65958851454573
0.175,0.0,19,-45.43100055247598
0.175,0.0,20,-44.486617906833914
0.175,0.0,21,-43.274163835671544
0.175,0.0,22,-41.58353518866639
0.175,0.0,23,-40.74051436493883
0.175,0.0,24,-39.949032077267816
0.175,0.0,25,-38.63925363588487
0.175,0.0,26,-37.86574619003761
0.175,0.0,27,-37.39731753380238
0.175,0.0,28,-36.683717233416104
0.175,0.0,29,-36.30556275566795
0.175,0.0,30,-35.96120576775152
0.175,0.0,31,-34.19336311438233
0.175,0.0,32,-34.108336539470415
0.175,0.0,33,-31.616328506402027
0.175,0.0,34,-30.87243571921323
0.175,0.0,35,-28.870795786306672
0.175,0.0,36,-26.233261312805226
0.175,0.0,37,-25.560641260501455
0.175,0.0,38,-21.195575171234566
0.175,0.0,39,-21.06347160120977
0.175,0.0,40,-14.967355403073753
0.175,0.0,41,-7.799713692530489
0.175,0.0,42,-7.532341862583991
0.175,0.0,43,-5.92630063154742
0.175,0.0,44,-4.690591097491662
0.175,0.0,45,-4.438321312035129
0.175,0.0,46,-3.488127171413552
0.175,0.0,47,-2.982231670611668
0.175,0.0,48,-2.1157105246421253
0.175,0.0,49,-1.31023002104358
0.175,0.0,50,-0.274598141915817
0.175,0.0,51,0.7898157741588676
0.175,0.0,52,2.0544391902077876
0.175,0.0,53,3.3355457982565326
0.175,0.0,54,4.753006180723389
0.175,0.0,55,6.27535833170127
0.175,0.0,56,7.912863980967174
0.175,0.0,57,9.621471851245943
0.175,0.0,58,11.403401164588217
0.175,0.0,59,13.273734694670239
0.175,0.0,60,15.168699445013857
0.175,0.0,61,16.94400940405565
0.175,0.0,62,16.977142703912442
0.175,0.0,63,17.045288846390168
0.175,0.0,64,18.447142091045663
0.175,0.0,65,18.729346709239792
0.175,0.0,66,18.788314264779444
0.175,0.0,67,19.4617887470539
0.175,0.0,68,19.709657083591594
0.175,0.0,69,20.061453988017107
0.175,0.0,70,20.475301367136638
0.175,0.0,71,20.816415855206117
0.175,0.0,72,21.05311885254754
0.175,0.0,73,21.323027983648842
0.175,0.0,74,21.75583783867845
0.175,0.0,75,21.77878180004605
0.175,0.0,76,22.288261176859507
0.175,0.0,77,22.895076430599886
0.175,0.0,78,22.924420865122134
0.175,0.0,79,25.331835851544767
0.175,0.0,80,31.46213159899574
0.175,0.0,81,33.07111087099402
0.175,0.0,82,35.874353392804416
0.175,0.0,83,36.379152985686126
0.175,0.0,84,37.967044916828115
0.175,0.0,85,39.864350810828945
0.175,0.0,86,40.42337861010538
0.175,0.0,87,42.143789812206734
0.175,0.0,88,42.46299539370059
0.175,0.0,89,43.80789850994759
0.175,0.0,90,44.926125261709984
0.175,0.0,91,45.63563390641846
0.175,0.0,92,46.87826806642623
0.175,0.0,93,47.21327466501425
0.175,0.0,94,48.2502955622387
0.175,0.0,95,49.36263497135111
0.175,0.0,96,50.36241045606203
0.175,0.0,97,51.23851615444443
0.175,0.0,98,51.51360967480202
0.175,0.0,99,52.45779049172259
0.175,0.0,100,53.348246881031876
0.175,0.0,101,53.72730353605933
0.175,0.0,102,54.49079645754626
0.175,0.0,103,56.78507669530873
0.175,0.0,104,59.086280882789374
0.175,0.0,105,61.49810184063193
0.175,0.0,106,64.21130762988786
0.175,0.0,107,65.58017495042571
0.175,0.0,108,67.14081404449739
0.175,0.0,109,69.05172536752391
0.175,0.0,110,70.91509687176011
0.175,0.0,111,72.4683673890766
0.175,0.0,112,74.59241251693106
0.175,0.0,113,76.99932412993101
0.175,0.0,114,79.53252873938013
0.175,0.0,115,82.64437330187569
0.175,0.0,116,86.08204158172109
0.175,0.0,117,90.88656980977458
0.175,0.0,118,95.85383858716494
0.2,0.0,1,-93.58037991175078
0.2,0.0,2,-86.45004877512042
0.2,0.0,3,-81.54958260856696
0.2,0.0,4,-77.40078442415665
0.2,0.0,5,-74.8653334111066
0.2,0.0,6,-72.4295441027773
0.2,0.0,7,-69.00914845034302
0.2,0.0,8,-66.43552420938241
0.2,0.0,9,-64.79586532039784
0.2,0.0,10,-62.275726086637576
0.2,0.0,11,-59.99555407960352
0.2,0.0,12,-57.95113376009968
0.2,0.0,13,-55.257635644910664
0.2,0.0,14,-54.21095357303875
0.2,0.0,15,-51.960925057841564
0.2,0.0,16,-50.31325611410472
0.2,0.0,17,-48.54907242387577
0.2,0.0,18,-47.638809245130744
0.2,0.0,19,-45.48350904737251
0.2,0.0,20,-44.437152207057295
0.2,0.0,21,-43.254967810517655
0.2,0.0,22,-41.64565925347031
0.2,0.0,23,-40.7008163594372
0.2,0.0,24,-39.92367945307893
0.2,0.0,25,-38.68457579575531
0.2,0.0,26,-37.87463110413444
0.2,0.0,27,-37.40105956778646
0.2,0.0,28,-36.64518509517927
0.2,0.0,29,-36.2909652384474
0.2,0.0,30,-35.98496287301967
0.2,0.0,31,-34.196915552206185
0.2,0.0,32,-34.09983901878644
0.2,0.0,33,-31.625426469191737
0.2,0.0,34,-30.871692135438707
0.2,0.0,35,-28.86615565983405
0.2,0.0,36,-26.233813905649924
0.2,0.0,37,-25.561829251699663
0.2,0.0,38,-21.195571754137703
0.2,0.0,39,-21.063057072604153
0.2,0.0,40,-14.967427939013845
0.2,0.0,41,-7.799794596755007
0.2,0.0,42,-7.532285469519962
0.2,0.0,43,-5.926076832546116
0.2,0.0,44,-4.694906019266369
0.2,0.0,45,-4.430073410643104
0.2,0.0,46,-3.5100746153029547
0.2,0.0,47,-2.949782920270607
0.2,0.0,48,-2.141079414838927
0.2,0.0,49,-1.2940468917537657
0.2,0.0,50,-0.28479930880267545
0.2,0.0,51,0.79877855012883
0.2,0.0,52,2.046636903826254
0.2,0.0,53,3.3417655375674116
0.2,0.0,54,4.748728346591136
0.2,0.0,55,6.277790596513071
0.2,0.0,56,7.911843079761056
0.2,0.0,57,9.621744168155331
0.2,0.0,58,11.403377676166343
0.2,0.0,59,13.273705377204877
0.2,0.0,60,15.16872147939712
0.2,0.0,61,16.943574692680222
0.2,0.0,62,16.975857059108524
0.2,0.0,63,17.047317160422406
0.2,0.0,64,18.444055154940074
0.2,0.0,65,18.72917928686332
0.2,0.0,66,18.792331365918134
0.2,0.0,67,19.464733840352153
0.2,0.0,68,19.702661773148563
0.2,0.0,69,20.060653622544606
0.2,0.0,70,20.49547632181384
0.2,0.0,71,20.774908414416657
0.2,0.0,72,21.09550246844526
0.2,0.0,73,21.30621504206144
0.2,0.0,74,21.73061937945091
0.2,0.0,75,21.804301220605552
0.2,0.0,76,22.287639984209008
0.2,0.0,77,22.89323407054996
0.2,0.0,78,22.926132776122603
0.2,0.0,79,25.331757190942497
0.2,0.0,80,31.462620315058516
0.2,0.0,81,33.071647014766256
0.2,0.0,82,35.86945822542428
0.2,0.0,83,36.37873886890647
0.2,0.0,84,37.97592677744104
0.2,0.0,85,39.853319336715835
0.2,0.0,86,40.43337622137254
0.2,0.0,87,42.14095813356467
0.2,0.0,88,42.45634176494412
0.2,0.0,89,43.80135250934485
0.2,0.0,90,44.96167784796036
0.2,0.0,91,45.631065881398456
0.2,0.0,92,46.769459727711315
0.2,0.0,93,47.31326729661782
0.2,0.0,94,48.27973587112074
0.2,0.0,95,49.279133955410266
0.2,0.0,96,50.42189362353377
0.2,0.0,97,51.194745699852334
0.2,0.0,98,51.59444528706827
0.2,0.0,99,52.40437524165733
0.2,0.0,100,53.25201576040041
0.2,0.0,101,53.81493185150687
0.2,0.0,102,54.50743163585883
0.2,0.0,103,56.779735703878686
0.2,0.0,104,59.077519726459826
0.2,0.0,105,61.53766610017818
0.2,0.0,106,64.16378332947828
0.2,0.0,107,65.5553609931959
0.2,0.0,108,67.16062567276757
0.2,0.0,109,69.07494966099298
0.2,0.0,110,70.96432251549173
0.2,0.0,111,72.40485786593088
0.2,0.0,112,74.6204826069595
0.2,0.0,113,76.96213451924744
0.2,0.0,114,79.55521553772087
0.2,0.0,115,82.64359614175486
0.2,0.0,116,86.08085335709838
0.2,0.0,117,90.88640019284708
0.2,0.0,118,95.85359630669271
0.225,0.0,1,-93.57910964339266
0.225,0.0,2,-86.4620767503541
0.225,0.0,3,-81.51789328796013
0.225,0.0,4,-77.43082611175765
0.225,0.0,5,-74.8747546758321
0.225,0.0,6,-72.42294573559286
0.225,0.0,7,-68.93353991046385
0.225,0.0,8,-66.53765956934902
0.225,0.0,9,-64.80838782946645
0.225,0.0,10,-62.17134143179845
0.225,0.0,11,-60.05318121884969
0.225,0.0,12,-57.95400376549017
0.225,0.0,13,-55.28314824011807
0.225,0.0,14,-54.145048836669076
0.225,0.0,15,-52.029813070080536
0.225,0.0,16,-50.26679235816738
0.225,0.0,17,-48.54925518367932
0.225,0.0,18,-47.65958851454516
0.225,0.0,19,-45.43100055247564
0.225,0.0,20,-44.48661790683374
0.225,0.0,21,-43.27416383567234
0.225,0.0,22,-41.58353518866653
0.225,0.0,23,-40.74051436493855
0.225,0.0,24,-39.9490320772677
0.225,0.0,25,-38.63925363588476
0.225,0.0,26,-37.86574619003741
0.225,0.0,27,-37.39731753380261
0.225,0.0,28,-36.6837172334167
0.225,0.0,29,-36.30556275566772
0.225,0.0,30,-35.96120576775155
0.225,0.0,31,-34.19336311438214
0.225,0.0,32,-34.108336539470464
0.225,0.0,33,-31.616328506401786
0.225,0.0,34,-30.872435719213357
0.225,0.0,35,-28.87079578630673
0.225,0.0,36,-26.233261312805027
0.225,0.0,37,-25.560641260501427
0.225,0.0,38,-21.195575171234736
0.225,0.0,39,-21.063471601209883
0.225,0.0,40,-14.967355403073768
0.225,0.0,41,-7.799713692530474
0.225,0.0,42,-7.532341862584033
0.225,0.0,43,-5.9263006315474485
0.225,0.0,44,-4.690591097491648
0.225,0.0,45,-4.438321312035129
0.225,0.0,46,-3.488127171413538
0.225,0.0,47,-2.982231670611611
0.225,0.0,48,-2.115710524642111
0.225,0.0,49,-1.3102300210435658
0.225,0.0,50,-0.2745981419158028
0.225,0.0,51,0.789815774158825
0.225,0.0,52,2.054439190207816
0.225,0.0,53,3.3355457982565184
0.225,0.0,54,4.753006180723361
0.225,0.0,55,6.275358331701241
0.225,0.0,56,7.91286398096716
0.225,0.0,57,9.621471851245943
0.225,0.0,58,11.403401164588288
0.225,0.0,59,13.273734694670267
0.225,0.0,60,15.168699445013843
0.225,0.0,61,16.944009404055635
0.225,0.0,62,16.977142703912453
0.225,0.0,63,17.045288846390125
0.225,0.0,64,18.44714209104562
0.225,0.0,65,18.729346709239742
0.225,0.0,66,18.788314264779526
0.225,0.0,67,19.4617887470539
0.225,0.0,68,19.70965708359161
0.225,0.0,69,20.06145398801698
0.225,0.0,70,20.475301367136723
0.225,0.0,71,20.816415855205904
0.225,0.0,72,21.053118852547584
0.225,0.0,73,21.3230279836489
0.225,0.0,74,21.755837838678367
0.225,0.0,75,21.778781800046136
0.225,0.0,76,22.28826117685945
0.225,0.0,77,22.89507643059984
0.225,0.0,78,22.924420865122006
0.225,0.0,79,25.331835851544767
0.225,0.0,80,31.46213159899567
0.225,0.0,81,33.07111087099391
0.225,0.0,82,35.87435339280453
0.225,0.0,83,36.37915298568621
0.225,0.0,84,37.96704491682796
0.225,0.0,85,39.86435081082902
0.225,0.0,86,40.423378610105246
0.225,0.0,87,42.14378981220681
0.225,0.0,88,42.46299539370061
0.225,0.0,89,43.80789850994728
0.225,0.0,90,44.92612526170998
0.225,0.0,91,45.63563390641785
0.225,0.0,92,46.87826806642591
0.225,0.0,93,47.213274665014005
0.225,0.0,94,48.25029556223831
0.225,0.0,95,49.362634971351845
0.225,0.0,96,50.362410456062584
0.225,0.0,97,51.23851615444433
0.225,0.0,98,51.51360967480296
0.225,0.0,99,52.45779049172266
0.225,0.0,100,53.34824688103159
0.225,0.0,101,53.72730353605885
0.225,0.0,102,54.49079645754625
0.225,0.0,103,56.78507669530876
0.225,0.0,104,59.0862808827896
0.225,0.0,105,61.498101840632415
0.225,0.0,106,64.21130762988767
0.225,0.0,107,65.5801749504265
0.225,0.0,108,67.1408140444984
0.225,0.0,109,69.05172536752339
0.225,0.0,110,70.91509687175851
0.225,0.0,111,72.46836738907724
0.225,0.0,112,74.59241251693119
0.225,0.0,113,76.99932412993024
0.225,0.0,114,79.53252873937916
0.225,0.0,115,82.64437330187596
0.225,0.0,116,86.08204158172117
0.225,0.0,117,90.88656980977467
0.225,0.0,118,95.85383858716497
0.25,0.0,1,-93.58037991175004
0.25,0.0,2,-86.45004877512017
0.25,0.0,3,-81.54958260856708
0.25,0.0,4,-77.40078442415688
0.25,0.0,5,-74.86533341110692
0.25,0.0,6,-72.42954410277721
0.25,0.0,7,-69.00914845034336
0.25,0.0,8,-66.4355242093823
0.25,0.0,9,-64.79586532039835
0.25,0.0,10,-62.27572608663769
0.25,0.0,11,-59.99555407960327
0.25,0.0,12,-57.95113376009931
0.25,0.0,13,-55.25763564491055
0.25,0.0,14,-54.21095357303926
0.25,0.0,15,-51.96092505784131
0.25,0.0,16,-50.313256114104064
0.25,0.0,17,-48.5490724238756
0.25,0.0,18,-47.638809245131085
0.25,0.0,19,-45.48350904737268
0.25,0.0,20,-44.43715220705792
0.25,0.0,21,-43.2549678105172
0.25,0.0,22,-41.645659253470086
0.25,0.0,23,-40.70081635943717
0.25,0.0,24,-39.92367945307936
0.25,0.0,25,-38.68457579575539
0.25,0.0,26,-37.87463110413387
0.25,0.0,27,-37.40105956778672
0.25,0.0,28,-36.645185095179386
0.25,0.0,29,-36.29096523844794
0.25,0.0,30,-35.98496287301967
0.25,0.0,31,-34.19691555220604
0.25,0.0,32,-34.09983901878658
0.25,0.0,33,-31.62542646919202
0.25,0.0,34,-30.871692135438735
0.25,0.0,35,-28.86615565983378
0.25,0.0,36,-26.233813905650507
0.25,0.0,37,-25.561829251699578
0.25,0.0,38,-21.195571754137603
0.25,0.0,39,-21.063057072604025
0.25,0.0,40,-14.967427939014016
0.25,0.0,41,-7.79979459675495
0.25,0.0,42,-7.532285469520005
0.25,0.0,43,-5.926076832546173
0.25,0.0,44,-4.694906019266384
0.25,0.0,45,-4.430073410643175
0.25,0.0,46,-3.510074615302912
0.25,0.0,47,-2.9497829202705788
0.25,0.0,48,-2.1410794148389414
0.25,0.0,49,-1.2940468917537373
0.25,0.0,50,-0.28479930880264703
0.25,0.0,51,0.7987785501288016
0.25,0.0,52,2.0466369038262116
0.25,0.0,53,3.3417655375674116
0.25,0.0,54,4.748728346591136
0.25,0.0,55,6.277790596513142
0.25,0.0,56,7.9118430797610415
0.25,0.0,57,9.621744168155288
0.25,0.0,58,11.403377676166514
0.25,0.0,59,13.273705377204806
0.25,0.0,60,15.16872147939712
0.25,0.0,61,16.943574692680365
0.25,0.0,62,16.975857059108325
0.25,0.0,63,17.04731716042248
0.25,0.0,64,18.444055154940045
0.25,0.0,65,18.729179286863445
0.25,0.0,66,18.792331365918088
0.25,0.0,67,19.46473384035224
0.25,0.0,68,19.70266177314845
0.25,0.0,69,20.06065362254445
0.25,0.0,70,20.495476321814124
0.25,0.0,71,20.774908414416572
0.25,0.0,72,21.09550246844549
0.25,0.0,73,21.30621504206114
0.25,0.0,74,21.730619379450804
0.25,0.0,75,21.804301220605296
0.25,0.0,76,22.287639984209036
0.25,0.0,77,22.893234070549894
0.25,0.0,78,22.926132776122692
0.25,0.0,79,25.331757190942355
0.25,0.0,80,31.462620315058544
0.25,0.0,81,33.07164701476624
0.25,0.0,82,35.86945822542464
0.25,0.0,83,36.37873886890658
0.25,0.0,84,37.97592677744099
0.25,0.0,85,39.85331933671604
0.25,0.0,86,40.4333762213723
0.25,0.0,87,42.14095813356475
0.25,0.0,88,42.45634176494408
0.25,0.0,89,43.801352509343836
0.25,0.0,90,44.96167784795973
0.25,0.0,91,45.63106588139825
0.25,0.0,92,46.769459727711926
0.25,0.0,93,47.313267296618086
0.25,0.0,94,48.27973587112073
0.25,0.0,95,49.279133955411034
0.25,0.0,96,50.421893623533904
0.25,0.0,97,51.19474569985215
0.25,0.0,98,51.59444528706872
0.25,0.0,99,52.40437524165579
0.25,0.0,100,53.2520157604001
0.25,0.0,101,53.81493185151008
0.25,0.0,102,54.50743163585904
0.25,0.0,103,56.77973570387824
0.25,0.0,104,59.077519726459826
0.25,0.0,105,61.53766610017734
0.25,0.0,106,64.16378332947764
0.25,0.0,107,65.55536099319649
0.25,0.0,108,67.16062567276722
0.25,0.0,109,69.07494966099246
0.25,0.0,110,70.96432251549143
0.25,0.0,111,72.4048578659308
0.25,0.0,112,74.62048260695997
0.25,0.0,113,76.96213451924719
0.25,0.0,114,79.55521553771999
0.25,0.0,115,82.64359614175416
0.25,0.0,116,86.08085335709829
0.25,0.0,117,90.88640019284732
0.25,0.0,118,95.85359630669255
0.275,0.0,1,-93.57910964339214
0.275,0.0,2,-86.46207675035407
0.275,0.0,3,-81.51789328796002
0.275,0.0,4,-77.43082611175723
0.275,0.0,5,-74.8747546758319
0.275,0.0,6,-72.422945735593
0.275,0.0,7,-68.9335399104632
0.275,0.0,8,-66.53765956934834
0.275,0.0,9,-64.80838782946631
0.275,0.0,10,-62.171341431797686
0.275,0.0,11,-60.05318121885014
0.275,0.0,12,-57.95400376548997
0.275,0.0,13,-55.283148240117725
0.275,0.0,14,-54.14504883666888
0.275,0.0,15,-52.02981307008014
0.275,0.0,16,-50.26679235816724
0.275,0.0,17,-48.54925518367904
0.275,0.0,18,-47.65958851454559
0.275,0.0,19,-45.43100055247615
0.275,0.0,20,-44.486617906834056
0.275,0.0,21,-43.27416383567163
0.275,0.0,22,-41.58353518866667
0.275,0.0,23,-40.74051436493883
0.275,0.0,24,-39.949032077267816
0.275,0.0,25,-38.63925363588476
0.275,0.0,26,-37.86574619003761
0.275,0.0,27,-37.39731753380272
0.275,0.0,28,-36.68371723341599
0.275,0.0,29,-36.305562755667694
0.275,0.0,30,-35.96120576775155
0.275,0.0,31,-34.193363114382166
0.275,0.0,32,-34.108336539470514
0.275,0.0,33,-31.61632850640187
0.275,0.0,34,-30.872435719213215
0.275,0.0,35,-28.870795786306857
0.275,0.0,36,-26.233261312804984
0.275,0.0,37,-25.56064126050147
0.275,0.0,38,-21.195575171234495
0.275,0.0,39,-21.063471601209883
0.275,0.0,40,-14.967355403073185
0.275,0.0,41,-7.799713692530503
0.275,0.0,42,-7.532341862583991
0.275,0.0,43,-5.9263006315474485
0.275,0.0,44,-4.690591097491662
0.275,0.0,45,-4.438321312035129
0.275,0.0,46,-3.488127171413609
0.275,0.0,47,-2.9822316706116965
0.275,0.0,48,-2.115710524642097
0.275,0.0,49,-1.3102300210435658
0.275,0.0,50,-0.2745981419158312
0.275,0.0,51,0.7898157741588534
0.275,0.0,52,2.0544391902077592
0.275,0.0,53,3.3355457982565184
0.275,0.0,54,4.753006180723375
0.275,0.0,55,6.275358331701241
0.275,0.0,56,7.912863980967131
0.275,0.0,57,9.621471851245971
0.275,0.0,58,11.403401164588203
0.275,0.0,59,13.273734694670225
0.275,0.0,60,15.168699445013857
0.275,0.0,61,16.9440094040556
0.275,0.0,62,16.97714270391261
0.275,0.0,63,17.045288846390143
0.275,0.0,64,18.447142091045635
0.275,0.0,65,18.729346709239802
0.275,0.0,66,18.788314264779434
0.275,0.0,67,19.461788747053916
0.275,0.0,68,19.70965708359155
0.275,0.0,69,20.061453988016993
0.275,0.0,70,20.475301367136822
0.275,0.0,71,20.816415855205975
0.275,0.0,72,21.053118852547584
0.275,0.0,73,21.3230279836488
0.275,0.0,74,21.755837838678385
0.275,0.0,75,21.778781800046154
0.275,0.0,76,22.28826117685948
0.275,0.0,77,22.895076430599843
0.275,0.0,78,22.92442086512205
0.275,0.0,79,25.331835851545264
0.275,0.0,80,31.46213159899581
0.275,0.0,81,33.07111087099424
0.275,0.0,82,35.87435339280449
0.275,0.0,83,36.37915298568639
0.275,0.0,84,37.967044916827895
0.275,0.0,85,39.864350810829116
0.275,0.0,86,40.423378610105146
0.275,0.0,87,42.143789812206734
0.275,0.0,88,42.46299539370069
0.275,0.0,89,43.80789850994733
0.275,0.0,90,44.92612526171012
0.275,0.0,91,45.63563390641816
0.275,0.0,92,46.87826806642641
0.275,0.0,93,47.2132746650145
0.275,0.0,94,48.25029556223798
0.275,0.0,95,49.362634971352
0.275,0.0,96,50.36241045606251
0.275,0.0,97,51.238516154444376
0.275,0.0,98,51.51360967480251
0.275,0.0,99,52.45779049172282
0.275,0.0,100,53.348246881031535
0.275,0.0,101,53.727303536058635
0.275,0.0,102,54.49079645754599
0.275,0.0,103,56.78507669530942
0.275,0.0,104,59.08628088278918
0.275,0.0,105,61.49810184063173
0.275,0.0,106,64.21130762988777
0.275,0.0,107,65.58017495042654
0.275,0.0,108,67.14081404449766
0.275,0.0,109,69.05172536752399
0.275,0.0,110,70.91509687176003
0.275,0.0,111,72.46836738907746
0.275,0.0,112,74.59241251693095
0.275,0.0,113,76.99932412993128
0.275,0.0,114,79.53252873937973
0.275,0.0,115,82.64437330187677
0.275,0.0,116,86.08204158172148
0.275,0.0,117,90.88656980977473
0.275,0.0,118,95.85383858716492
0.3,0.0,1,-93.58037991175019
0.3,0.0,2,-86.45004877512028
0.3,0.0,3,-81.54958260856677
0.3,0.0,4,-77.40078442415705
0.3,0.0,5,-74.86533341110686
0.3,0.0,6,-72.42954410277684
0.3,0.0,7,-69.00914845034342
0.3,0.0,8,-66.43552420938238
0.3,0.0,9,-64.79586532039752
0.3,0.0,10,-62.27572608663738
0.3,0.0,11,-59.995554079603124
0.3,0.0,12,-57.95113376009866
0.3,0.0,13,-55.25763564491015
0.3,0.0,14,-54.21095357303773
0.3,0.0,15,-51.96092505784111
0.3,0.0,16,-50.31325611410506
0.3,0.0,17,-48.54907242387486
0.3,0.0,18,-47.63880924513103
0.3,0.0,19,-45.48350904737205
0.3,0.0,20,-44.43715220705772
0.3,0.0,21,-43.254967810517485
0.3,0.0,22,-41.645659253470285
0.3,0.0,23,-40.70081635943697
0.3,0.0,24,-39.92367945307882
0.3,0.0,25,-38.68457579575511
0.3,0.0,26,-37.874631104134494
0.3,0.0,27,-37.40105956778581
0.3,0.0,28,-36.64518509517961
0.3,0.0,29,-36.29096523844788
0.3,0.0,30,-35.984962873019754
0.3,0.0,31,-34.19691555220588
0.3,0.0,32,-34.09983901878669
0.3,0.0,33,-31.625426469191794
0.3,0.0,34,-30.871692135438778
0.3,0.0,35,-28.86615565983439
0.3,0.0,36,-26.233813905650223
0.3,0.0,37,-25.561829251699862
0.3,0.0,38,-21.195571754137788
0.3,0.0,39,-21.06305707260411
0.3,0.0,40,-14.967427939013973
0.3,0.0,41,-7.799794596755092
0.3,0.0,42,-7.532285469519991
0.3,0.0,43,-5.926076832546116
0.3,0.0,44,-4.694906019266398
0.3,0.0,45,-4.430073410643118
0.3,0.0,46,-3.510074615302983
0.3,0.0,47,-2.949782920270593
0.3,0.0,48,-2.1410794148389414
0.3,0.0,49,-1.2940468917538084
0.3,0.0,50,-0.28479930880264703
0.3,0.0,51,0.7987785501288158
0.3,0.0,52,2.0466369038262116
0.3,0.0,53,3.3417655375674116
0.3,0.0,54,4.748728346591136
0.3,0.0,55,6.277790596513128
0.3,0.0,56,7.911843079760914
0.3,0.0,57,9.621744168155274
0.3,0.0,58,11.403377676166201
0.3,0.0,59,13.27370537720482
0.3,0.0,60,15.168721479397064
0.3,0.0,61,16.943574692680222
0.3,0.0,62,16.97585705910842
0.3,0.0,63,17.04731716042246
0.3,0.0,64,18.444055154940003
0.3,0.0,65,18.729179286863452
0.3,0.0,66,18.792331365918212
0.3,0.0,67,19.464733840352224
0.3,0.0,68,19.70266177314828
0.3,0.0,69,20.060653622544635
0.3,0.0,70,20.495476321813854
0.3,0.0,71,20.7749084144164
0.3,0.0,72,21.095502468445176
0.3,0.0,73,21.306215042061567
0.3,0.0,74,21.730619379450765
0.3,0.0,75,21.80430122060505
0.3,0.0,76,22.28763998420885
0.3,0.0,77,22.893234070549674
0.3,0.0,78,22.926132776122675
0.3,0.0,79,25.331757190942312
0.3,0.0,80,31.462620315058814
0.3,0.0,81,33.071647014766796
0.3,0.0,82,35.869458225424516
0.3,0.0,83,36.378738868906744
0.3,0.0,84,37.97592677744045
0.3,0.0,85,39.85331933671526
0.3,0.0,86,40.43337622137311
0.3,0.0,87,42.14095813356502
0.3,0.0,88,42.45634176494471
0.3,0.0,89,43.801352509344284
0.3,0.0,90,44.961677847959926
0.3,0.0,91,45.63106588139802
0.3,0.0,92,46.769459727711215
0.3,0.0,93,47.313267296617866
0.3,0.0,94,48.27973587112075
0.3,0.0,95,49.27913395541074
0.3,0.0,96,50.42189362353466
0.3,0.0,97,51.194745699852625
0.3,0.0,98,51.59444528706889
0.3,0.0,99,52.40437524165693
0.3,0.0,100,53.25201576040018
0.3,0.0,101,53.81493185150839
0.3,0.0,102,54.50743163585908
0.3,0.0,103,56.7797357038792
0.3,0.0,104,59.07751972646059
0.3,0.0,105,61.537666100179834
0.3,0.0,106,64.16378332947761
0.3,0.0,107,65.55536099319579
0.3,0.0,108,67.16062567276774
0.3,0.0,109,69.0749496609943
0.3,0.0,110,70.96432251549179
0.3,0.0,111,72.40485786593086
0.3,0.0,112,74.62048260695946
0.3,0.0,113,76.96213451924825
0.3,0.0,114,79.55521553771996
0.3,0.0,115,82.64359614175459
0.3,0.0,116,86.08085335709762
0.3,0.0,117,90.88640019284665
0.3,0.0,118,95.85359630669271
0.325,0.0,1,-93.57910964339294
0.325,0.0,2,-86.46207675035484
0.325,0.0,3,-81.5178932879596
0.325,0.0,4,-77.4308261117578
0.325,0.0,5,-74.8747546758324
0.325,0.0,6,-72.42294573559315
0.325,0.0,7,-68.93353991046382
0.325,0.0,8,-66.5376595693493
0.325,0.0,9,-64.80838782946665
0.325,0.0,10,-62.1713414317982
0.325,0.0,11,-60.05318121884994
0.325,0.0,12,-57.95400376548997
0.325,0.0,13,-55.28314824011781
0.325,0.0,14,-54.14504883666942
0.325,0.0,15,-52.02981307008028
0.325,0.0,16,-50.26679235816752
0.325,0.0,17,-48.54925518367938
0.325,0.0,18,-47.65958851454482
0.325,0.0,19,-45.43100055247609
0.325,0.0,20,-44.48661790683374
0.325,0.0,21,-43.27416383567166
0.325,0.0,22,-41.58353518866659
0.325,0.0,23,-40.74051436493829
0.325,0.0,24,-39.949032077267674
0.325,0.0,25,-38.63925363588476
0.325,0.0,26,-37.865746190037726
0.325,0.0,27,-37.397317533802436
0.325,0.0,28,-36.68371723341687
0.325,0.0,29,-36.305562755667665
0.325,0.0,30,-35.96120576775178
0.325,0.0,31,-34.19336311438212
0.325,0.0,32,-34.10833653947051
0.325,0.0,33,-31.616328506401985
0.325,0.0,34,-30.87243571921333
0.325,0.0,35,-28.87079578630683
0.325,0.0,36,-26.23326131280504
0.325,0.0,37,-25.560641260501484
0.325,0.0,38,-21.19557517123465
0.325,0.0,39,-21.063471601209926
0.325,0.0,40,-14.967355403073611
0.325,0.0,41,-7.799713692530446
0.325,0.0,42,-7.532341862584033
0.325,0.0,43,-5.9263006315474485
0.325,0.0,44,-4.690591097491634
0.325,0.0,45,-4.438321312035114
0.325,0.0,46,-3.488127171413524
0.325,0.0,47,-2.982231670611611
0.325,0.0,48,-2.1157105246420826
0.325,0.0,49,-1.3102300210435374
0.325,0.0,50,-0.2745981419158028
0.325,0.0,51,0.7898157741588818
0.325,0.0,52,2.054439190207816
0.325,0.0,53,3.335545798256504
0.325,0.0,54,4.753006180723361
0.325,0.0,55,6.275358331701241
0.325,0.0,56,7.912863980967131
0.325,0.0,57,9.621471851245957
0.325,0.0,58,11.403401164588303
0.325,0.0,59,13.273734694670267
0.325,0.0,60,15.168699445013857
0.325,0.0,61,16.94400940405565
0.325,0.0,62,16.9771427039124
0.325,0.0,63,17.045288846390104
0.325,0.0,64,18.44714209104569
0.325,0.0,65,18.72934670923968
0.325,0.0,66,18.788314264779416
0.325,0.0,67,19.4617887470539
0.325,0.0,68,19.709657083591594
0.325,0.0,69,20.061453988016993
0.325,0.0,70,20.475301367136865
0.325,0.0,71,20.81641585520596
0.325,0.0,72,21.0531188525474
0.325,0.0,73,21.323027983648487
0.325,0.0,74,21.75583783867832
0.325,0.0,75,21.77878180004622
0.325,0.0,76,22.288261176859322
0.325,0.0,77,22.895076430599886
0.325,0.0,78,22.92442086512192
0.325,0.0,79,25.33183585154495
0.325,0.0,80,31.462131598995825
0.325,0.0,81,33.07111087099423
0.325,0.0,82,35.87435339280463
0.325,0.0,83,36.37915298568627
0.325,0.0,84,37.96704491682813
0.325,0.0,85,39.8643508108291
0.325,0.0,86,40.42337861010535
0.325,0.0,87,42.14378981220712
0.325,0.0,88,42.46299539370047
0.325,0.0,89,43.807898509947265
0.325,0.0,90,44.926125261709494
0.325,0.0,91,45.63563390641741
0.325,0.0,92,46.87826806642553
0.325,0.0,93,47.21327466501443
0.325,0.0,94,48.25029556223811
0.325,0.0,95,49.36263497135259
0.325,0.0,96,50.36241045606271
0.325,0.0,97,51.23851615444486
0.325,0.0,98,51.513609674802986
0.325,0.0,99,52.457790491722164
0.325,0.0,100,53.3482468810315
0.325,0.0,101,53.72730353605954
0.325,0.0,102,54.4907964575457
0.325,0.0,103,56.785076695309336
0.325,0.0,104,59.086280882789076
0.325,0.0,105,61.49810184063243
0.325,0.0,106,64.21130762988705
0.325,0.0,107,65.58017495042668
0.325,0.0,108,67.14081404449793
0.325,0.0,109,69.05172536752332
0.325,0.0,110,70.9150968717578
0.325,0.0,111,72.46836738907757
0.325,0.0,112,74.59241251693112
0.325,0.0,113,76.99932412993098
0.325,0.0,114,79.53252873938004
0.325,0.0,115,82.64437330187558
0.325,0.0,116,86.08204158172073
0.325,0.0,117,90.88656980977484
0.325,0.0,118,95.85383858716492
0.35,0.0,1,-93.58037991174965
0.35,0.0,2,-86.45004877512
0.35,0.0,3,-81.54958260856671
0.35,0.0,4,-77.40078442415717
0.35,0.0,5,-74.86533341110686
0.35,0.0,6,-72.42954410277693
0.35,0.0,7,-69.00914845034339
0.35,0.0,8,-66.43552420938227
0.35,0.0,9,-64.79586532039761
0.35,0.0,10,-62.27572608663763
0.35,0.0,11,-59.99555407960386
0.35,0.0,12,-57.95113376009846
0.35,0.0,13,-55.25763564491092
0.35,0.0,14,-54.210953573038836
0.35,0.0,15,-51.96092505784148
0.35,0.0,16,-50.31325611410492
0.35,0.0,17,-48.54907242387574
0.35,0.0,18,-47.63880924513086
0.35,0.0,19,-45.48350904737248
0.35,0.0,20,-44.43715220705795
0.35,0.0,21,-43.254967810517314
0.35,0.0,22,-41.645659253470654
0.35,0.0,23,-40.70081635943697
0.35,0.0,24,-39.92367945307859
0.35,0.0,25,-38.68457579575551
0.35,0.0,26,-37.874631104134636
0.35,0.0,27,-37.40105956778581
0.35,0.0,28,-36.6451850951795
0.35,0.0,29,-36.29096523844757
0.35,0.0,30,-35.98496287301958
0.35,0.0,31,-34.19691555220588
0.35,0.0,32,-34.09983901878683
0.35,0.0,33,-31.625426469191908
0.35,0.0,34,-30.87169213543916
0.35,0.0,35,-28.86615565983405
0.35,0.0,36,-26.233813905650123
0.35,0.0,37,-25.561829251699663
0.35,0.0,38,-21.195571754137546
0.35,0.0,39,-21.06305707260431
0.35,0.0,40,-14.967427939013888
0.35,0.0,41,-7.799794596755149
0.35,0.0,42,-7.532285469519991
0.35,0.0,43,-5.926076832546116
0.35,0.0,44,-4.694906019266398
0.35,0.0,45,-4.430073410643118
0.35,0.0,46,-3.5100746153029547
0.35,0.0,47,-2.9497829202706214
0.35,0.0,48,-2.1410794148389414
0.35,0.0,49,-1.2940468917538226
0.35,0.0,50,-0.2847993088026328
0.35,0.0,51,0.79877855012883
0.35,0.0,52,2.0466369038262116
0.35,0.0,53,3.341765537567383
0.35,0.0,54,4.74872834659115
0.35,0.0,55,6.277790596513086
0.35,0.0,56,7.911843079760999
0.35,0.0,57,9.621744168155274
0.35,0.0,58,11.403377676166215
0.35,0.0,59,13.273705377204806
0.35,0.0,60,15.168721479397192
0.35,0.0,61,16.943574692680194
0.35,0.0,62,16.97585705910843
0.35,0.0,63,17.047317160422498
0.35,0.0,64,18.444055154940045
0.35,0.0,65,18.72917928686344
0.35,0.0,66,18.79233136591803
0.35,0.0,67,19.464733840352153
0.35,0.0,68,19.70266177314845
0.35,0.0,69,20.060653622544493
0.35,0.0,70,20.49547632181381
0.35,0.0,71,20.77490841441646
0.35,0.0,72,21.09550246844516
0.35,0.0,73,21.30621504206161
0.35,0.0,74,21.730619379450886
0.35,0.0,75,21.804301220605257
0.35,0.0,76,22.287639984208823
0.35,0.0,77,22.89323407054968
0.35,0.0,78,22.926132776122696
0.35,0.0,79,25.33175719094234
0.35,0.0,80,31.462620315058686
0.35,0.0,81,33.07164701476656
0.35,0.0,82,35.86945822542456
0.35,0.0,83,36.378738868906275
0.35,0.0,84,37.97592677744066
0.35,0.0,85,39.85331933671548
0.35,0.0,86,40.43337622137261
0.35,0.0,87,42.14095813356468
0.35,0.0,88,42.456341764944405
0.35,0.0,89,43.80135250934409
0.35,0.0,90,44.96167784796024
0.35,0.0,91,45.631065881398264
0.35,0.0,92,46.769459727711165
0.35,0.0,93,47.313267296617425
0.35,0.0,94,48.27973587112063
0.35,0.0,95,49.279133955410316
0.35,0.0,96,50.42189362353418
0.35,0.0,97,51.1947456998524
0.35,0.0,98,51.59444528706866
0.35,0.0,99,52.40437524165763
0.35,0.0,100,53.25201576040041
0.35,0.0,101,53.81493185150694
0.35,0.0,102,54.50743163585959
0.35,0.0,103,56.77973570387865
0.35,0.0,104,59.077519726460054
0.35,0.0,105,61.537666100179614
0.35,0.0,106,64.16378332947716
0.35,0.0,107,65.55536099319575
0.35,0.0,108,67.16062567276813
0.35,0.0,109,69.07494966099415
0.35,0.0,110,70.96432251549132
0.35,0.0,111,72.40485786593099
0.35,0.0,112,74.62048260696015
0.35,0.0,113,76.96213451924744
0.35,0.0,114,79.55521553772061
0.35,0.0,115,82.64359614175446
0.35,0.0,116,86.08085335709782
0.35,0.0,117,90.88640019284709
0.35,0.0,118,95.8535963066928
0.375,0.0,1,-93.57910964339305
0.375,0.0,2,-86.46207675035438
0.375,0.0,3,-81.51789328795996
0.375,0.0,4,-77.43082611175782
0.375,0.0,5,-74.8747546758321
0.375,0.0,6,-72.4229457355932
0.375,0.0,7,-68.93353991046331
0.375,0.0,8,-66.53765956934899
0.375,0.0,9,-64.80838782946668
0.375,0.0,10,-62.1713414317982
0.375,0.0,11,-60.05318121884994
0.375,0.0,12,-57.9540037654902
0.375,0.0,13,-55.28314824011741
0.375,0.0,14,-54.145048836669446
0.375,0.0,15,-52.02981307008042
0.375,0.0,16,-50.26679235816732
0.375,0.0,17,-48.54925518367935
0.375,0.0,18,-47.65958851454491
0.375,0.0,19,-45.43100055247618
0.375,0.0,20,-44.486617906834454
0.375,0.0,21,-43.274163835671544
0.375,0.0,22,-41.583535188667184
0.375,0.0,23,-40.74051436493838
0.375,0.0,24,-39.94903207726756
0.375,0.0,25,-38.639253635884444
0.375,0.0,26,-37.86574619003741
0.375,0.0,27,-37.39731753380278
0.375,0.0,28,-36.68371723341647
0.375,0.0,29,-36.30556275566764
0.375,0.0,30,-35.961205767751665
0.375,0.0,31,-34.19336311438238
0.375,0.0,32,-34.108336539470436
0.375,0.0,33,-31.616328506401885
0.375,0.0,34,-30.872435719213314
0.375,0.0,35,-28.870795786306758
0.375,0.0,36,-26.233261312805084
0.375,0.0,37,-25.560641260501498
0.375,0.0,38,-21.19557517123434
0.375,0.0,39,-21.06347160120994
0.375,0.0,40,-14.967355403073356
0.375,0.0,41,-7.799713692530474
0.375,0.0,42,-7.532341862584076
0.375,0.0,43,-5.926300631547406
0.375,0.0,44,-4.690591097491563
0.375,0.0,45,-4.438321312035129
0.375,0.0,46,-3.4881271714136375
0.375,0.0,47,-2.982231670611668
0.375,0.0,48,-2.115710524642111
0.375,0.0,49,-1.3102300210435516
0.375,0.0,50,-0.2745981419158028
0.375,0.0,51,0.789815774158825
0.375,0.0,52,2.054439190207816
0.375,0.0,53,3.33554579825649
0.375,0.0,54,4.753006180723375
0.375,0.0,55,6.2753583317011845
0.375,0.0,56,7.912863980967103
0.375,0.0,57,9.621471851245985
0.375,0.0,58,11.40340116458826
0.375,0.0,59,13.273734694670324
0.375,0.0,60,15.168699445013928
0.375,0.0,61,16.9440094040555
0.375,0.0,62,16.977142703912335
0.375,0.0,63,17.045288846390118
0.375,0.0,64,18.44714209104565
0.375,0.0,65,18.729346709239792
0.375,0.0,66,18.78831426477935
0.375,0.0,67,19.461788747054
0.375,0.0,68,19.709657083591495
0.375,0.0,69,20.061453988017192
0.375,0.0,70,20.475301367136836
0.375,0.0,71,20.816415855205975
0.375,0.0,72,21.053118852547726
0.375,0.0,73,21.3230279836489
0.375,0.0,74,21.755837838678183
0.375,0.0,75,21.778781800046136
0.375,0.0,76,22.288261176859308
0.375,0.0,77,22.895076430599772
0.375,0.0,78,22.924420865121903
0.375,0.0,79,25.33183585154491
0.375,0.0,80,31.462131598995853
0.375,0.0,81,33.07111087099385
0.375,0.0,82,35.87435339280449
0.375,0.0,83,36.379152985686176
0.375,0.0,84,37.96704491682796
0.375,0.0,85,39.86435081082939
0.375,0.0,86,40.42337861010541
0.375,0.0,87,42.14378981220691
0.375,0.0,88,42.46299539370044
0.375,0.0,89,43.80789850994722
0.375,0.0,90,44.92612526171001
0.375,0.0,91,45.63563390641803
0.375,0.0,92,46.878268066425676
0.375,0.0,93,47.2132746650141
0.375,0.0,94,48.250295562238406
0.375,0.0,95,49.3626349713523
0.375,0.0,96,50.36241045606246
0.375,0.0,97,51.23851615444441
0.375,0.0,98,51.513609674803305
0.375,0.0,99,52.457790491722584
0.375,0.0,100,53.34824688103141
0.375,0.0,101,53.727303536058926
0.375,0.0,102,54.49079645754643
0.375,0.0,103,56.78507669530838
0.375,0.0,104,59.08628088278922
0.375,0.0,105,61.49810184063184
0.375,0.0,106,64.21130762988824
0.375,0.0,107,65.58017495042655
0.375,0.0,108,67.14081404449772
0.375,0.0,109,69.05172536752391
0.375,0.0,110,70.91509687175835
0.375,0.0,111,72.4683673890776
0.375,0.0,112,74.59241251693015
0.375,0.0,113,76.99932412993061
0.375,0.0,114,79.5325287393803
0.375,0.0,115,82.64437330187657
0.375,0.0,116,86.08204158172151
0.375,0.0,117,90.88656980977443
0.375,0.0,118,95.853838587165
0.4,0.0,1,-93.58037991175033
0.4,0.0,2,-86.45004877512014
0.4,0.0,3,-81.54958260856688
0.4,0.0,4,-77.4007844241568
0.4,0.0,5,-74.86533341110658
0.4,0.0,6,-72.42954410277744
0.4,0.0,7,-69.00914845034342
0.4,0.0,8,-66.43552420938249
0.4,0.0,9,-64.79586532039806
0.4,0.0,10,-62.27572608663752
0.4,0.0,11,-59.9955540796029
0.4,0.0,12,-57.95113376010036
0.4,0.0,13,-55.25763564491072
0.4,0.0,14,-54.21095357303844
0.4,0.0,15,-51.960925057841166
0.4,0.0,16,-50.31325611410432
0.4,0.0,17,-48.549072423875714
0.4,0.0,18,-47.638809245130716
0.4,0.0,19,-45.48350904737262
0.4,0.0,20,-44.43715220705681
0.4,0.0,21,-43.25496781051777
0.4,0.0,22,-41.64565925347034
0.4,0.0,23,-40.700816359436715
0.4,0.0,24,-39.92367945307922
0.4,0.0,25,-38.68457579575471
0.4,0.0,26,-37.87463110413344
0.4,0.0,27,-37.401059567786746
0.4,0.0,28,-36.64518509517936
0.4,0.0,29,-36.29096523844791
0.4,0.0,30,-35.984962873019754
0.4,0.0,31,-34.1969155522062
0.4,0.0,32,-34.0998390187865
0.4,0.0,33,-31.62542646919171
0.4,0.0,34,-30.871692135438508
0.4,0.0,35,-28.866155659834078
0.4,0.0,36,-26.233813905650578
0.4,0.0,37,-25.561829251699706
0.4,0.0,38,-21.195571754137774
0.4,0.0,39,-21.063057072604067
0.4,0.0,40,-14.967427939014186
0.4,0.0,41,-7.79979459675495
0.4,0.0,42,-7.532285469519934
0.4,0.0,43,-5.926076832546073
0.4,0.0,44,-4.694906019266327
0.4,0.0,45,-4.430073410643104
0.4,0.0,46,-3.5100746153029547
0.4,0.0,47,-2.9497829202705645
0.4,0.0,48,-2.141079414838913
0.4,0.0,49,-1.2940468917537515
0.4,0.0,50,-0.28479930880266124
0.4,0.0,51,0.7987785501288442
0.4,0.0,52,2.0466369038262684
0.4,0.0,53,3.341765537567426
0.4,0.0,54,4.7487283465911645
0.4,0.0,55,6.277790596513128
0.4,0.0,56,7.9118430797610415
0.4,0.0,57,9.621744168155303
0.4,0.0,58,11.403377676166386
0.4,0.0,59,13.273705377204948
0.4,0.0,60,15.168721479397178
0.4,0.0,61,16.9435746926802
0.4,0.0,62,16.975857059108318
0.4,0.0,63,17.04731716042238
0.4,0.0,64,18.444055154940045
0.4,0.0,65,18.729179286863296
0.4,0.0,66,18.792331365918116
0.4,0.0,67,19.464733840352153
0.4,0.0,68,19.702661773148478
0.4,0.0,69,20.060653622544663
0.4,0.0,70,20.49547632181394
0.4,0.0,71,20.77490841441653
0.4,0.0,72,21.095502468445503
0.4,0.0,73,21.306215042061197
0.4,0.0,74,21.73061937945084
0.4,0.0,75,21.804301220605332
0.4,0.0,76,22.287639984208923
0.4,0.0,77,22.89323407055004
0.4,0.0,78,22.926132776122518
0.4,0.0,79,25.331757190942497
0.4,0.0,80,31.462620315058714
0.4,0.0,81,33.07164701476639
0.4,0.0,82,35.86945822542471
0.4,0.0,83,36.37873886890672
0.4,0.0,84,37.97592677744048
0.4,0.0,85,39.85331933671609
0.4,0.0,86,40.433376221372946
0.4,0.0,87,42.14095813356499
0.4,0.0,88,42.45634176494481
0.4,0.0,89,43.80135250934416
0.4,0.0,90,44.961677847959876
0.4,0.0,91,45.63106588139795
0.4,0.0,92,46.76945972771181
0.4,0.0,93,47.313267296618086
0.4,0.0,94,48.279735871120366
0.4,0.0,95,49.2791339554113
0.4,0.0,96,50.421893623533826
0.4,0.0,97,51.19474569985284
0.4,0.0,98,51.59444528706864
0.4,0.0,99,52.40437524165618
0.4,0.0,100,53.25201576039998
0.4,0.0,101,53.8149318515093
0.4,0.0,102,54.50743163585815
0.4,0.0,103,56.779735703878714
0.4,0.0,104,59.07751972646003
0.4,0.0,105,61.53766610017774
0.4,0.0,106,64.16378332947883
0.4,0.0,107,65.55536099319595
0.4,0.0,108,67.16062567276754
0.4,0.0,109,69.07494966099301
0.4,0.0,110,70.96432251549228
0.4,0.0,111,72.40485786593021
0.4,0.0,112,74.6204826069591
0.4,0.0,113,76.96213451924707
0.4,0.0,114,79.55521553771908
0.4,0.0,115,82.6435961417547
0.4,0.0,116,86.08085335709853
0.4,0.0,117,90.88640019284713
0.4,0.0,118,95.85359630669272
0.425,0.0,1,-93.57910964339266
0.425,0.0,2,-86.46207675035413
0.425,0.0,3,-81.51789328796016
0.425,0.0,4,-77.43082611175765
0.425,0.0,5,-74.87475467583187
0.425,0.0,6,-72.42294573559272
0.425,0.0,7,-68.93353991046354
0.425,0.0,8,-66.53765956934888
0.425,0.0,9,-64.80838782946648
0.425,0.0,10,-62.17134143179791
0.425,0.0,11,-60.05318121884926
0.425,0.0,12,-57.954003765489745
0.425,0.0,13,-55.283148240117896
0.425,0.0,14,-54.14504883666888
0.425,0.0,15,-52.02981307008022
0.425,0.0,16,-50.26679235816721
0.425,0.0,17,-48.549255183678895
0.425,0.0,18,-47.65958851454528
0.425,0.0,19,-45.43100055247541
0.425,0.0,20,-44.48661790683377
0.425,0.0,21,-43.27416383567203
0.425,0.0,22,-41.583535188666616
0.425,0.0,23,-40.74051436493855
0.425,0.0,24,-39.949032077267475
0.425,0.0,25,-38.63925363588453
0.425,0.0,26,-37.86574619003741
0.425,0.0,27,-37.397317533802465
0.425,0.0,28,-36.68371723341656
0.425,0.0,29,-36.30556275566755
0.425,0.0,30,-35.96120576775152
0.425,0.0,31,-34.19336311438204
0.425,0.0,32,-34.10833653947058
0.425,0.0,33,-31.616328506401842
0.425,0.0,34,-30.872435719213513
0.425,0.0,35,-28.870795786306658
0.425,0.0,36,-26.233261312805197
0.425,0.0,37,-25.5606412605013
0.425,0.0,38,-21.195575171234708
0.425,0.0,39,-21.063471601209983
0.425,0.0,40,-14.967355403073896
0.425,0.0,41,-7.79971369253046
0.425,0.0,42,-7.532341862584019
0.425,0.0,43,-5.926300631547434
0.425,0.0,44,-4.69059109749162
0.425,0.0,45,-4.438321312035143
0.425,0.0,46,-3.488127171413595
0.425,0.0,47,-2.982231670611654
0.425,0.0,48,-2.115710524642111
0.425,0.0,49,-1.3102300210435658
0.425,0.0,50,-0.2745981419158312
0.425,0.0,51,0.789815774158825
0.425,0.0,52,2.054439190207802
0.425,0.0,53,3.335545798256504
0.425,0.0,54,4.753006180723375
0.425,0.0,55,6.275358331701227
0.425,0.0,56,7.912863980967131
0.425,0.0,57,9.621471851245943
0.425,0.0,58,11.403401164588303
0.425,0.0,59,13.273734694670281
0.425,0.0,60,15.168699445013928
0.425,0.0,61,16.94400940405562
0.425,0.0,62,16.97714270391232
0.425,0.0,63,17.045288846390157
0.425,0.0,64,18.447142091045635
0.425,0.0,65,18.729346709239707
0.425,0.0,66,18.7883142647795
0.425,0.0,67,19.461788747053944
0.425,0.0,68,19.709657083591537
0.425,0.0,69,20.06145398801695
0.425,0.0,70,20.475301367136794
0.425,0.0,71,20.81641585520589
0.425,0.0,72,21.05311885254754
0.425,0.0,73,21.3230279836488
0.425,0.0,74,21.755837838678318
0.425,0.0,75,21.778781800046115
0.425,0.0,76,22.288261176859464
0.425,0.0,77,22.895076430599804
0.425,0.0,78,22.92442086512204
0.425,0.0,79,25.331835851545392
0.425,0.0,80,31.46213159899591
0.425,0.0,81,33.07111087099437
0.425,0.0,82,35.87435339280456
0.425,0.0,83,36.37915298568667
0.425,0.0,84,37.9670449168281
0.425,0.0,85,39.86435081082902
0.425,0.0,86,40.4233786101053
0.425,0.0,87,42.14378981220666
0.425,0.0,88,42.46299539370049
0.425,0.0,89,43.807898509947265
0.425,0.0,90,44.92612526170999
0.425,0.0,91,45.635633906418136
0.425,0.0,92,46.87826806642586
0.425,0.0,93,47.21327466501405
0.425,0.0,94,48.25029556223833
0.425,0.0,95,49.36263497135195
0.425,0.0,96,50.362410456062634
0.425,0.0,97,51.23851615444444
0.425,0.0,98,51.51360967480271
0.425,0.0,99,52.45779049172269
0.425,0.0,100,53.34824688103113
0.425,0.0,101,53.727303536058955
0.425,0.0,102,54.490796457546324
0.425,0.0,103,56.785076695308184
0.425,0.0,104,59.086280882789424
0.425,0.0,105,61.4981018406321
0.425,0.0,106,64.21130762988732
0.425,0.0,107,65.58017495042651
0.425,0.0,108,67.14081404449826
0.425,0.0,109,69.05172536752318
0.425,0.0,110,70.91509687175804
0.425,0.0,111,72.46836738907675
0.425,0.0,112,74.59241251693157
0.425,0.0,113,76.99932412993083
0.425,0.0,114,79.53252873938038
0.425,0.0,115,82.64437330187566
0.425,0.0,116,86.08204158172147
0.425,0.0,117,90.88656980977453
0.425,0.0,118,95.85383858716493
0.45,0.0,1,-93.58037991175001
0.45,0.0,2,-86.45004877511943
0.45,0.0,3,-81.54958260856654
0.45,0.0,4,-77.40078442415685
0.45,0.0,5,-74.86533341110646
0.45,0.0,6,-72.42954410277721
0.45,0.0,7,-69.00914845034305
0.45,0.0,8,-66.4355242093826
0.45,0.0,9,-64.79586532039863
0.45,0.0,10,-62.27572608663738
0.45,0.0,11,-59.995554079602755
0.45,0.0,12,-57.951133760099594
0.45,0.0,13,-55.257635644910465
0.45,0.0,14,-54.21095357303875
0.45,0.0,15,-51.96092505784097
0.45,0.0,16,-50.31325611410435
0.45,0.0,17,-48.54907242387495
0.45,0.0,18,-47.63880924513103
0.45,0.0,19,-45.48350904737208
0.45,0.0,20,-44.43715220705718
0.45,0.0,21,-43.254967810517
0.45,0.0,22,-41.64565925346983
0.45,0.0,23,-40.7008163594374
0.45,0.0,24,-39.923679453079586
0.45,0.0,25,-38.68457579575497
0.45,0.0,26,-37.87463110413398
0.45,0.0,27,-37.40105956778697
0.45,0.0,28,-36.64518509517936
0.45,0.0,29,-36.29096523844791
0.45,0.0,30,-35.984962873019555
0.45,0.0,31,-34.196915552205965
0.45,0.0,32,-34.0998390187861
0.45,0.0,33,-31.625426469191893
0.45,0.0,34,-30.871692135438636
0.45,0.0,35,-28.86615565983402
0.45,0.0,36,-26.233813905650265
0.45,0.0,37,-25.56182925169965
0.45,0.0,38,-21.19557175413773
0.45,0.0,39,-21.063057072604025
0.45,0.0,40,-14.967427939013902
0.45,0.0,41,-7.799794596754964
0.45,0.0,42,-7.532285469519977
0.45,0.0,43,-5.926076832546144
0.45,0.0,44,-4.694906019266412
0.45,0.0,45,-4.4300734106431605
0.45,0.0,46,-3.510074615302983
0.45,0.0,47,-2.9497829202705788
0.45,0.0,48,-2.141079414838927
0.45,0.0,49,-1.29404689175378
0.45,0.0,50,-0.28479930880264703
0.45,0.0,51,0.7987785501288158
0.45,0.0,52,2.046636903826183
0.45,0.0,53,3.34176553756744
0.45,0.0,54,4.748728346591122
0.45,0.0,55,6.2777905965131
0.45,0.0,56,7.9118430797610415
0.45,0.0,57,9.621744168155317
0.45,0.0,58,11.403377676166429
0.45,0.0,59,13.273705377204834
0.45,0.0,60,15.168721479397064
0.45,0.0,61,16.94357469268034
0.45,0.0,62,16.97585705910831
0.45,0.0,63,17.04731716042242
0.45,0.0,64,18.44405515493993
0.45,0.0,65,18.72917928686347
0.45,0.0,66,18.792331365918226
0.45,0.0,67,19.464733840352267
0.45,0.0,68,19.70266177314835
0.45,0.0,69,20.060653622544407
0.45,0.0,70,20.495476321814053
0.45,0.0,71,20.774908414416515
0.45,0.0,72,21.09550246844539
0.45,0.0,73,21.306215042061112
0.45,0.0,74,21.730619379450612
0.45,0.0,75,21.804301220605655
0.45,0.0,76,22.287639984208965
0.45,0.0,77,22.89323407054992
0.45,0.0,78,22.926132776122444
0.45,0.0,79,25.331757190942525
0.45,0.0,80,31.462620315058984
0.45,0.0,81,33.07164701476628
0.45,0.0,82,35.86945822542464
0.45,0.0,83,36.378738868906645
0.45,0.0,84,37.975926777440776
0.45,0.0,85,39.853319336715956
0.45,0.0,86,40.43337622137292
0.45,0.0,87,42.14095813356543
0.45,0.0,88,42.45634176494478
0.45,0.0,89,43.801352509344774
0.45,0.0,90,44.96167784796018
0.45,0.0,91,45.63106588139859
0.45,0.0,92,46.76945972771164
0.45,0.0,93,47.313267296617916
0.45,0.0,94,48.27973587112063
0.45,0.0,95,49.27913395541109
0.45,0.0,96,50.42189362353371
0.45,0.0,97,51.19474569985283
0.45,0.0,98,51.594445287068346
0.45,0.0,99,52.404375241655934
0.45,0.0,100,53.252015760400326
0.45,0.0,101,53.81493185151014
0.45,0.0,102,54.507431635859135
0.45,0.0,103,56.779735703878416
0.45,0.0,104,59.07751972645997
0.45,0.0,105,61.537666100177006
0.45,0.0,106,64.16378332947842
0.45,0.0,107,65.55536099319649
0.45,0.0,108,67.16062567276705
0.45,0.0,109,69.07494966099266
0.45,0.0,110,70.96432251549194
0.45,0.0,111,72.40485786593092
0.45,0.0,112,74.62048260695931
0.45,0.0,113,76.96213451924761
0.45,0.0,114,79.5552155377195
0.45,0.0,115,82.64359614175433
0.45,0.0,116,86.08085335709784
0.45,0.0,117,90.88640019284718
0.45,0.0,118,95.8535963066929
0.475,0.0,1,-93.5791096433928
0.475,0.0,2,-86.46207675035473
0.475,0.0,3,-81.51789328795977
0.475,0.0,4,-77.43082611175768
0.475,0.0,5,-74.8747546758324
0.475,0.0,6,-72.422945735593
0.475,0.0,7,-68.93353991046328
0.475,0.0,8,-66.53765956934885
0.475,0.0,9,-64.80838782946631
0.475,0.0,10,-62.17134143179743
0.475,0.0,11,-60.05318121885034
0.475,0.0,12,-57.9540037654898
0.475,0.0,13,-55.283148240117896
0.475,0.0,14,-54.145048836669275
0.475,0.0,15,-52.029813070080166
0.475,0.0,16,-50.26679235816718
0.475,0.0,17,-48.54925518367912
0.475,0.0,18,-47.65958851454562
0.475,0.0,19,-45.431000552476235
0.475,0.0,20,-44.486617906834425
0.475,0.0,21,-43.27416383567123
0.475,0.0,22,-41.58353518866696
0.475,0.0,23,-40.74051436493863
0.475,0.0,24,-39.94903207726787
0.475,0.0,25,-38.63925363588467
0.475,0.0,26,-37.865746190037754
0.475,0.0,27,-37.39731753380252
0.475,0.0,28,-36.683717233416104
0.475,0.0,29,-36.30556275566755
0.475,0.0,30,-35.96120576775172
0.475,0.0,31,-34.193363114382414
0.475,0.0,32,-34.108336539470486
0.475,0.0,33,-31.616328506402027
0.475,0.0,34,-30.872435719213158
0.475,0.0,35,-28.870795786306772
0.475,0.0,36,-26.233261312804885
0.475,0.0,37,-25.5606412605014
0.475,0.0,38,-21.19557517123428
0.475,0.0,39,-21.063471601209855
0.475,0.0,40,-14.967355403073142
0.475,0.0,41,-7.799713692530418
0.475,0.0,42,-7.532341862583962
0.475,0.0,43,-5.9263006315474485
0.475,0.0,44,-4.690591097491634
0.475,0.0,45,-4.438321312035129
0.475,0.0,46,-3.4881271714135806
0.475,0.0,47,-2.9822316706116823
0.475,0.0,48,-2.115710524642097
0.475,0.0,49,-1.3102300210435658
0.475,0.0,50,-0.274598141915817
0.475,0.0,51,0.7898157741588534
0.475,0.0,52,2.054439190207802
0.475,0.0,53,3.335545798256504
0.475,0.0,54,4.753006180723361
0.475,0.0,55,6.275358331701241
0.475,0.0,56,7.912863980967089
0.475,0.0,57,9.621471851245957
0.475,0.0,58,11.403401164588189
0.475,0.0,59,13.273734694670267
0.475,0.0,60,15.16869944501397
0.475,0.0,61,16.944009404055627
0.475,0.0,62,16.97714270391243
0.475,0.0,63,17.045288846390093
0.475,0.0,64,18.447142091045677
0.475,0.0,65,18.729346709239735
0.475,0.0,66,18.78831426477936
0.475,0.0,67,19.461788747053873
0.475,0.0,68,19.709657083591523
0.475,0.0,69,20.061453988017064
0.475,0.0,70,20.47530136713688
0.475,0.0,71,20.816415855206174
0.475,0.0,72,21.053118852547442
0.475,0.0,73,21.323027983648515
0.475,0.0,74,21.755837838678286
0.475,0.0,75,21.778781800046044
0.475,0.0,76,22.288261176859308
0.475,0.0,77,22.895076430599925
0.475,0.0,78,22.92442086512199
0.475,0.0,79,25.331835851545492
0.475,0.0,80,31.462131598995896
0.475,0.0,81,33.07111087099461
0.475,0.0,82,35.87435339280451
0.475,0.0,83,36.37915298568653
0.475,0.0,84,37.96704491682805
0.475,0.0,85,39.86435081082927
0.475,0.0,86,40.42337861010511
0.475,0.0,87,42.14378981220687
0.475,0.0,88,42.46299539370065
0.475,0.0,89,43.80789850994737
0.475,0.0,90,44.92612526170979
0.475,0.0,91,45.635633906417446
0.475,0.0,92,46.87826806642627
0.475,0.0,93,47.21327466501463
0.475,0.0,94,48.25029556223769
0.475,0.0,95,49.36263497135257
0.475,0.0,96,50.36241045606245
0.475,0.0,97,51.23851615444457
0.475,0.0,98,51.5136096748024
0.475,0.0,99,52.457790491722534
0.475,0.0,100,53.348246881031585
0.475,0.0,101,53.727303536059175
0.475,0.0,102,54.49079645754596
0.475,0.0,103,56.785076695308845
0.475,0.0,104,59.08628088278931
0.475,0.0,105,61.498101840632025
0.475,0.0,106,64.21130762988795
0.475,0.0,107,65.58017495042637
0.475,0.0,108,67.14081404449772
0.475,0.0,109,69.0517253675238
0.475,0.0,110,70.91509687175966
0.475,0.0,111,72.46836738907764
0.475,0.0,112,74.59241251693058
0.475,0.0,113,76.99932412993128
0.475,0.0,114,79.53252873938024
0.475,0.0,115,82.6443733018765
0.475,0.0,116,86.08204158172121
0.475,0.0,117,90.8865698097745
0.475,0.0,118,95.85383858716484
0.5,0.0,1,-93.58037991175027
0.5,0.0,2,-86.45004877511965
0.5,0.0,3,-81.54958260856714
0.5,0.0,4,-77.40078442415694
0.5,0.0,5,-74.86533341110655
0.5,0.0,6,-72.42954410277719
0.5,0.0,7,-69.0091484503439
0.5,0.0,8,-66.4355242093826
0.5,0.0,9,-64.79586532039815
0.5,0.0,10,-62.27572608663735
0.5,0.0,11,-59.99555407960355
0.5,0.0,12,-57.951133760099054
0.5,0.0,13,-55.25763564491103
0.5,0.0,14,-54.210953573039575
0.5,0.0,15,-51.96092505784165
0.5,0.0,16,-50.31325611410506
0.5,0.0,17,-48.54907242387594
0.5,0.0,18,-47.638809245130744
0.5,0.0,19,-45.483509047372536
0.5,0.0,20,-44.43715220705718
0.5,0.0,21,-43.254967810517456
0.5,0.0,22,-41.645659253470285
0.5,0.0,23,-40.700816359437425
0.5,0.0,24,-39.92367945307882
0.5,0.0,25,-38.684575795755535
0.5,0.0,26,-37.87463110413404
0.5,0.0,27,-37.40105956778652
0.5,0.0,28,-36.64518509517936
0.5,0.0,29,-36.29096523844754
0.5,0.0,30,-35.98496287301964
0.5,0.0,31,-34.19691555220575
0.5,0.0,32,-34.09983901878662
0.5,0.0,33,-31.625426469191737
0.5,0.0,34,-30.871692135438522
0.5,0.0,35,-28.86615565983392
0.5,0.0,36,-26.23381390564998
0.5,0.0,37,-25.561829251699663
0.5,0.0,38,-21.195571754137617
0.5,0.0,39,-21.06305707260411
0.5,0.0,40,-14.96742793901376
0.5,0.0,41,-7.799794596755106
0.5,0.0,42,-7.53228546951992
0.5,0.0,43,-5.926076832546073
0.5,0.0,44,-4.694906019266384
0.5,0.0,45,-4.430073410643146
0.5,0.0,46,-3.510074615302912
0.5,0.0,47,-2.949782920270593
0.5,0.0,48,-2.1410794148389556
0.5,0.0,49,-1.29404689175378
0.5,0.0,50,-0.2847993088026186
0.5,0.0,51,0.7987785501288158
0.5,0.0,52,2.0466369038262258
0.5,0.0,53,3.341765537567383
0.5,0.0,54,4.748728346591136
0.5,0.0,55,6.277790596513086
0.5,0.0,56,7.911843079761056
0.5,0.0,57,9.621744168155288
0.5,0.0,58,11.403377676166329
0.5,0.0,59,13.273705377204848
0.5,0.0,60,15.168721479397178
0.5,0.0,61,16.94357469268025
0.5,0.0,62,16.975857059108492
0.5,0.0,63,17.047317160422427
0.5,0.0,64,18.44405515494006
0.5,0.0,65,18.729179286863257
0.5,0.0,66,18.79233136591806
0.5,0.0,67,19.464733840352096
0.5,0.0,68,19.702661773148634
0.5,0.0,69,20.060653622544535
0.5,0.0,70,20.495476321813783
0.5,0.0,71,20.774908414416714
0.5,0.0,72,21.095502468445105
0.5,0.0,73,21.30621504206148
0.5,0.0,74,21.73061937945093
0.5,0.0,75,21.804301220605517
0.5,0.0,76,22.28763998420895
0.5,0.0,77,22.893234070549834
0.5,0.0,78,22.92613277612262
0.5,0.0,79,25.331757190942326
0.5,0.0,80,31.46262031505823
0.5,0.0,81,33.071647014766164
0.5,0.0,82,35.86945822542424
0.5,0.0,83,36.3787388689062
0.5,0.0,84,37.975926777440776
0.5,0.0,85,39.85331933671561
0.5,0.0,86,40.433376221372335
0.5,0.0,87,42.140958133564475
0.5,0.0,88,42.45634176494387
0.5,0.0,89,43.80135250934459
0.5,0.0,90,44.96167784796063
0.5,0.0,91,45.631065881398314
0.5,0.0,92,46.769459727711094
0.5,0.0,93,47.31326729661802
0.5,0.0,94,48.279735871120664
0.5,0.0,95,49.27913395541008
0.5,0.0,96,50.421893623533734
0.5,0.0,97,51.19474569985247
0.5,0.0,98,51.59444528706842
0.5,0.0,99,52.4043752416576
0.5,0.0,100,53.252015760400816
0.5,0.0,101,53.814931851507566
0.5,0.0,102,54.507431635859795
0.5,0.0,103,56.77973570387893
0.5,0.0,104,59.07751972646061
0.5,0.0,105,61.53766610017948
0.5,0.0,106,64.1637833294781
0.5,0.0,107,65.55536099319548
0.5,0.0,108,67.16062567276774
0.5,0.0,109,69.07494966099267
0.5,0.0,110,70.96432251549157
0.5,0.0,111,72.40485786593081
0.5,0.0,112,74.62048260695931
0.5,0.0,113,76.96213451924879
0.5,0.0,114,79.55521553771987
0.5,0.0,115,82.64359614175498
0.5,0.0,116,86.080853357099
0.5,0.0,117,90.88640019284776
0.5,0.0,118,95.8535963066931
0.525,0.0,1,-93.57910964339283
0.525,0.0,2,-86.4620767503545
0.525,0.0,3,-81.51789328796019
0.525,0.0,4,-77.43082611175794
0.525,0.0,5,-74.87475467583252
0.525,0.0,6,-72.42294573559275
0.525,0.0,7,-68.93353991046405
0.525,0.0,8,-66.53765956934942
0.525,0.0,9,-64.8083878294664
0.525,0.0,10,-62.17134143179874
0.525,0.0,11,-60.05318121884952
0.525,0.0,12,-57.95400376549
0.525,0.0,13,-55.283148240118265
0.525,0.0,14,-54.14504883666913
0.525,0.0,15,-52.02981307008025
0.525,0.0,16,-50.26679235816752
0.525,0.0,17,-48.549255183679264
0.525,0.0,18,-47.65958851454516
0.525,0.0,19,-45.43100055247589
0.525,0.0,20,-44.48661790683363
0.525,0.0,21,-43.27416383567194
0.525,0.0,22,-41.58353518866673
0.525,0.0,23,-40.74051436493855
0.525,0.0,24,-39.949032077267674
0.525,0.0,25,-38.63925363588473
0.525,0.0,26,-37.86574619003741
0.525,0.0,27,-37.39731753380261
0.525,0.0,28,-36.683717233416985
0.525,0.0,29,-36.30556275566775
0.525,0.0,30,-35.96120576775178
0.525,0.0,31,-34.19336311438203
0.525,0.0,32,-34.108336539470535
0.525,0.0,33,-31.616328506401814
0.525,0.0,34,-30.872435719213442
0.525,0.0,35,-28.87079578630673
0.525,0.0,36,-26.233261312804984
0.525,0.0,37,-25.560641260501242
0.525,0.0,38,-21.19557517123461
0.525,0.0,39,-21.063471601209812
0.525,0.0,40,-14.96735540307364
0.525,0.0,41,-7.799713692530503
0.525,0.0,42,-7.532341862583991
0.525,0.0,43,-5.926300631547477
0.525,0.0,44,-4.690591097491662
0.525,0.0,45,-4.438321312035143
0.525,0.0,46,-3.488127171413552
0.525,0.0,47,-2.982231670611668
0.525,0.0,48,-2.1157105246420826
0.525,0.0,49,-1.31023002104358
0.525,0.0,50,-0.2745981419158312
0.525,0.0,51,0.7898157741588392
0.525,0.0,52,2.054439190207802
0.525,0.0,53,3.335545798256504
0.525,0.0,54,4.753006180723375
0.525,0.0,55,6.275358331701284
0.525,0.0,56,7.91286398096716
0.525,0.0,57,9.621471851245985
0.525,0.0,58,11.40340116458826
0.525,0.0,59,13.273734694670281
0.525,0.0,60,15.168699445013885
0.525,0.0,61,16.94400940405553
0.525,0.0,62,16.9771427039123
0.525,0.0,63,17.045288846390147
0.525,0.0,64,18.447142091045563
0.525,0.0,65,18.729346709239703
0.525,0.0,66,18.78831426477951
0.525,0.0,67,19.46178874705403
0.525,0.0,68,19.709657083591622
0.525,0.0,69,20.061453988016922
0.525,0.0,70,20.475301367136765
0.525,0.0,71,20.816415855206117
0.525,0.0,72,21.053118852547613
0.525,0.0,73,21.323027983648828
0.525,0.0,74,21.755837838678474
0.525,0.0,75,21.778781800046218
0.525,0.0,76,22.28826117685945
0.525,0.0,77,22.895076430600028
0.525,0.0,78,22.92442086512195
0.525,0.0,79,25.331835851544213
0.525,0.0,80,31.462131598995455
0.525,0.0,81,33.0711108709933
0.525,0.0,82,35.874353392804515
0.525,0.0,83,36.37915298568588
0.525,0.0,84,37.96704491682791
0.525,0.0,85,39.864350810829194
0.525,0.0,86,40.42337861010525
0.525,0.0,87,42.14378981220686
0.525,0.0,88,42.4629953937007
0.525,0.0,89,43.807898509947634
0.525,0.0,90,44.92612526170987
0.525,0.0,91,45.63563390641739
0.525,0.0,92,46.87826806642562
0.525,0.0,93,47.213274665014254
0.525,0.0,94,48.25029556223838
0.525,0.0,95,49.36263497135211
0.525,0.0,96,50.362410456062754
0.525,0.0,97,51.2385161544447
0.525,0.0,98,51.51360967480345
0.525,0.0,99,52.457790491722534
0.525,0.0,100,53.348246881031535
0.525,0.0,101,53.72730353605926
0.525,0.0,102,54.49079645754624
0.525,0.0,103,56.78507669530854
0.525,0.0,104,59.08628088278907
0.525,0.0,105,61.49810184063197
0.525,0.0,106,64.21130762988727
0.525,0.0,107,65.58017495042631
0.525,0.0,108,67.14081404449814
0.525,0.0,109,69.05172536752373
0.525,0.0,110,70.91509687175888
0.525,0.0,111,72.4683673890772
0.525,0.0,112,74.59241251693113
0.525,0.0,113,76.99932412993101
0.525,0.0,114,79.53252873937981
0.525,0.0,115,82.64437330187596
0.525,0.0,116,86.08204158172131
0.525,0.0,117,90.88656980977503
0.525,0.0,118,95.85383858716503
0.55,0.0,1,-93.58037991175013
0.55,0.0,2,-86.45004877512028
0.55,0.0,3,-81.54958260856748
0.55,0.0,4,-77.40078442415697
0.55,0.0,5,-74.865333411107
0.55,0.0,6,-72.42954410277753
0.55,0.0,7,-69.00914845034359
0.55,0.0,8,-66.43552420938266
0.55,0.0,9,-64.79586532039778
0.55,0.0,10,-62.27572608663792
0.55,0.0,11,-59.995554079603124
0.55,0.0,12,-57.951133760099935
0.55,0.0,13,-55.257635644911204
0.55,0.0,14,-54.21095357303915
0.55,0.0,15,-51.96092505784165
0.55,0.0,16,-50.31325611410412
0.55,0.0,17,-48.54907242387563
0.55,0.0,18,-47.63880924513094
0.55,0.0,19,-45.48350904737231
0.55,0.0,20,-44.43715220705741
0.55,0.0,21,-43.254967810517684
0.55,0.0,22,-41.64565925346983
0.55,0.0,23,-40.70081635943811
0.55,0.0,24,-39.923679453079046
0.55,0.0,25,-38.684575795755165
0.55,0.0,26,-37.87463110413373
0.55,0.0,27,-37.40105956778683
0.55,0.0,28,-36.645185095179244
0.55,0.0,29,-36.29096523844757
0.55,0.0,30,-35.98496287301958
0.55,0.0,31,-34.19691555220593
0.55,0.0,32,-34.09983901878706
0.55,0.0,33,-31.625426469191837
0.55,0.0,34,-30.87169213543814
0.55,0.0,35,-28.866155659833808
0.55,0.0,36,-26.233813905650663
0.55,0.0,37,-25.561829251699592
0.55,0.0,38,-21.19557175413749
0.55,0.0,39,-21.063057072603954
0.55,0.0,40,-14.967427939014087
0.55,0.0,41,-7.799794596754992
0.55,0.0,42,-7.532285469519962
0.55,0.0,43,-5.92607683254613
0.55,0.0,44,-4.694906019266412
0.55,0.0,45,-4.4300734106431605
0.55,0.0,46,-3.5100746153028837
0.55,0.0,47,-2.9497829202705503
0.55,0.0,48,-2.1410794148389414
0.55,0.0,49,-1.2940468917537942
0.55,0.0,50,-0.28479930880264703
0.55,0.0,51,0.79877855012883
0.55,0.0,52,2.0466369038262258
0.55,0.0,53,3.3417655375673974
0.55,0.0,54,4.748728346591136
0.55,0.0,55,6.277790596513142
0.55,0.0,56,7.911843079761056
0.55,0.0,57,9.621744168155303
0.55,0.0,58,11.403377676166414
0.55,0.0,59,13.273705377204863
0.55,0.0,60,15.168721479397092
0.55,0.0,61,16.943574692680293
0.55,0.0,62,16.97585705910841
0.55,0.0,63,17.04731716042238
0.55,0.0,64,18.44405515494006
0.55,0.0,65,18.72917928686327
0.55,0.0,66,18.79233136591807
0.55,0.0,67,19.464733840352153
0.55,0.0,68,19.702661773148606
0.55,0.0,69,20.06065362254469
0.55,0.0,70,20.49547632181401
0.55,0.0,71,20.774908414416572
0.55,0.0,72,21.095502468445247
0.55,0.0,73,21.306215042061396
0.55,0.0,74,21.730619379450896
0.55,0.0,75,21.804301220605762
0.55,0.0,76,22.287639984208894
0.55,0.0,77,22.89323407055014
0.55,0.0,78,22.926132776122312
0.55,0.0,79,25.33175719094251
0.55,0.0,80,31.462620315058373
0.55,0.0,81,33.071647014766164
0.55,0.0,82,35.86945822542432
0.55,0.0,83,36.3787388689065
0.55,0.0,84,37.97592677744072
0.55,0.0,85,39.853319336715785
0.55,0.0,86,40.43337622137264
0.55,0.0,87,42.140958133564425
0.55,0.0,88,42.456341764944064
0.55,0.0,89,43.80135250934488
0.55,0.0,90,44.961677847960104
0.55,0.0,91,45.6310658813981
0.55,0.0,92,46.76945972771152
0.55,0.0,93,47.313267296618065
0.55,0.0,94,48.27973587112051
0.55,0.0,95,49.279133955410515
0.55,0.0,96,50.42189362353338
0.55,0.0,97,51.1947456998525
0.55,0.0,98,51.59444528706797
0.55,0.0,99,52.404375241657256
0.55,0.0,100,53.25201576040004
0.55,0.0,101,53.814931851507566
0.55,0.0,102,54.5074316358586
0.55,0.0,103,56.77973570387884
0.55,0.0,104,59.07751972645984
0.55,0.0,105,61.53766610017882
0.55,0.0,106,64.16378332947895
0.55,0.0,107,65.55536099319616
0.55,0.0,108,67.1606256727676
0.55,0.0,109,69.07494966099256
0.55,0.0,110,70.96432251549194
0.55,0.0,111,72.40485786593018
0.55,0.0,112,74.62048260695845
0.55,0.0,113,76.9621345192479
0.55,0.0,114,79.55521553772002
0.55,0.0,115,82.6435961417541
0.55,0.0,116,86.08085335709792
0.55,0.0,117,90.88640019284736
0.55,0.0,118,95.8535963066929
0.575,0.0,1,-93.57910964339294
0.575,0.0,2,-86.46207675035461
0.575,0.0,3,-81.51789328796005
0.575,0.0,4,-77.4308261117578
0.575,0.0,5,-74.8747546758326
0.575,0.0,6,-72.42294573559317
0.575,0.0,7,-68.93353991046362
0.575,0.0,8,-66.53765956934919
0.575,0.0,9,-64.80838782946654
0.575,0.0,10,-62.17134143179828
0.575,0.0,11,-60.05318121884952
0.575,0.0,12,-57.9540037654898
0.575,0.0,13,-55.28314824011801
0.575,0.0,14,-54.14504883666905
0.575,0.0,15,-52.02981307008031
0.575,0.0,16,-50.26679235816766
0.575,0.0,17,-48.549255183679065
0.575,0.0,18,-47.659588514545305
0.575,0.0,19,-45.43100055247572
0.575,0.0,20,-44.48661790683394
0.575,0.0,21,-43.27416383567146
0.575,0.0,22,-41.58353518866667
0.575,0.0,23,-40.740514364938605
0.575,0.0,24,-39.949032077267816
0.575,0.0,25,-38.639253635884785
0.575,0.0,26,-37.865746190037356
0.575,0.0,27,-37.39731753380249
0.575,0.0,28,-36.6837172334163
0.575,0.0,29,-36.305562755667665
0.575,0.0,30,-35.96120576775175
0.575,0.0,31,-34.19336311438196
0.575,0.0,32,-34.10833653947048
0.575,0.0,33,-31.616328506401743
0.575,0.0,34,-30.872435719213186
0.575,0.0,35,-28.870795786306758
0.575,0.0,36,-26.233261312805098
0.575,0.0,37,-25.56064126050137
0.575,0.0,38,-21.195575171234623
0.575,0.0,39,-21.063471601209812
0.575,0.0,40,-14.967355403073725
0.575,0.0,41,-7.799713692530531
0.575,0.0,42,-7.532341862583962
0.575,0.0,43,-5.9263006315474485
0.575,0.0,44,-4.690591097491634
0.575,0.0,45,-4.438321312035129
0.575,0.0,46,-3.488127171413538
0.575,0.0,47,-2.982231670611611
0.575,0.0,48,-2.115710524642097
0.575,0.0,49,-1.3102300210435516
0.575,0.0,50,-0.2745981419158028
0.575,0.0,51,0.7898157741588534
0.575,0.0,52,2.054439190207802
0.575,0.0,53,3.3355457982565184
0.575,0.0,54,4.753006180723361
0.575,0.0,55,6.275358331701256
0.575,0.0,56,7.9128639809671455
0.575,0.0,57,9.621471851245985
0.575,0.0,58,11.403401164588217
0.575,0.0,59,13.273734694670267
0.575,0.0,60,15.1686994450138
0.575,0.0,61,16.944009404055603
0.575,0.0,62,16.97714270391238
0.575,0.0,63,17.045288846390132
0.575,0.0,64,18.447142091045606
0.575,0.0,65,18.729346709239685
0.575,0.0,66,18.788314264779434
0.575,0.0,67,19.461788747053944
0.575,0.0,68,19.70965708359161
0.575,0.0,69,20.06145398801705
0.575,0.0,70,20.47530136713675
0.575,0.0,71,20.816415855206287
0.575,0.0,72,21.053118852547556
0.575,0.0,73,21.3230279836488
0.575,0.0,74,21.75583783867834
0.575,0.0,75,21.778781800046204
0.575,0.0,76,22.288261176859322
0.575,0.0,77,22.895076430599907
0.575,0.0,78,22.92442086512199
0.575,0.0,79,25.33183585154505
0.575,0.0,80,31.462131598995754
0.575,0.0,81,33.07111087099414
0.575,0.0,82,35.87435339280448
0.575,0.0,83,36.3791529856864
0.575,0.0,84,37.9670449168277
0.575,0.0,85,39.864350810829116
0.575,0.0,86,40.423378610105324
0.575,0.0,87,42.143789812206684
0.575,0.0,88,42.462995393700496
0.575,0.0,89,43.807898509947634
0.575,0.0,90,44.92612526170996
0.575,0.0,91,45.63563390641739
0.575,0.0,92,46.878268066425804
0.575,0.0,93,47.21327466501438
0.575,0.0,94,48.25029556223832
0.575,0.0,95,49.36263497135249
0.575,0.0,96,50.36241045606267
0.575,0.0,97,51.238516154444696
0.575,0.0,98,51.51360967480339
0.575,0.0,99,52.45779049172259
0.575,0.0,100,53.34824688103168
0.575,0.0,101,53.72730353605907
0.575,0.0,102,54.49079645754598
0.575,0.0,103,56.785076695308746
0.575,0.0,104,59.086280882789154
0.575,0.0,105,61.49810184063152
0.575,0.0,106,64.21130762988736
0.575,0.0,107,65.58017495042621
0.575,0.0,108,67.14081404449765
0.575,0.0,109,69.05172536752322
0.575,0.0,110,70.9150968717591
0.575,0.0,111,72.4683673890764
0.575,0.0,112,74.59241251693057
0.575,0.0,113,76.99932412993103
0.575,0.0,114,79.53252873937984
0.575,0.0,115,82.64437330187644
0.575,0.0,116,86.08204158172117
0.575,0.0,117,90.88656980977473
0.575,0.0,118,95.85383858716489
0.6,0.0,1,-93.58037991175075
0.6,0.0,2,-86.45004877511974
0.6,0.0,3,-81.54958260856651
0.6,0.0,4,-77.40078442415677
0.6,0.0,5,-74.86533341110646
0.6,0.0,6,-72.42954410277696
0.6,0.0,7,-69.00914845034308
0.6,0.0,8,-66.43552420938252
0.6,0.0,9,-64.79586532039855
0.6,0.0,10,-62.275726086637945
0.6,0.0,11,-59.99555407960341
0.6,0.0,12,-57.95113376010036
0.6,0.0,13,-55.257635644910465
0.6,0.0,14,-54.210953573038694
0.6,0.0,15,-51.960925057841905
0.6,0.0,16,-50.313256114103666
0.6,0.0,17,-48.54907242387537
0.6,0.0,18,-47.63880924513063
0.6,0.0,19,-45.483509047373104
0.6,0.0,20,-44.43715220705769
0.6,0.0,21,-43.254967810517826
0.6,0.0,22,-41.64565925347017
0.6,0.0,23,-40.70081635943711
0.6,0.0,24,-39.923679453078904
0.6,0.0,25,-38.68457579575539
0.6,0.0,26,-37.87463110413424
0.6,0.0,27,-37.401059567786405
0.6,0.0,28,-36.64518509517927
0.6,0.0,29,-36.290965238447654
0.6,0.0,30,-35.984962873019924
0.6,0.0,31,-34.19691555220592
0.6,0.0,32,-34.09983901878672
0.6,0.0,33,-31.625426469191666
0.6,0.0,34,-30.87169213543838
0.6,0.0,35,-28.866155659834334
0.6,0.0,36,-26.233813905650393
0.6,0.0,37,-25.56182925169982
0.6,0.0,38,-21.19557175413783
0.6,0.0,39,-21.06305707260414
0.6,0.0,40,-14.967427939013788
0.6,0.0,41,-7.799794596755035
0.6,0.0,42,-7.532285469519877
0.6,0.0,43,-5.926076832546016
0.6,0.0,44,-4.694906019266398
0.6,0.0,45,-4.4300734106431605
0.6,0.0,46,-3.5100746153028837
0.6,0.0,47,-2.949782920270593
0.6,0.0,48,-2.1410794148389556
0.6,0.0,49,-1.29404689175378
0.6,0.0,50,-0.28479930880264703
0.6,0.0,51,0.79877855012883
0.6,0.0,52,2.046636903826254
0.6,0.0,53,3.3417655375673547
0.6,0.0,54,4.748728346591108
0.6,0.0,55,6.277790596513128
0.6,0.0,56,7.9118430797610415
0.6,0.0,57,9.621744168155331
0.6,0.0,58,11.403377676166329
0.6,0.0,59,13.273705377204848
0.6,0.0,60,15.168721479397107
0.6,0.0,61,16.9435746926802
0.6,0.0,62,16.975857059108495
0.6,0.0,63,17.04731716042246
0.6,0.0,64,18.444055154940173
0.6,0.0,65,18.72917928686331
0.6,0.0,66,18.792331365918173
0.6,0.0,67,19.46473384035231
0.6,0.0,68,19.702661773148506
0.6,0.0,69,20.060653622544677
0.6,0.0,70,20.495476321813868
0.6,0.0,71,20.774908414416544
0.6,0.0,72,21.09550246844536
0.6,0.0,73,21.306215042061396
0.6,0.0,74,21.73061937945065
0.6,0.0,75,21.80430122060567
0.6,0.0,76,22.287639984208596
0.6,0.0,77,22.893234070550026
0.6,0.0,78,22.926132776122305
0.6,0.0,79,25.33175719094254
0.6,0.0,80,31.46262031505897
0.6,0.0,81,33.07164701476645
0.6,0.0,82,35.869458225424246
0.6,0.0,83,36.378738868906694
0.6,0.0,84,37.97592677744166
0.6,0.0,85,39.85331933671599
0.6,0.0,86,40.433376221373706
0.6,0.0,87,42.14095813356498
0.6,0.0,88,42.45634176494472
0.6,0.0,89,43.80135250934442
0.6,0.0,90,44.96167784796026
0.6,0.0,91,45.63106588139871
0.6,0.0,92,46.769459727711244
0.6,0.0,93,47.31326729661803
0.6,0.0,94,48.27973587112186
0.6,0.0,95,49.27913395541063
0.6,0.0,96,50.42189362353348
0.6,0.0,97,51.1947456998525
0.6,0.0,98,51.59444528706893
0.6,0.0,99,52.40437524165742
0.6,0.0,100,53.25201576039997
0.6,0.0,101,53.81493185150598
0.6,0.0,102,54.507431635858005
0.6,0.0,103,56.77973570387945
0.6,0.0,104,59.07751972646029
0.6,0.0,105,61.537666100177944
0.6,0.0,106,64.16378332947747
0.6,0.0,107,65.55536099319583
0.6,0.0,108,67.16062567276714
0.6,0.0,109,69.07494966099213
0.6,0.0,110,70.96432251549197
0.6,0.0,111,72.40485786593001
0.6,0.0,112,74.62048260695877
0.6,0.0,113,76.96213451924758
0.6,0.0,114,79.5552155377203
0.6,0.0,115,82.64359614175477
0.6,0.0,116,86.08085335709842
0.6,0.0,117,90.8864001928473
0.6,0.0,118,95.85359630669278
0.625,0.0,1,-93.57910964339268
0.625,0.0,2,-86.46207675035464
0.625,0.0,3,-81.5178932879598
0.625,0.0,4,-77.43082611175774
0.625,0.0,5,-74.87475467583207
0.625,0.0,6,-72.42294573559266
0.625,0.0,7,-68.93353991046342
0.625,0.0,8,-66.53765956934902
0.625,0.0,9,-64.80838782946617
0.625,0.0,10,-62.17134143179729
0.625,0.0,11,-60.05318121885003
0.625,0.0,12,-57.954003765489915
0.625,0.0,13,-55.28314824011818
0.625,0.0,14,-54.145048836669304
0.625,0.0,15,-52.02981307008042
0.625,0.0,16,-50.266792358167265
0.625,0.0,17,-48.54925518367946
0.625,0.0,18,-47.65958851454599
0.625,0.0,19,-45.43100055247646
0.625,0.0,20,-44.486617906834
0.625,0.0,21,-43.27416383567163
0.625,0.0,22,-41.58353518866667
0.625,0.0,23,-40.74051436493872
0.625,0.0,24,-39.94903207726793
0.625,0.0,25,-38.639253635884614
0.625,0.0,26,-37.86574619003761
0.625,0.0,27,-37.39731753380269
0.625,0.0,28,-36.68371723341602
0.625,0.0,29,-36.30556275566772
0.625,0.0,30,-35.961205767751636
0.625,0.0,31,-34.193363114382315
0.625,0.0,32,-34.108336539470464
0.625,0.0,33,-31.6163285064021
0.625,0.0,34,-30.872435719213343
0.625,0.0,35,-28.87079578630663
0.625,0.0,36,-26.23326131280524
0.625,0.0,37,-25.560641260501512
0.625,0.0,38,-21.195575171234523
0.625,0.0,39,-21.063471601209756
0.625,0.0,40,-14.96735540307364
0.625,0.0,41,-7.79971369253046
0.625,0.0,42,-7.532341862583991
0.625,0.0,43,-5.92630063154742
0.625,0.0,44,-4.690591097491648
0.625,0.0,45,-4.4383213120351
0.625,0.0,46,-3.4881271714135664
0.625,0.0,47,-2.9822316706116396
0.625,0.0,48,-2.115710524642097
0.625,0.0,49,-1.3102300210435658
0.625,0.0,50,-0.274598141915817
0.625,0.0,51,0.7898157741588818
0.625,0.0,52,2.0544391902077734
0.625,0.0,53,3.335545798256504
0.625,0.0,54,4.753006180723361
0.625,0.0,55,6.275358331701284
0.625,0.0,56,7.912863980967131
0.625,0.0,57,9.621471851246
0.625,0.0,58,11.403401164588203
0.625,0.0,59,13.273734694670239
0.625,0.0,60,15.168699445013957
0.625,0.0,61,16.944009404055574
0.625,0.0,62,16.977142703912314
0.625,0.0,63,17.045288846390076
0.625,0.0,64,18.44714209104565
0.625,0.0,65,18.729346709239717
0.625,0.0,66,18.788314264779356
0.625,0.0,67,19.461788747053916
0.625,0.0,68,19.70965708359148
0.625,0.0,69,20.06145398801698
0.625,0.0,70,20.475301367136808
0.625,0.0,71,20.81641585520603
0.625,0.0,72,21.05311885254737
0.625,0.0,73,21.32302798364863
0.625,0.0,74,21.755837838678357
0.625,0.0,75,21.77878180004606
0.625,0.0,76,22.288261176859365
0.625,0.0,77,22.89507643059985
0.625,0.0,78,22.924420865121967
0.625,0.0,79,25.33183585154495
0.625,0.0,80,31.462131598995683
0.625,0.0,81,33.07111087099412
0.625,0.0,82,35.874353392804466
0.625,0.0,83,36.37915298568637
0.625,0.0,84,37.9670449168281
0.625,0.0,85,39.86435081082906
0.625,0.0,86,40.423378610105054
0.625,0.0,87,42.14378981220677
0.625,0.0,88,42.46299539370066
0.625,0.0,89,43.80789850994737
0.625,0.0,90,44.92612526170975
0.625,0.0,91,45.6356339064175
0.625,0.0,92,46.87826806642608
0.625,0.0,93,47.213274665014424
0.625,0.0,94,48.2502955622378
0.625,0.0,95,49.36263497135191
0.625,0.0,96,50.36241045606247
0.625,0.0,97,51.238516154444454
0.625,0.0,98,51.51360967480249
0.625,0.0,99,52.457790491722605
0.625,0.0,100,53.34824688103212
0.625,0.0,101,53.72730353605921
0.625,0.0,102,54.4907964575461
0.625,0.0,103,56.785076695308696
0.625,0.0,104,59.08628088278938
0.625,0.0,105,61.49810184063202
0.625,0.0,106,64.21130762988798
0.625,0.0,107,65.58017495042591
0.625,0.0,108,67.14081404449753
0.625,0.0,109,69.05172536752391
0.625,0.0,110,70.9150968717594
0.625,0.0,111,72.46836738907692
0.625,0.0,112,74.59241251693112
0.625,0.0,113,76.99932412993138
0.625,0.0,114,79.53252873938058
0.625,0.0,115,82.64437330187647
0.625,0.0,116,86.08204158172127
0.625,0.0,117,90.8865698097745
0.625,0.0,118,95.85383858716504
0.65,0.0,1,-93.58037991174973
0.65,0.0,2,-86.4500487751196
0.65,0.0,3,-81.54958260856702
0.65,0.0,4,-77.40078442415731
0.65,0.0,5,-74.86533341110686
0.65,0.0,6,-72.4295441027769
0.65,0.0,7,-69.00914845034333
0.65,0.0,8,-66.43552420938201
0.65,0.0,9,-64.79586532039778
0.65,0.0,10,-62.275726086637945
0.65,0.0,11,-59.99555407960378
0.65,0.0,12,-57.95113376009877
0.65,0.0,13,-55.25763564491092
0.65,0.0,14,-54.210953573038466
0.65,0.0,15,-51.96092505784168
0.65,0.0,16,-50.3132561141054
0.65,0.0,17,-48.54907242387526
0.65,0.0,18,-47.63880924513029
0.65,0.0,19,-45.48350904737288
0.65,0.0,20,-44.43715220705775
0.65,0.0,21,-43.25496781051734
0.65,0.0,22,-41.64565925347014
0.65,0.0,23,-40.700816359437965
0.65,0.0,24,-39.92367945307902
0.65,0.0,25,-38.68457579575568
0.65,0.0,26,-37.87463110413452
0.65,0.0,27,-37.401059567785865
0.65,0.0,28,-36.645185095179755
0.65,0.0,29,-36.29096523844743
0.65,0.0,30,-35.98496287301967
0.65,0.0,31,-34.19691555220602
0.65,0.0,32,-34.09983901878654
0.65,0.0,33,-31.625426469191964
0.65,0.0,34,-30.87169213543916
0.65,0.0,35,-28.86615565983405
0.65,0.0,36,-26.23381390565038
0.65,0.0,37,-25.56182925169979
0.65,0.0,38,-21.195571754137646
0.65,0.0,39,-21.063057072604295
0.65,0.0,40,-14.967427939014144
0.65,0.0,41,-7.799794596755049
0.65,0.0,42,-7.532285469520033
0.65,0.0,43,-5.926076832546073
0.65,0.0,44,-4.694906019266412
0.65,0.0,45,-4.430073410643075
0.65,0.0,46,-3.5100746153029263
0.65,0.0,47,-2.9497829202705645
0.65,0.0,48,-2.141079414838927
0.65,0.0,49,-1.2940468917537657
0.65,0.0,50,-0.2847993088026328
0.65,0.0,51,0.7987785501288158
0.65,0.0,52,2.0466369038262258
0.65,0.0,53,3.341765537567369
0.65,0.0,54,4.74872834659115
0.65,0.0,55,6.277790596513086
0.65,0.0,56,7.9118430797610415
0.65,0.0,57,9.621744168155189
0.65,0.0,58,11.403377676166258
0.65,0.0,59,13.27370537720482
0.65,0.0,60,15.16872147939712
0.65,0.0,61,16.943574692680276
0.65,0.0,62,16.97585705910839
0.65,0.0,63,17.04731716042252
0.65,0.0,64,18.444055154940045
0.65,0.0,65,18.729179286863374
0.65,0.0,66,18.79233136591811
0.65,0.0,67,19.46473384035228
0.65,0.0,68,19.702661773148364
0.65,0.0,69,20.06065362254442
0.65,0.0,70,20.495476321813882
0.65,0.0,71,20.774908414416515
0.65,0.0,72,21.095502468445048
0.65,0.0,73,21.306215042061282
0.65,0.0,74,21.730619379450786
0.65,0.0,75,21.80430122060515
0.65,0.0,76,22.28763998420864
0.65,0.0,77,22.893234070550008
0.65,0.0,78,22.926132776122373
0.65,0.0,79,25.331757190942255
0.65,0.0,80,31.462620315058842
0.65,0.0,81,33.0716470147666
0.65,0.0,82,35.86945822542446
0.65,0.0,83,36.378738868906645
0.65,0.0,84,37.97592677744164
0.65,0.0,85,39.853319336716126
0.65,0.0,86,40.433376221372946
0.65,0.0,87,42.140958133565
0.65,0.0,88,42.45634176494417
0.65,0.0,89,43.80135250934473
0.65,0.0,90,44.96167784796086
0.65,0.0,91,45.63106588139875
0.65,0.0,92,46.76945972771138
0.65,0.0,93,47.3132672966182
0.65,0.0,94,48.279735871120884
0.65,0.0,95,49.27913395541006
0.65,0.0,96,50.42189362353434
0.65,0.0,97,51.19474569985204
0.65,0.0,98,51.594445287068005
0.65,0.0,99,52.40437524165703
0.65,0.0,100,53.252015760399914
0.65,0.0,101,53.81493185150732
0.65,0.0,102,54.507431635859874
0.65,0.0,103,56.779735703878565
0.65,0.0,104,59.07751972646004
0.65,0.0,105,61.53766610017858
0.65,0.0,106,64.16378332947741
0.65,0.0,107,65.5553609931957
0.65,0.0,108,67.16062567276727
0.65,0.0,109,69.07494966099395
0.65,0.0,110,70.96432251549129
0.65,0.0,111,72.40485786593061
0.65,0.0,112,74.62048260695946
0.65,0.0,113,76.96213451924677
0.65,0.0,114,79.55521553772033
0.65,0.0,115,82.64359614175416
0.65,0.0,116,86.08085335709666
0.65,0.0,117,90.88640019284712
0.65,0.0,118,95.85359630669294
0.675,0.0,1,-93.57910964339271
0.675,0.0,2,-86.46207675035438
0.675,0.0,3,-81.51789328795974
0.675,0.0,4,-77.43082611175788
0.675,0.0,5,-74.87475467583221
0.675,0.0,6,-72.42294573559269
0.675,0.0,7,-68.93353991046357
0.675,0.0,8,-66.53765956934916
0.675,0.0,9,-64.80838782946637
0.675,0.0,10,-62.17134143179757
0.675,0.0,11,-60.05318121885003
0.675,0.0,12,-57.95400376548989
0.675,0.0,13,-55.28314824011801
0.675,0.0,14,-54.14504883666916
0.675,0.0,15,-52.02981307008022
0.675,0.0,16,-50.26679235816721
0.675,0.0,17,-48.549255183679065
0.675,0.0,18,-47.65958851454559
0.675,0.0,19,-45.431000552476064
0.675,0.0,20,-44.486617906834056
0.675,0.0,21,-43.274163835671885
0.675,0.0,22,-41.583535188666815
0.675,0.0,23,-40.74051436493852
0.675,0.0,24,-39.94903207726787
0.675,0.0,25,-38.639253635884586
0.675,0.0,26,-37.86574619003747
0.675,0.0,27,-37.397317533802465
0.675,0.0,28,-36.68371723341639
0.675,0.0,29,-36.305562755667665
0.675,0.0,30,-35.96120576775169
0.675,0.0,31,-34.19336311438216
0.675,0.0,32,-34.108336539470606
0.675,0.0,33,-31.616328506401942
0.675,0.0,34,-30.87243571921333
0.675,0.0,35,-28.8707957863066
0.675,0.0,36,-26.233261312804757
0.675,0.0,37,-25.560641260501356
0.675,0.0,38,-21.195575171234267
0.675,0.0,39,-21.063471601209756
0.675,0.0,40,-14.967355403073071
0.675,0.0,41,-7.79971369253046
0.675,0.0,42,-7.532341862583991
0.675,0.0,43,-5.926300631547406
0.675,0.0,44,-4.69059109749162
0.675,0.0,45,-4.438321312035114
0.675,0.0,46,-3.488127171413552
0.675,0.0,47,-2.982231670611654
0.675,0.0,48,-2.1157105246420826
0.675,0.0,49,-1.3102300210435658
0.675,0.0,50,-0.2745981419157886
0.675,0.0,51,0.7898157741588392
0.675,0.0,52,2.054439190207802
0.675,0.0,53,3.3355457982565184
0.675,0.0,54,4.753006180723361
0.675,0.0,55,6.275358331701284
0.675,0.0,56,7.912863980967131
0.675,0.0,57,9.621471851245971
0.675,0.0,58,11.403401164588232
0.675,0.0,59,13.27373469467031
0.675,0.0,60,15.168699445013914
0.675,0.0,61,16.944009404055624
0.675,0.0,62,16.977142703912392
0.675,0.0,63,17.045288846390125
0.675,0.0,64,18.44714209104569
0.675,0.0,65,18.72934670923976
0.675,0.0,66,18.788314264779462
0.675,0.0,67,19.46178874705393
0.675,0.0,68,19.70965708359165
0.675,0.0,69,20.061453988017007
0.675,0.0,70,20.475301367136808
0.675,0.0,71,20.81641585520613
0.675,0.0,72,21.0531188525475
0.675,0.0,73,21.323027983648743
0.675,0.0,74,21.75583783867831
0.675,0.0,75,21.778781800046104
0.675,0.0,76,22.28826117685938
0.675,0.0,77,22.895076430599925
0.675,0.0,78,22.924420865122066
0.675,0.0,79,25.331835851545563
0.675,0.0,80,31.462131598996038
0.675,0.0,81,33.07111087099468
0.675,0.0,82,35.87435339280464
0.675,0.0,83,36.37915298568668
0.675,0.0,84,37.96704491682809
0.675,0.0,85,39.86435081082922
0.675,0.0,86,40.423378610105175
0.675,0.0,87,42.14378981220672
0.675,0.0,88,42.46299539370067
0.675,0.0,89,43.80789850994743
0.675,0.0,90,44.926125261709934
0.675,0.0,91,45.63563390641749
0.675,0.0,92,46.87826806642611
0.675,0.0,93,47.213274665014495
0.675,0.0,94,48.25029556223788
0.675,0.0,95,49.3626349713521
0.675,0.0,96,50.36241045606248
0.675,0.0,97,51.23851615444426
0.675,0.0,98,51.51360967480207
0.675,0.0,99,52.45779049172276
0.675,0.0,100,53.34824688103176
0.675,0.0,101,53.72730353605902
0.675,0.0,102,54.49079645754607
0.675,0.0,103,56.78507669530834
0.675,0.0,104,59.08628088278936
0.675,0.0,105,61.498101840632074
0.675,0.0,106,64.21130762988808
0.675,0.0,107,65.58017495042616
0.675,0.0,108,67.14081404449803
0.675,0.0,109,69.05172536752336
0.675,0.0,110,70.91509687175949
0.675,0.0,111,72.4683673890767
0.675,0.0,112,74.59241251693066
0.675,0.0,113,76.99932412993135
0.675,0.0,114,79.5325287393807
0.675,0.0,115,82.64437330187656
0.675,0.0,116,86.08204158172148
0.675,0.0,117,90.8865698097747
0.675,0.0,118,95.85383858716506
0.7,0.0,1,-93.58037991174996
0.7,0.0,2,-86.45004877511963
0.7,0.0,3,-81.54958260856668
0.7,0.0,4,-77.40078442415685
0.7,0.0,5,-74.8653334111068
0.7,0.0,6,-72.42954410277676
0.7,0.0,7,-69.00914845034313
0.7,0.0,8,-66.43552420938218
0.7,0.0,9,-64.79586532039775
0.7,0.0,10,-62.27572608663792
0.7,0.0,11,-59.99555407960324
0.7,0.0,12,-57.95113376009857
0.7,0.0,13,-55.257635644910664
0.7,0.0,14,-54.21095357303861
0.7,0.0,15,-51.96092505784134
0.7,0.0,16,-50.31325611410503
0.7,0.0,17,-48.549072423874975
0.7,0.0,18,-47.63880924513103
0.7,0.0,19,-45.48350904737265
0.7,0.0,20,-44.43715220705775
0.7,0.0,21,-43.25496781051737
0.7,0.0,22,-41.64565925347031
0.7,0.0,23,-40.70081635943714
0.7,0.0,24,-39.92367945307893
0.7,0.0,25,-38.68457579575539
0.7,0.0,26,-37.87463110413452
0.7,0.0,27,-37.401059567786064
0.7,0.0,28,-36.645185095179755
0.7,0.0,29,-36.2909652384478
0.7,0.0,30,-35.98496287301987
0.7,0.0,31,-34.19691555220593
0.7,0.0,32,-34.099839018786575
0.7,0.0,33,-31.625426469191837
0.7,0.0,34,-30.87169213543895
0.7,0.0,35,-28.866155659834092
0.7,0.0,36,-26.23381390565025
0.7,0.0,37,-25.56182925169972
0.7,0.0,38,-21.19557175413763
0.7,0.0,39,-21.063057072604224
0.7,0.0,40,-14.967427939013945
0.7,0.0,41,-7.799794596755035
0.7,0.0,42,-7.532285469520033
0.7,0.0,43,-5.926076832546116
0.7,0.0,44,-4.694906019266384
0.7,0.0,45,-4.430073410643104
0.7,0.0,46,-3.5100746153029547
0.7,0.0,47,-2.9497829202706356
0.7,0.0,48,-2.1410794148389414
0.7,0.0,49,-1.29404689175378
0.7,0.0,50,-0.28479930880264703
0.7,0.0,51,0.7987785501288442
0.7,0.0,52,2.0466369038261973
0.7,0.0,53,3.3417655375674116
0.7,0.0,54,4.74872834659115
0.7,0.0,55,6.2777905965131
0.7,0.0,56,7.911843079761013
0.7,0.0,57,9.621744168155288
0.7,0.0,58,11.403377676166315
0.7,0.0,59,13.273705377204791
0.7,0.0,60,15.168721479397107
0.7,0.0,61,16.943574692680258
0.7,0.0,62,16.975857059108368
0.7,0.0,63,17.04731716042246
0.7,0.0,64,18.444055154940088
0.7,0.0,65,18.729179286863438
0.7,0.0,66,18.792331365918248
0.7,0.0,67,19.464733840352267
0.7,0.0,68,19.702661773148307
0.7,0.0,69,20.06065362254455
0.7,0.0,70,20.495476321813953
0.7,0.0,71,20.774908414416558
0.7,0.0,72,21.09550246844529
0.7,0.0,73,21.30621504206144
0.7,0.0,74,21.7306193794506
0.7,0.0,75,21.804301220605165
0.7,0.0,76,22.287639984208724
0.7,0.0,77,22.893234070549763
0.7,0.0,78,22.926132776122518
0.7,0.0,79,25.331757190942184
0.7,0.0,80,31.462620315058828
0.7,0.0,81,33.07164701476666
0.7,0.0,82,35.869458225424566
0.7,0.0,83,36.378738868906844
0.7,0.0,84,37.97592677744072
0.7,0.0,85,39.853319336715835
0.7,0.0,86,40.43337622137319
0.7,0.0,87,42.140958133565206
0.7,0.0,88,42.45634176494475
0.7,0.0,89,43.80135250934431
0.7,0.0,90,44.96167784796038
0.7,0.0,91,45.63106588139854
0.7,0.0,92,46.769459727711286
0.7,0.0,93,47.313267296618044
0.7,0.0,94,48.27973587112156
0.7,0.0,95,49.27913395541056
0.7,0.0,96,50.42189362353462
0.7,0.0,97,51.19474569985243
0.7,0.0,98,51.59444528706884
0.7,0.0,99,52.40437524165676
0.7,0.0,100,53.252015760400305
0.7,0.0,101,53.81493185150859
0.7,0.0,102,54.50743163585926
0.7,0.0,103,56.779735703879275
0.7,0.0,104,59.07751972646046
0.7,0.0,105,61.53766610017884
0.7,0.0,106,64.16378332947716
0.7,0.0,107,65.55536099319592
0.7,0.0,108,67.1606256727672
0.7,0.0,109,69.07494966099331
0.7,0.0,110,70.96432251549118
0.7,0.0,111,72.40485786593113
0.7,0.0,112,74.62048260695909
0.7,0.0,113,76.96213451924748
0.7,0.0,114,79.55521553772058
0.7,0.0,115,82.64359614175396
0.7,0.0,116,86.08085335709727
0.7,0.0,117,90.88640019284675
0.7,0.0,118,95.85359630669258
0.725,0.0,1,-93.57910964339271
0.725,0.0,2,-86.46207675035447
0.725,0.0,3,-81.51789328795996
0.725,0.0,4,-77.43082611175771
0.725,0.0,5,-74.87475467583207
0.725,0.0,6,-72.42294573559332
0.725,0.0,7,-68.93353991046334
0.725,0.0,8,-66.53765956934865
0.725,0.0,9,-64.80838782946682
0.725,0.0,10,-62.17134143179783
0.725,0.0,11,-60.0531812188502
0.725,0.0,12,-57.954003765489944
0.725,0.0,13,-55.28314824011724
0.725,0.0,14,-54.145048836669275
0.725,0.0,15,-52.02981307008034
0.725,0.0,16,-50.266792358167265
0.725,0.0,17,-48.54925518367918
0.725,0.0,18,-47.65958851454505
0.725,0.0,19,-45.431000552476235
0.725,0.0,20,-44.48661790683448
0.725,0.0,21,-43.2741638356716
0.725,0.0,22,-41.58353518866704
0.725,0.0,23,-40.74051436493835
0.725,0.0,24,-39.94903207726762
0.725,0.0,25,-38.63925363588473
0.725,0.0,26,-37.86574619003767
0.725,0.0,27,-37.39731753380266
0.725,0.0,28,-36.683717233416274
0.725,0.0,29,-36.305562755667495
0.725,0.0,30,-35.96120576775152
0.725,0.0,31,-34.19336311438249
0.725,0.0,32,-34.10833653947039
0.725,0.0,33,-31.616328506401914
0.725,0.0,34,-30.872435719213243
0.725,0.0,35,-28.870795786306772
0.725,0.0,36,-26.233261312804956
0.725,0.0,37,-25.560641260501612
0.725,0.0,38,-21.195575171234466
0.725,0.0,39,-21.063471601209997
0.725,0.0,40,-14.967355403073299
0.725,0.0,41,-7.799713692530446
0.725,0.0,42,-7.532341862584019
0.725,0.0,43,-5.926300631547434
0.725,0.0,44,-4.690591097491605
0.725,0.0,45,-4.438321312035129
0.725,0.0,46,-3.488127171413609
0.725,0.0,47,-2.982231670611668
0.725,0.0,48,-2.115710524642097
0.725,0.0,49,-1.3102300210435658
0.725,0.0,50,-0.2745981419158028
0.725,0.0,51,0.789815774158896
0.725,0.0,52,2.0544391902077876
0.725,0.0,53,3.335545798256476
0.725,0.0,54,4.753006180723375
0.725,0.0,55,6.275358331701199
0.725,0.0,56,7.912863980967046
0.725,0.0,57,9.621471851245957
0.725,0.0,58,11.403401164588232
0.725,0.0,59,13.273734694670281
0.725,0.0,60,15.168699445013942
0.725,0.0,61,16.944009404055553
0.725,0.0,62,16.977142703912435
0.725,0.0,63,17.045288846390097
0.725,0.0,64,18.44714209104569
0.725,0.0,65,18.7293467092398
0.725,0.0,66,18.788314264779345
0.725,0.0,67,19.46178874705396
0.725,0.0,68,19.709657083591424
0.725,0.0,69,20.061453988017092
0.725,0.0,70,20.475301367136936
0.725,0.0,71,20.816415855205804
0.725,0.0,72,21.053118852547556
0.725,0.0,73,21.32302798364873
0.725,0.0,74,21.755837838678048
0.725,0.0,75,21.778781800046055
0.725,0.0,76,22.288261176859294
0.725,0.0,77,22.8950764305998
0.725,0.0,78,22.924420865121906
0.725,0.0,79,25.331835851546018
0.725,0.0,80,31.462131598996123
0.725,0.0,81,33.071110870995
0.725,0.0,82,35.87435339280466
0.725,0.0,83,36.37915298568688
0.725,0.0,84,37.967044916828144
0.725,0.0,85,39.8643508108291
0.725,0.0,86,40.42337861010528
0.725,0.0,87,42.143789812206926
0.725,0.0,88,42.46299539370057
0.725,0.0,89,43.80789850994697
0.725,0.0,90,44.926125261710084
0.725,0.0,91,45.63563390641783
0.725,0.0,92,46.878268066425726
0.725,0.0,93,47.21327466501434
0.725,0.0,94,48.250295562237575
0.725,0.0,95,49.36263497135277
0.725,0.0,96,50.36241045606257
0.725,0.0,97,51.23851615444431
0.725,0.0,98,51.51360967480257
0.725,0.0,99,52.45779049172253
0.725,0.0,100,53.34824688103116
0.725,0.0,101,53.727303536058855
0.725,0.0,102,54.49079645754616
0.725,0.0,103,56.78507669530875
0.725,0.0,104,59.086280882789275
0.725,0.0,105,61.49810184063204
0.725,0.0,106,64.21130762988814
0.725,0.0,107,65.58017495042628
0.725,0.0,108,67.14081404449774
0.725,0.0,109,69.05172536752374
0.725,0.0,110,70.91509687175866
0.725,0.0,111,72.46836738907827
0.725,0.0,112,74.59241251693018
0.725,0.0,113,76.99932412993132
0.725,0.0,114,79.53252873937969
0.725,0.0,115,82.64437330187666
0.725,0.0,116,86.08204158172136
0.725,0.0,117,90.88656980977456
0.725,0.0,118,95.85383858716496
0.75,0.0,1,-93.58037991175024
0.75,0.0,2,-86.45004877511994
0.75,0.0,3,-81.54958260856702
0.75,0.0,4,-77.40078442415737
0.75,0.0,5,-74.86533341110669
0.75,0.0,6,-72.42954410277662
0.75,0.0,7,-69.00914845034347
0.75,0.0,8,-66.43552420938238
0.75,0.0,9,-64.79586532039866
0.75,0.0,10,-62.27572608663792
0.75,0.0,11,-59.995554079602414
0.75,0.0,12,-57.951133760099935
0.75,0.0,13,-55.257635644910835
0.75,0.0,14,-54.21095357303858
0.75,0.0,15,-51.960925057841706
0.75,0.0,16,-50.31325611410401
0.75,0.0,17,-48.54907242387523
0.75,0.0,18,-47.63880924513106
0.75,0.0,19,-45.48350904737259
0.75,0.0,20,-44.43715220705832
0.75,0.0,21,-43.254967810517854
0.75,0.0,22,-41.64565925346966
0.75,0.0,23,-40.70081635943836
0.75,0.0,24,-39.92367945307879
0.75,0.0,25,-38.68457579575485
0.75,0.0,26,-37.874631104133215
0.75,0.0,27,-37.401059567787314
0.75,0.0,28,-36.645185095179926
0.75,0.0,29,-36.290965238448365
0.75,0.0,30,-35.98496287302038
0.75,0.0,31,-34.19691555220582
0.75,0.0,32,-34.099839018786916
0.75,0.0,33,-31.625426469191552
0.75,0.0,34,-30.871692135437755
0.75,0.0,35,-28.866155659833808
0.75,0.0,36,-26.233813905650877
0.75,0.0,37,-25.56182925169975
0.75,0.0,38,-21.19557175413746
0.75,0.0,39,-21.06305707260364
0.75,0.0,40,-14.967427939013845
0.75,0.0,41,-7.799794596754978
0.75,0.0,42,-7.532285469519763
0.75,0.0,43,-5.9260768325461015
0.75,0.0,44,-4.694906019266483
0.75,0.0,45,-4.4300734106431605
0.75,0.0,46,-3.510074615302912
0.75,0.0,47,-2.949782920270593
0.75,0.0,48,-2.141079414838927
0.75,0.0,49,-1.2940468917537231
0.75,0.0,50,-0.28479930880266124
0.75,0.0,51,0.7987785501288442
0.75,0.0,52,2.0466369038261973
0.75,0.0,53,3.34176553756744
0.75,0.0,54,4.7487283465911645
0.75,0.0,55,6.277790596513128
0.75,0.0,56,7.911843079761084
0.75,0.0,57,9.621744168155303
0.75,0.0,58,11.4033776761664
0.75,0.0,59,13.273705377204934
0.75,0.0,60,15.16872147939705
0.75,0.0,61,16.943574692680215
0.75,0.0,62,16.97585705910844
0.75,0.0,63,17.04731716042245
0.75,0.0,64,18.44405515494013
0.75,0.0,65,18.729179286863303
0.75,0.0,66,18.792331365918155
0.75,0.0,67,19.46473384035221
0.75,0.0,68,19.702661773148577
0.75,0.0,69,20.06065362254475
0.75,0.0,70,20.49547632181425
0.75,0.0,71,20.77490841441636
0.75,0.0,72,21.095502468445304
0.75,0.0,73,21.306215042061254
0.75,0.0,74,21.730619379450722
0.75,0.0,75,21.804301220605353
0.75,0.0,76,22.287639984208624
0.75,0.0,77,22.893234070550495
0.75,0.0,78,22.92613277612237
0.75,0.0,79,25.331757190942568
0.75,0.0,80,31.46262031505863
0.75,0.0,81,33.07164701476642
0.75,0.0,82,35.86945822542432
0.75,0.0,83,36.37873886890649
0.75,0.0,84,37.97592677744112
0.75,0.0,85,39.8533193367161
0.75,0.0,86,40.433376221373564
0.75,0.0,87,42.1409581335647
0.75,0.0,88,42.456341764944284
0.75,0.0,89,43.801352509344746
0.75,0.0,90,44.96167784796031
0.75,0.0,91,45.631065881397916
0.75,0.0,92,46.76945972771176
0.75,0.0,93,47.313267296618484
0.75,0.0,94,48.279735871121126
0.75,0.0,95,49.2791339554108
0.75,0.0,96,50.42189362353314
0.75,0.0,97,51.19474569985243
0.75,0.0,98,51.594445287067785
0.75,0.0,99,52.404375241657064
0.75,0.0,100,53.252015760399736
0.75,0.0,101,53.81493185150747
0.75,0.0,102,54.50743163585777
0.75,0.0,103,56.77973570387996
0.75,0.0,104,59.07751972646014
0.75,0.0,105,61.53766610017715
0.75,0.0,106,64.16378332947903
0.75,0.0,107,65.55536099319646
0.75,0.0,108,67.16062567276731
0.75,0.0,109,69.07494966099222
0.75,0.0,110,70.96432251549233
0.75,0.0,111,72.40485786593021
0.75,0.0,112,74.62048260695921
0.75,0.0,113,76.96213451924804
0.75,0.0,114,79.55521553771901
0.75,0.0,115,82.64359614175451
0.75,0.0,116,86.08085335709788
0.75,0.0,117,90.8864001928471
0.75,0.0,118,95.85359630669278
0.775,0.0,1,-93.57910964339305
0.775,0.0,2,-86.46207675035458
0.775,0.0,3,-81.51789328796008
0.775,0.0,4,-77.43082611175817
0.775,0.0,5,-74.87475467583226
0.775,0.0,6,-72.4229457355932
0.775,0.0,7,-68.93353991046396
0.775,0.0,8,-66.53765956934913
0.775,0.0,9,-64.80838782946662
0.775,0.0,10,-62.171341431798396
0.775,0.0,11,-60.05318121884963
0.775,0.0,12,-57.95400376548963
0.775,0.0,13,-55.28314824011778
0.775,0.0,14,-54.14504883666922
0.775,0.0,15,-52.02981307008031
0.775,0.0,16,-50.26679235816752
0.775,0.0,17,-48.54925518367901
0.775,0.0,18,-47.65958851454488
0.775,0.0,19,-45.43100055247584
0.775,0.0,20,-44.48661790683386
0.775,0.0,21,-43.27416383567174
0.775,0.0,22,-41.58353518866684
0.775,0.0,23,-40.740514364938406
0.775,0.0,24,-39.949032077267645
0.775,0.0,25,-38.6392536358847
0.775,0.0,26,-37.8657461900375
0.775,0.0,27,-37.39731753380272
0.775,0.0,28,-36.6837172334167
0.775,0.0,29,-36.30556275566798
0.775,0.0,30,-35.96120576775169
0.775,0.0,31,-34.193363114382166
0.775,0.0,32,-34.108336539470244
0.775,0.0,33,-31.61632850640177
0.775,0.0,34,-30.872435719213286
0.775,0.0,35,-28.8707957863069
0.775,0.0,36,-26.2332613128049
0.775,0.0,37,-25.56064126050147
0.775,0.0,38,-21.195575171234438
0.775,0.0,39,-21.063471601210054
0.775,0.0,40,-14.967355403073256
0.775,0.0,41,-7.799713692530489
0.775,0.0,42,-7.532341862584005
0.775,0.0,43,-5.9263006315474485
0.775,0.0,44,-4.69059109749162
0.775,0.0,45,-4.438321312035072
0.775,0.0,46,-3.4881271714135096
0.775,0.0,47,-2.9822316706116396
0.775,0.0,48,-2.1157105246420684
0.775,0.0,49,-1.3102300210435232
0.775,0.0,50,-0.274598141915817
0.775,0.0,51,0.7898157741588818
0.775,0.0,52,2.054439190207816
0.775,0.0,53,3.3355457982565184
0.775,0.0,54,4.753006180723389
0.775,0.0,55,6.275358331701213
0.775,0.0,56,7.912863980967131
0.775,0.0,57,9.621471851245971
0.775,0.0,58,11.403401164588217
0.775,0.0,59,13.273734694670324
0.775,0.0,60,15.168699445013928
0.775,0.0,61,16.944009404055578
0.775,0.0,62,16.977142703912374
0.775,0.0,63,17.045288846390108
0.775,0.0,64,18.447142091045635
0.775,0.0,65,18.729346709239724
0.775,0.0,66,18.78831426477944
0.775,0.0,67,19.46178874705396
0.775,0.0,68,19.70965708359158
0.775,0.0,69,20.061453988016964
0.775,0.0,70,20.475301367136794
0.775,0.0,71,20.816415855206017
0.775,0.0,72,21.053118852547584
0.775,0.0,73,21.323027983648856
0.775,0.0,74,21.75583783867823
0.775,0.0,75,21.77878180004618
0.775,0.0,76,22.288261176859308
0.775,0.0,77,22.89507643059992
0.775,0.0,78,22.92442086512184
0.775,0.0,79,25.33183585154545
0.775,0.0,80,31.462131598995967
0.775,0.0,81,33.071110870994445
0.775,0.0,82,35.87435339280467
0.775,0.0,83,36.37915298568663
0.775,0.0,84,37.967044916827724
0.775,0.0,85,39.86435081082911
0.775,0.0,86,40.42337861010515
0.775,0.0,87,42.14378981220669
0.775,0.0,88,42.46299539370055
0.775,0.0,89,43.80789850994731
0.775,0.0,90,44.926125261710034
0.775,0.0,91,45.63563390641768
0.775,0.0,92,46.87826806642544
0.775,0.0,93,47.21327466501445
0.775,0.0,94,48.25029556223819
0.775,0.0,95,49.362634971352335
0.775,0.0,96,50.36241045606273
0.775,0.0,97,51.2385161544445
0.775,0.0,98,51.513609674803284
0.775,0.0,99,52.4577904917224
0.775,0.0,100,53.34824688103147
0.775,0.0,101,53.72730353605916
0.775,0.0,102,54.49079645754588
0.775,0.0,103,56.78507669530901
0.775,0.0,104,59.086280882788856
0.775,0.0,105,61.49810184063181
0.775,0.0,106,64.2113076298874
0.775,0.0,107,65.58017495042628
0.775,0.0,108,67.14081404449793
0.775,0.0,109,69.05172536752303
0.775,0.0,110,70.91509687175882
0.775,0.0,111,72.4683673890774
0.775,0.0,112,74.59241251693064
0.775,0.0,113,76.99932412993176
0.775,0.0,114,79.5325287393804
0.775,0.0,115,82.64437330187637
0.775,0.0,116,86.0820415817214
0.775,0.0,117,90.88656980977466
0.775,0.0,118,95.85383858716503
0.8,0.0,1,-93.58037991174922
0.8,0.0,2,-86.45004877512002
0.8,0.0,3,-81.549582608567
0.8,0.0,4,-77.40078442415665
0.8,0.0,5,-74.86533341110689
0.8,0.0,6,-72.42954410277741
0.8,0.0,7,-69.00914845034302
0.8,0.0,8,-66.4355242093819
0.8,0.0,9,-64.79586532039804
0.8,0.0,10,-62.27572608663772
0.8,0.0,11,-59.99555407960307
0.8,0.0,12,-57.95113376010022
0.8,0.0,13,-55.25763564491015
0.8,0.0,14,-54.21095357303864
0.8,0.0,15,-51.96092505784151
0.8,0.0,16,-50.31325611410409
0.8,0.0,17,-48.5490724238752
0.8,0.0,18,-47.63880924513049
0.8,0.0,19,-45.48350904737117
0.8,0.0,20,-44.43715220705741
0.8,0.0,21,-43.254967810517314
0.8,0.0,22,-41.64565925346932
0.8,0.0,23,-40.70081635943836
0.8,0.0,24,-39.92367945307896
0.8,0.0,25,-38.684575795754796
0.8,0.0,26,-37.87463110413455
0.8,0.0,27,-37.401059567787
0.8,0.0,28,-36.64518509517919
0.8,0.0,29,-36.29096523844757
0.8,0.0,30,-35.9849628730195
0.8,0.0,31,-34.196915552205766
0.8,0.0,32,-34.09983901878693
0.8,0.0,33,-31.62542646919188
0.8,0.0,34,-30.871692135438806
0.8,0.0,35,-28.866155659834206
0.8,0.0,36,-26.23381390565028
0.8,0.0,37,-25.561829251699763
0.8,0.0,38,-21.19557175413773
0.8,0.0,39,-21.063057072604167
0.8,0.0,40,-14.967427939013916
0.8,0.0,41,-7.799794596754921
0.8,0.0,42,-7.532285469520005
0.8,0.0,43,-5.926076832546087
0.8,0.0,44,-4.694906019266469
0.8,0.0,45,-4.430073410643118
0.8,0.0,46,-3.5100746153029405
0.8,0.0,47,-2.949782920270593
0.8,0.0,48,-2.1410794148388845
0.8,0.0,49,-1.2940468917538084
0.8,0.0,50,-0.28479930880266124
0.8,0.0,51,0.79877855012883
0.8,0.0,52,2.046636903826183
0.8,0.0,53,3.341765537567426
0.8,0.0,54,4.748728346591136
0.8,0.0,55,6.277790596513086
0.8,0.0,56,7.911843079760985
0.8,0.0,57,9.621744168155288
0.8,0.0,58,11.4033776761663
0.8,0.0,59,13.273705377204848
0.8,0.0,60,15.168721479396979
0.8,0.0,61,16.943574692680215
0.8,0.0,62,16.975857059108325
0.8,0.0,63,17.0473171604224
0.8,0.0,64,18.444055154939974
0.8,0.0,65,18.729179286863356
0.8,0.0,66,18.792331365918194
0.8,0.0,67,19.46473384035221
0.8,0.0,68,19.70266177314832
0.8,0.0,69,20.060653622544507
0.8,0.0,70,20.49547632181398
0.8,0.0,71,20.774908414416316
0.8,0.0,72,21.09550246844526
0.8,0.0,73,21.306215042061424
0.8,0.0,74,21.730619379450612
0.8,0.0,75,21.80430122060577
0.8,0.0,76,22.287639984208695
0.8,0.0,77,22.89323407055004
0.8,0.0,78,22.92613277612213
0.8,0.0,79,25.331757190942398
0.8,0.0,80,31.462620315058942
0.8,0.0,81,33.07164701476629
0.8,0.0,82,35.869458225424516
0.8,0.0,83,36.378738868906716
0.8,0.0,84,37.97592677744078
0.8,0.0,85,39.853319336715636
0.8,0.0,86,40.43337622137332
0.8,0.0,87,42.14095813356509
0.8,0.0,88,42.45634176494455
0.8,0.0,89,43.801352509345584
0.8,0.0,90,44.96167784796024
0.8,0.0,91,45.63106588139859
0.8,0.0,92,46.769459727711464
0.8,0.0,93,47.313267296618214
0.8,0.0,94,48.27973587112113
0.8,0.0,95,49.279133955410686
0.8,0.0,96,50.42189362353324
0.8,0.0,97,51.194745699852525
0.8,0.0,98,51.5944452870679
0.8,0.0,99,52.4043752416573
0.8,0.0,100,53.25201576040018
0.8,0.0,101,53.81493185150788
0.8,0.0,102,54.507431635859135
0.8,0.0,103,56.779735703878075
0.8,0.0,104,59.07751972645966
0.8,0.0,105,61.53766610017823
0.8,0.0,106,64.16378332947875
0.8,0.0,107,65.55536099319625
0.8,0.0,108,67.16062567276802
0.8,0.0,109,69.07494966099472
0.8,0.0,110,70.96432251549307
0.8,0.0,111,72.40485786593129
0.8,0.0,112,74.62048260695978
0.8,0.0,113,76.96213451924727
0.8,0.0,114,79.55521553771916
0.8,0.0,115,82.6435961417545
0.8,0.0,116,86.08085335709715
0.8,0.0,117,90.88640019284689
0.8,0.0,118,95.85359630669288
0.825,0.0,1,-93.57910964339285
0.825,0.0,2,-86.46207675035436
0.825,0.0,3,-81.51789328795968
0.825,0.0,4,-77.43082611175765
0.825,0.0,5,-74.87475467583184
0.825,0.0,6,-72.42294573559289
0.825,0.0,7,-68.93353991046354
0.825,0.0,8,-66.53765956934916
0.825,0.0,9,-64.80838782946654
0.825,0.0,10,-62.1713414317978
0.825,0.0,11,-60.05318121884969
0.825,0.0,12,-57.954003765489944
0.825,0.0,13,-55.2831482401177
0.825,0.0,14,-54.14504883666976
0.825,0.0,15,-52.029813070080195
0.825,0.0,16,-50.26679235816721
0.825,0.0,17,-48.54925518367955
0.825,0.0,18,-47.65958851454499
0.825,0.0,19,-45.43100055247612
0.825,0.0,20,-44.48661790683383
0.825,0.0,21,-43.2741638356712
0.825,0.0,22,-41.58353518866687
0.825,0.0,23,-40.74051436493838
0.825,0.0,24,-39.9490320772677
0.825,0.0,25,-38.6392536358847
0.825,0.0,26,-37.86574619003767
0.825,0.0,27,-37.39731753380261
0.825,0.0,28,-36.68371723341647
0.825,0.0,29,-36.305562755668035
0.825,0.0,30,-35.96120576775189
0.825,0.0,31,-34.19336311438224
0.825,0.0,32,-34.10833653947047
0.825,0.0,33,-31.61632850640207
0.825,0.0,34,-30.872435719213428
0.825,0.0,35,-28.870795786306843
0.825,0.0,36,-26.23326131280531
0.825,0.0,37,-25.56064126050144
0.825,0.0,38,-21.19557517123461
0.825,0.0,39,-21.063471601209912
0.825,0.0,40,-14.967355403073725
0.825,0.0,41,-7.799713692530403
0.825,0.0,42,-7.532341862583991
0.825,0.0,43,-5.92630063154742
0.825,0.0,44,-4.690591097491605
0.825,0.0,45,-4.438321312035129
0.825,0.0,46,-3.4881271714135664
0.825,0.0,47,-2.982231670611654
0.825,0.0,48,-2.1157105246420826
0.825,0.0,49,-1.3102300210435658
0.825,0.0,50,-0.2745981419157886
0.825,0.0,51,0.7898157741588534
0.825,0.0,52,2.0544391902077876
0.825,0.0,53,3.3355457982565184
0.825,0.0,54,4.753006180723389
0.825,0.0,55,6.275358331701227
0.825,0.0,56,7.91286398096716
0.825,0.0,57,9.621471851245971
0.825,0.0,58,11.403401164588246
0.825,0.0,59,13.27373469467021
0.825,0.0,60,15.168699445013914
0.825,0.0,61,16.944009404055517
0.825,0.0,62,16.977142703912232
0.825,0.0,63,17.045288846390058
0.825,0.0,64,18.447142091045606
0.825,0.0,65,18.729346709239778
0.825,0.0,66,18.78831426477935
0.825,0.0,67,19.46178874705393
0.825,0.0,68,19.709657083591523
0.825,0.0,69,20.061453988016964
0.825,0.0,70,20.47530136713675
0.825,0.0,71,20.81641585520596
0.825,0.0,72,21.05311885254757
0.825,0.0,73,21.323027983648657
0.825,0.0,74,21.755837838678353
0.825,0.0,75,21.778781800046193
0.825,0.0,76,22.288261176859407
0.825,0.0,77,22.89507643059982
0.825,0.0,78,22.92442086512196
0.825,0.0,79,25.331835851545023
0.825,0.0,80,31.462131598995825
0.825,0.0,81,33.071110870994175
0.825,0.0,82,35.874353392804544
0.825,0.0,83,36.379152985686446
0.825,0.0,84,37.96704491682817
0.825,0.0,85,39.86435081082922
0.825,0.0,86,40.42337861010548
0.825,0.0,87,42.14378981220678
0.825,0.0,88,42.462995393700474
0.825,0.0,89,43.80789850994737
0.825,0.0,90,44.92612526170955
0.825,0.0,91,45.63563390641801
0.825,0.0,92,46.878268066425505
0.825,0.0,93,47.21327466501439
0.825,0.0,94,48.25029556223866
0.825,0.0,95,49.36263497135209
0.825,0.0,96,50.36241045606246
0.825,0.0,97,51.238516154444724
0.825,0.0,98,51.51360967480262
0.825,0.0,99,52.45779049172224
0.825,0.0,100,53.348246881031486
0.825,0.0,101,53.72730353605947
0.825,0.0,102,54.49079645754633
0.825,0.0,103,56.785076695308646
0.825,0.0,104,59.08628088278906
0.825,0.0,105,61.49810184063245
0.825,0.0,106,64.21130762988739
0.825,0.0,107,65.58017495042625
0.825,0.0,108,67.14081404449738
0.825,0.0,109,69.05172536752352
0.825,0.0,110,70.91509687175872
0.825,0.0,111,72.46836738907761
0.825,0.0,112,74.59241251693109
0.825,0.0,113,76.99932412993118
0.825,0.0,114,79.5325287393805
0.825,0.0,115,82.64437330187579
0.825,0.0,116,86.08204158172119
0.825,0.0,117,90.88656980977456
0.825,0.0,118,95.85383858716489
0.85,0.0,1,-93.58037991175053
0.85,0.0,2,-86.45004877512037
0.85,0.0,3,-81.54958260856671
0.85,0.0,4,-77.40078442415708
0.85,0.0,5,-74.86533341110703
0.85,0.0,6,-72.42954410277702
0.85,0.0,7,-69.00914845034288
0.85,0.0,8,-66.43552420938207
0.85,0.0,9,-64.79586532039801
0.85,0.0,10,-62.275726086637576
0.85,0.0,11,-59.9955540796029
0.85,0.0,12,-57.9511337600992
0.85,0.0,13,-55.25763564491038
0.85,0.0,14,-54.21095357303835
0.85,0.0,15,-51.96092505784125
0.85,0.0,16,-50.31325611410463
0.85,0.0,17,-48.54907242387526
0.85,0.0,18,-47.638809245130716
0.85,0.0,19,-45.48350904737231
0.85,0.0,20,-44.43715220705752
0.85,0.0,21,-43.25496781051703
0.85,0.0,22,-41.645659253470285
0.85,0.0,23,-40.700816359437255
0.85,0.0,24,-39.9236794530793
0.85,0.0,25,-38.68457579575556
0.85,0.0,26,-37.87463110413455
0.85,0.0,27,-37.401059567786234
0.85,0.0,28,-36.645185095179926
0.85,0.0,29,-36.290965238447995
0.85,0.0,30,-35.98496287301981
0.85,0.0,31,-34.196915552205965
0.85,0.0,32,-34.09983901878649
0.85,0.0,33,-31.625426469191808
0.85,0.0,34,-30.871692135438934
0.85,0.0,35,-28.866155659834234
0.85,0.0,36,-26.233813905649825
0.85,0.0,37,-25.561829251699777
0.85,0.0,38,-21.19557175413796
0.85,0.0,39,-21.063057072604053
0.85,0.0,40,-14.967427939013831
0.85,0.0,41,-7.799794596754992
0.85,0.0,42,-7.532285469520005
0.85,0.0,43,-5.9260768325461015
0.85,0.0,44,-4.6949060192664405
0.85,0.0,45,-4.430073410643118
0.85,0.0,46,-3.510074615302983
0.85,0.0,47,-2.9497829202705788
0.85,0.0,48,-2.141079414838913
0.85,0.0,49,-1.2940468917537657
0.85,0.0,50,-0.2847993088026044
0.85,0.0,51,0.79877855012883
0.85,0.0,52,2.0466369038262116
0.85,0.0,53,3.34176553756744
0.85,0.0,54,4.74872834659115
0.85,0.0,55,6.277790596513142
0.85,0.0,56,7.911843079760999
0.85,0.0,57,9.621744168155331
0.85,0.0,58,11.403377676166315
0.85,0.0,59,13.273705377204863
0.85,0.0,60,15.168721479397064
0.85,0.0,61,16.943574692680265
0.85,0.0,62,16.97585705910844
0.85,0.0,63,17.04731716042239
0.85,0.0,64,18.444055154939974
0.85,0.0,65,18.72917928686341
0.85,0.0,66,18.792331365918187
0.85,0.0,67,19.464733840352196
0.85,0.0,68,19.702661773148463
0.85,0.0,69,20.060653622544464
0.85,0.0,70,20.495476321813996
0.85,0.0,71,20.77490841441646
0.85,0.0,72,21.09550246844526
0.85,0.0,73,21.30621504206131
0.85,0.0,74,21.730619379450797
0.85,0.0,75,21.80430122060573
0.85,0.0,76,22.28763998420878
0.85,0.0,77,22.893234070549877
0.85,0.0,78,22.926132776122557
0.85,0.0,79,25.331757190942326
0.85,0.0,80,31.4626203150586
0.85,0.0,81,33.07164701476622
0.85,0.0,82,35.86945822542429
0.85,0.0,83,36.378738868906574
0.85,0.0,84,37.97592677744094
0.85,0.0,85,39.85331933671553
0.85,0.0,86,40.43337622137279
0.85,0.0,87,42.14095813356508
0.85,0.0,88,42.45634176494435
0.85,0.0,89,43.80135250934525
0.85,0.0,90,44.961677847960345
0.85,0.0,91,45.63106588139843
0.85,0.0,92,46.76945972771132
0.85,0.0,93,47.31326729661795
0.85,0.0,94,48.27973587112061
0.85,0.0,95,49.27913395541049
0.85,0.0,96,50.42189362353361
0.85,0.0,97,51.19474569985243
0.85,0.0,98,51.59444528706848
0.85,0.0,99,52.40437524165719
0.85,0.0,100,53.25201576040017
0.85,0.0,101,53.81493185150796
0.85,0.0,102,54.5074316358594
0.85,0.0,103,56.7797357038789
0.85,0.0,104,59.077519726459926
0.85,0.0,105,61.537666100177226
0.85,0.0,106,64.16378332947743
0.85,0.0,107,65.55536099319619
0.85,0.0,108,67.16062567276718
0.85,0.0,109,69.07494966099338
0.85,0.0,110,70.96432251549298
0.85,0.0,111,72.40485786593086
0.85,0.0,112,74.62048260695971
0.85,0.0,113,76.96213451924791
0.85,0.0,114,79.55521553771973
0.85,0.0,115,82.64359614175461
0.85,0.0,116,86.08085335709752
0.85,0.0,117,90.88640019284712
0.85,0.0,118,95.85359630669286
0.875,0.0,1,-93.57910964339283
0.875,0.0,2,-86.46207675035438
0.875,0.0,3,-81.51789328795974
0.875,0.0,4,-77.43082611175765
0.875,0.0,5,-74.87475467583235
0.875,0.0,6,-72.42294573559292
0.875,0.0,7,-68.93353991046368
0.875,0.0,8,-66.53765956934888
0.875,0.0,9,-64.80838782946645
0.875,0.0,10,-62.17134143179783
0.875,0.0,11,-60.05318121884994
0.875,0.0,12,-57.954003765489716
0.875,0.0,13,-55.283148240117754
0.875,0.0,14,-54.1450488366697
0.875,0.0,15,-52.02981307008028
0.875,0.0,16,-50.26679235816712
0.875,0.0,17,-48.549255183679264
0.875,0.0,18,-47.65958851454528
0.875,0.0,19,-45.43100055247595
0.875,0.0,20,-44.48661790683394
0.875,0.0,21,-43.274163835671516
0.875,0.0,22,-41.58353518866676
0.875,0.0,23,-40.74051436493846
0.875,0.0,24,-39.94903207726776
0.875,0.0,25,-38.63925363588473
0.875,0.0,26,-37.86574619003747
0.875,0.0,27,-37.39731753380241
0.875,0.0,28,-36.68371723341659
0.875,0.0,29,-36.305562755667694
0.875,0.0,30,-35.96120576775169
0.875,0.0,31,-34.19336311438219
0.875,0.0,32,-34.10833653947047
0.875,0.0,33,-31.616328506402056
0.875,0.0,34,-30.872435719213357
0.875,0.0,35,-28.8707957863067
0.875,0.0,36,-26.23326131280521
0.875,0.0,37,-25.5606412605014
0.875,0.0,38,-21.195575171234594
0.875,0.0,39,-21.063471601209883
0.875,0.0,40,-14.967355403073654
0.875,0.0,41,-7.799713692530418
0.875,0.0,42,-7.532341862584019
0.875,0.0,43,-5.9263006315474485
0.875,0.0,44,-4.690591097491634
0.875,0.0,45,-4.438321312035157
0.875,0.0,46,-3.4881271714135806
0.875,0.0,47,-2.982231670611654
0.875,0.0,48,-2.115710524642097
0.875,0.0,49,-1.3102300210435658
0.875,0.0,50,-0.274598141915817
0.875,0.0,51,0.789815774158825
0.875,0.0,52,2.054439190207802
0.875,0.0,53,3.3355457982565184
0.875,0.0,54,4.753006180723347
0.875,0.0,55,6.275358331701256
0.875,0.0,56,7.912863980967074
0.875,0.0,57,9.621471851245971
0.875,0.0,58,11.40340116458826
0.875,0.0,59,13.273734694670253
0.875,0.0,60,15.168699445013957
0.875,0.0,61,16.944009404055553
0.875,0.0,62,16.977142703912346
0.875,0.0,63,17.045288846390093
0.875,0.0,64,18.44714209104565
0.875,0.0,65,18.729346709239746
0.875,0.0,66,18.788314264779466
0.875,0.0,67,19.461788747053944
0.875,0.0,68,19.709657083591438
0.875,0.0,69,20.06145398801695
0.875,0.0,70,20.475301367136865
0.875,0.0,71,20.81641585520609
0.875,0.0,72,21.053118852547527
0.875,0.0,73,21.323027983648643
0.875,0.0,74,21.75583783867829
0.875,0.0,75,21.778781800046094
0.875,0.0,76,22.288261176859308
0.875,0.0,77,22.895076430599904
0.875,0.0,78,22.924420865121913
0.875,0.0,79,25.33183585154528
0.875,0.0,80,31.462131598995896
0.875,0.0,81,33.07111087099431
0.875,0.0,82,35.8743533928045
0.875,0.0,83,36.37915298568651
0.875,0.0,84,37.96704491682803
0.875,0.0,85,39.86435081082916
0.875,0.0,86,40.42337861010532
0.875,0.0,87,42.14378981220677
0.875,0.0,88,42.46299539370058
0.875,0.0,89,43.807898509947265
0.875,0.0,90,44.926125261709785
0.875,0.0,91,45.63563390641731
0.875,0.0,92,46.87826806642558
0.875,0.0,93,47.213274665014126
0.875,0.0,94,48.25029556223815
0.875,0.0,95,49.36263497135278
0.875,0.0,96,50.36241045606294
0.875,0.0,97,51.23851615444481
0.875,0.0,98,51.513609674802815
0.875,0.0,99,52.45779049172242
0.875,0.0,100,53.34824688103148
0.875,0.0,101,53.72730353605923
0.875,0.0,102,54.490796457546075
0.875,0.0,103,56.78507669530848
0.875,0.0,104,59.08628088278915
0.875,0.0,105,61.498101840632195
0.875,0.0,106,64.2113076298873
0.875,0.0,107,65.58017495042648
0.875,0.0,108,67.14081404449783
0.875,0.0,109,69.05172536752312
0.875,0.0,110,70.91509687175859
0.875,0.0,111,72.46836738907737
0.875,0.0,112,74.59241251693099
0.875,0.0,113,76.9993241299313
0.875,0.0,114,79.53252873938044
0.875,0.0,115,82.64437330187653
0.875,0.0,116,86.08204158172144
0.875,0.0,117,90.88656980977478
0.875,0.0,118,95.85383858716514
0.9,0.0,1,-93.58037991174956
0.9,0.0,2,-86.45004877511988
0.9,0.0,3,-81.54958260856674
0.9,0.0,4,-77.40078442415663
0.9,0.0,5,-74.86533341110683
0.9,0.0,6,-72.42954410277687
0.9,0.0,7,-69.00914845034353
0.9,0.0,8,-66.43552420938252
0.9,0.0,9,-64.79586532039787
0.9,0.0,10,-62.27572608663752
0.9,0.0,11,-59.995554079602954
0.9,0.0,12,-57.951133760100134
0.9,0.0,13,-55.257635644910636
0.9,0.0,14,-54.21095357303852
0.9,0.0,15,-51.96092505784105
0.9,0.0,16,-50.3132561141048
0.9,0.0,17,-48.549072423874634
0.9,0.0,18,-47.638809245130915
0.9,0.0,19,-45.48350904737234
0.9,0.0,20,-44.4371522070569
0.9,0.0,21,-43.25496781051743
0.9,0.0,22,-41.6456592534704
0.9,0.0,23,-40.70081635943714
0.9,0.0,24,-39.923679453079586
0.9,0.0,25,-38.684575795754796
0.9,0.0,26,-37.874631104134096
0.9,0.0,27,-37.40105956778615
0.9,0.0,28,-36.645185095179556
0.9,0.0,29,-36.290965238447995
0.9,0.0,30,-35.984962873019526
0.9,0.0,31,-34.19691555220629
0.9,0.0,32,-34.09983901878645
0.9,0.0,33,-31.625426469191908
0.9,0.0,34,-30.871692135438565
0.9,0.0,35,-28.86615565983405
0.9,0.0,36,-26.233813905650493
0.9,0.0,37,-25.561829251699777
0.9,0.0,38,-21.195571754137717
0.9,0.0,39,-21.063057072604025
0.9,0.0,40,-14.967427939014243
0.9,0.0,41,-7.799794596754978
0.9,0.0,42,-7.532285469519991
0.9,0.0,43,-5.926076832546201
0.9,0.0,44,-4.694906019266369
0.9,0.0,45,-4.430073410643132
0.9,0.0,46,-3.5100746153029263
0.9,0.0,47,-2.9497829202705503
0.9,0.0,48,-2.141079414838913
0.9,0.0,49,-1.29404689175378
0.9,0.0,50,-0.2847993088026328
0.9,0.0,51,0.7987785501288158
0.9,0.0,52,2.04663690382624
0.9,0.0,53,3.3417655375674684
0.9,0.0,54,4.7487283465911645
0.9,0.0,55,6.277790596513114
0.9,0.0,56,7.91184307976107
0.9,0.0,57,9.621744168155303
0.9,0.0,58,11.4033776761664
0.9,0.0,59,13.273705377204891
0.9,0.0,60,15.168721479397163
0.9,0.0,61,16.943574692680205
0.9,0.0,62,16.975857059108378
0.9,0.0,63,17.04731716042241
0.9,0.0,64,18.444055154939903
0.9,0.0,65,18.729179286863367
0.9,0.0,66,18.792331365918233
0.9,0.0,67,19.464733840352267
0.9,0.0,68,19.702661773148307
0.9,0.0,69,20.06065362254452
0.9,0.0,70,20.495476321813996
0.9,0.0,71,20.77490841441653
0.9,0.0,72,21.095502468445446
0.9,0.0,73,21.30621504206114
0.9,0.0,74,21.73061937945082
0.9,0.0,75,21.804301220605453
0.9,0.0,76,22.28763998420905
0.9,0.0,77,22.893234070550058
0.9,0.0,78,22.926132776122547
0.9,0.0,79,25.331757190942298
0.9,0.0,80,31.462620315059084
0.9,0.0,81,33.07164701476627
0.9,0.0,82,35.86945822542459
0.9,0.0,83,36.37873886890671
0.9,0.0,84,37.97592677744063
0.9,0.0,85,39.85331933671589
0.9,0.0,86,40.43337622137306
0.9,0.0,87,42.1409581335654
0.9,0.0,88,42.45634176494488
0.9,0.0,89,43.801352509344504
0.9,0.0,90,44.96167784796006
0.9,0.0,91,45.63106588139853
0.9,0.0,92,46.7694597277116
0.9,0.0,93,47.31326729661807
0.9,0.0,94,48.2797358711204
0.9,0.0,95,49.27913395541113
0.9,0.0,96,50.42189362353371
0.9,0.0,97,51.19474569985294
0.9,0.0,98,51.59444528706804
0.9,0.0,99,52.40437524165598
0.9,0.0,100,53.25201576039987
0.9,0.0,101,53.81493185150931
0.9,0.0,102,54.50743163585867
0.9,0.0,103,56.7797357038793
0.9,0.0,104,59.077519726459535
0.9,0.0,105,61.53766610017799
0.9,0.0,106,64.16378332947814
0.9,0.0,107,65.55536099319646
0.9,0.0,108,67.16062567276713
0.9,0.0,109,69.07494966099185
0.9,0.0,110,70.96432251549113
0.9,0.0,111,72.40485786593015
0.9,0.0,112,74.62048260695882
0.9,0.0,113,76.96213451924797
0.9,0.0,114,79.55521553771871
0.9,0.0,115,82.64359614175463
0.9,0.0,116,86.08085335709761
0.9,0.0,117,90.88640019284756
0.9,0.0,118,95.85359630669282
0.925,0.0,1,-93.5791096433928
0.925,0.0,2,-86.4620767503541
0.925,0.0,3,-81.51789328796016
0.925,0.0,4,-77.43082611175785
0.925,0.0,5,-74.87475467583187
0.925,0.0,6,-72.42294573559295
0.925,0.0,7,-68.9335399104634
0.925,0.0,8,-66.53765956934873
0.925,0.0,9,-64.80838782946631
0.925,0.0,10,-62.1713414317978
0.925,0.0,11,-60.05318121885003
0.925,0.0,12,-57.954003765490256
0.925,0.0,13,-55.283148240117924
0.925,0.0,14,-54.145048836668934
0.925,0.0,15,-52.02981307008045
0.925,0.0,16,-50.266792358167436
0.925,0.0,17,-48.549255183679264
0.925,0.0,18,-47.659588514544936
0.925,0.0,19,-45.43100055247592
0.925,0.0,20,-44.48661790683377
0.925,0.0,21,-43.27416383567194
0.925,0.0,22,-41.58353518866642
0.925,0.0,23,-40.74051436493866
0.925,0.0,24,-39.94903207726773
0.925,0.0,25,-38.6392536358847
0.925,0.0,26,-37.865746190037726
0.925,0.0,27,-37.39731753380266
0.925,0.0,28,-36.683717233416246
0.925,0.0,29,-36.30556275566778
0.925,0.0,30,-35.96120576775158
0.925,0.0,31,-34.193363114382265
0.925,0.0,32,-34.10833653947055
0.925,0.0,33,-31.6163285064018
0.925,0.0,34,-30.872435719213357
0.925,0.0,35,-28.8707957863069
0.925,0.0,36,-26.233261312804842
0.925,0.0,37,-25.560641260501413
0.925,0.0,38,-21.195575171234566
0.925,0.0,39,-21.063471601210054
0.925,0.0,40,-14.967355403073327
0.925,0.0,41,-7.799713692530517
0.925,0.0,42,-7.532341862584033
0.925,0.0,43,-5.926300631547463
0.925,0.0,44,-4.690591097491634
0.925,0.0,45,-4.438321312035114
0.925,0.0,46,-3.488127171413595
0.925,0.0,47,-2.9822316706116823
0.925,0.0,48,-2.115710524642097
0.925,0.0,49,-1.3102300210435516
0.925,0.0,50,-0.2745981419158028
0.925,0.0,51,0.7898157741588676
0.925,0.0,52,2.054439190207802
0.925,0.0,53,3.33554579825649
0.925,0.0,54,4.753006180723375
0.925,0.0,55,6.275358331701213
0.925,0.0,56,7.91286398096716
0.925,0.0,57,9.621471851245971
0.925,0.0,58,11.403401164588246
0.925,0.0,59,13.273734694670281
0.925,0.0,60,15.168699445013885
0.925,0.0,61,16.944009404055635
0.925,0.0,62,16.977142703912538
0.925,0.0,63,17.045288846390157
0.925,0.0,64,18.44714209104565
0.925,0.0,65,18.729346709239792
0.925,0.0,66,18.78831426477946
0.925,0.0,67,19.46178874705393
0.925,0.0,68,19.70965708359161
0.925,0.0,69,20.061453988017092
0.925,0.0,70,20.475301367136808
0.925,0.0,71,20.81641585520586
0.925,0.0,72,21.0531188525476
0.925,0.0,73,21.323027983648856
0.925,0.0,74,21.755837838678328
0.925,0.0,75,21.778781800046144
0.925,0.0,76,22.288261176859436
0.925,0.0,77,22.89507643059975
0.925,0.0,78,22.924420865122144
0.925,0.0,79,25.331835851544838
0.925,0.0,80,31.462131598995768
0.925,0.0,81,33.07111087099393
0.925,0.0,82,35.87435339280454
0.925,0.0,83,36.379152985686055
0.925,0.0,84,37.96704491682797
0.925,0.0,85,39.86435081082904
0.925,0.0,86,40.42337861010551
0.925,0.0,87,42.143789812206855
0.925,0.0,88,42.46299539370044
0.925,0.0,89,43.8078985099472
0.925,0.0,90,44.926125261710055
0.925,0.0,91,45.63563390641802
0.925,0.0,92,46.878268066426266
0.925,0.0,93,47.21327466501434
0.925,0.0,94,48.25029556223837
0.925,0.0,95,49.36263497135146
0.925,0.0,96,50.36241045606233
0.925,0.0,97,51.23851615444421
0.925,0.0,98,51.513609674802815
0.925,0.0,99,52.457790491722534
0.925,0.0,100,53.34824688103159
0.925,0.0,101,53.727303536058685
0.925,0.0,102,54.49079645754604
0.925,0.0,103,56.785076695309385
0.925,0.0,104,59.08628088278954
0.925,0.0,105,61.498101840632366
0.925,0.0,106,64.21130762988759
0.925,0.0,107,65.58017495042692
0.925,0.0,108,67.1408140444982
0.925,0.0,109,69.05172536752391
0.925,0.0,110,70.9150968717587
0.925,0.0,111,72.4683673890773
0.925,0.0,112,74.59241251693112
0.925,0.0,113,76.99932412993056
0.925,0.0,114,79.53252873937979
0.925,0.0,115,82.64437330187602
0.925,0.0,116,86.08204158172131
0.925,0.0,117,90.88656980977463
0.925,0.0,118,95.85383858716494
0.95,0.0,1,-93.58037991175075
0.95,0.0,2,-86.45004877512011
0.95,0.0,3,-81.549582608567
0.95,0.0,4,-77.40078442415734
0.95,0.0,5,-74.86533341110683
0.95,0.0,6,-72.42954410277727
0.95,0.0,7,-69.00914845034339
0.95,0.0,8,-66.43552420938278
0.95,0.0,9,-64.79586532039818
0.95,0.0,10,-62.275726086637604
0.95,0.0,11,-59.99555407960358
0.95,0.0,12,-57.95113376009974
0.95,0.0,13,-55.25763564491058
0.95,0.0,14,-54.21095357303864
0.95,0.0,15,-51.96092505784159
0.95,0.0,16,-50.31325611410395
0.95,0.0,17,-48.5490724238756
0.95,0.0,18,-47.63880924513097
0.95,0.0,19,-45.48350904737276
0.95,0.0,20,-44.43715220705795
0.95,0.0,21,-43.25496781051751
0.95,0.0,22,-41.64565925347017
0.95,0.0,23,-40.70081635943666
0.95,0.0,24,-39.92367945307893
0.95,0.0,25,-38.68457579575551
0.95,0.0,26,-37.87463110413435
0.95,0.0,27,-37.40105956778629
0.95,0.0,28,-36.645185095179386
0.95,0.0,29,-36.29096523844808
0.95,0.0,30,-35.98496287301995
0.95,0.0,31,-34.19691555220605
0.95,0.0,32,-34.099839018786234
0.95,0.0,33,-31.625426469191538
0.95,0.0,34,-30.87169213543855
0.95,0.0,35,-28.866155659833993
0.95,0.0,36,-26.233813905650095
0.95,0.0,37,-25.56182925169948
0.95,0.0,38,-21.195571754137717
0.95,0.0,39,-21.063057072603954
0.95,0.0,40,-14.967427939013788
0.95,0.0,41,-7.799794596755035
0.95,0.0,42,-7.532285469519877
0.95,0.0,43,-5.9260768325460305
0.95,0.0,44,-4.694906019266355
0.95,0.0,45,-4.430073410643175
0.95,0.0,46,-3.510074615302969
0.95,0.0,47,-2.949782920270607
0.95,0.0,48,-2.141079414838927
0.95,0.0,49,-1.29404689175378
0.95,0.0,50,-0.2847993088026328
0.95,0.0,51,0.79877855012883
0.95,0.0,52,2.04663690382624
0.95,0.0,53,3.341765537567426
0.95,0.0,54,4.7487283465911645
0.95,0.0,55,6.277790596513142
0.95,0.0,56,7.91184307976107
0.95,0.0,57,9.621744168155317
0.95,0.0,58,11.403377676166329
0.95,0.0,59,13.273705377204891
0.95,0.0,60,15.168721479397107
0.95,0.0,61,16.943574692680297
0.95,0.0,62,16.975857059108435
0.95,0.0,63,17.04731716042241
0.95,0.0,64,18.444055154940074
0.95,0.0,65,18.729179286863474
0.95,0.0,66,18.792331365918127
0.95,0.0,67,19.464733840352224
0.95,0.0,68,19.702661773148506
0.95,0.0,69,20.06065362254465
0.95,0.0,70,20.495476321814095
0.95,0.0,71,20.774908414416572
0.95,0.0,72,21.09550246844543
0.95,0.0,73,21.30621504206131
0.95,0.0,74,21.73061937945082
0.95,0.0,75,21.804301220605442
0.95,0.0,76,22.287639984208596
0.95,0.0,77,22.893234070550157
0.95,0.0,78,22.926132776122557
0.95,0.0,79,25.331757190942312
0.95,0.0,80,31.462620315058444
0.95,0.0,81,33.07164701476646
0.95,0.0,82,35.869458225424324
0.95,0.0,83,36.37873886890679
0.95,0.0,84,37.97592677744093
0.95,0.0,85,39.853319336715714
0.95,0.0,86,40.433376221373194
0.95,0.0,87,42.140958133564844
0.95,0.0,88,42.456341764944625
0.95,0.0,89,43.801352509344376
0.95,0.0,90,44.96167784795991
0.95,0.0,91,45.631065881398264
0.95,0.0,92,46.76945972771151
0.95,0.0,93,47.31326729661802
0.95,0.0,94,48.27973587112167
0.95,0.0,95,49.279133955411
0.95,0.0,96,50.42189362353398
0.95,0.0,97,51.19474569985226
0.95,0.0,98,51.59444528706883
0.95,0.0,99,52.404375241656844
0.95,0.0,100,53.25201576040025
0.95,0.0,101,53.81493185150802
0.95,0.0,102,54.50743163585846
0.95,0.0,103,56.77973570387934
0.95,0.0,104,59.07751972645999
0.95,0.0,105,61.53766610017836
0.95,0.0,106,64.16378332947644
0.95,0.0,107,65.55536099319674
0.95,0.0,108,67.16062567276677
0.95,0.0,109,69.07494966099202
0.95,0.0,110,70.96432251549187
0.95,0.0,111,72.40485786593013
0.95,0.0,112,74.62048260695971
0.95,0.0,113,76.96213451924778
0.95,0.0,114,79.55521553772039
0.95,0.0,115,82.64359614175433
0.95,0.0,116,86.08085335709842
0.95,0.0,117,90.88640019284733
0.95,0.0,118,95.85359630669296
0.975,0.0,1,-93.57910964339291
0.975,0.0,2,-86.46207675035433
0.975,0.0,3,-81.51789328796036
0.975,0.0,4,-77.4308261117582
0.975,0.0,5,-74.87475467583229
0.975,0.0,6,-72.42294573559363
0.975,0.0,7,-68.93353991046368
0.975,0.0,8,-66.53765956934899
0.975,0.0,9,-64.80838782946645
0.975,0.0,10,-62.17134143179763
0.975,0.0,11,-60.053181218849915
0.975,0.0,12,-57.95400376548983
0.975,0.0,13,-55.283148240117555
0.975,0.0,14,-54.14504883666973
0.975,0.0,15,-52.02981307008051
0.975,0.0,16,-50.26679235816695
0.975,0.0,17,-48.54925518367935
0.975,0.0,18,-47.65958851454539
0.975,0.0,19,-45.43100055247589
0.975,0.0,20,-44.48661790683437
0.975,0.0,21,-43.2741638356718
0.975,0.0,22,-41.58353518866676
0.975,0.0,23,-40.74051436493852
0.975,0.0,24,-39.9490320772677
0.975,0.0,25,-38.63925363588473
0.975,0.0,26,-37.86574619003764
0.975,0.0,27,-37.39731753380252
0.975,0.0,28,-36.68371723341659
0.975,0.0,29,-36.30556275566801
0.975,0.0,30,-35.96120576775152
0.975,0.0,31,-34.19336311438234
0.975,0.0,32,-34.10833653947038
0.975,0.0,33,-31.61632850640183
0.975,0.0,34,-30.872435719213172
0.975,0.0,35,-28.87079578630683
0.975,0.0,36,-26.23326131280477
0.975,0.0,37,-25.560641260501427
0.975,0.0,38,-21.195575171234452
0.975,0.0,39,-21.063471601209855
0.975,0.0,40,-14.967355403073284
0.975,0.0,41,-7.799713692530503
0.975,0.0,42,-7.532341862583991
0.975,0.0,43,-5.926300631547406
0.975,0.0,44,-4.690591097491634
0.975,0.0,45,-4.4383213120351
0.975,0.0,46,-3.488127171413524
0.975,0.0,47,-2.982231670611654
0.975,0.0,48,-2.115710524642097
0.975,0.0,49,-1.3102300210435658
0.975,0.0,50,-0.274598141915817
0.975,0.0,51,0.789815774158896
0.975,0.0,52,2.0544391902077734
0.975,0.0,53,3.335545798256476
0.975,0.0,54,4.753006180723347
0.975,0.0,55,6.275358331701199
0.975,0.0,56,7.912863980967089
0.975,0.0,57,9.6214718512459
0.975,0.0,58,11.403401164588232
0.975,0.0,59,13.273734694670324
0.975,0.0,60,15.168699445013942
0.975,0.0,61,16.944009404055645
0.975,0.0,62,16.977142703912367
0.975,0.0,63,17.04528884639014
0.975,0.0,64,18.447142091045677
0.975,0.0,65,18.729346709239778
0.975,0.0,66,18.78831426477938
0.975,0.0,67,19.461788747053916
0.975,0.0,68,19.70965708359155
0.975,0.0,69,20.061453988017192
0.975,0.0,70,20.47530136713675
0.975,0.0,71,20.816415855205847
0.975,0.0,72,21.05311885254764
0.975,0.0,73,21.3230279836489
0.975,0.0,74,21.755837838678136
0.975,0.0,75,21.77878180004606
0.975,0.0,76,22.288261176859265
0.975,0.0,77,22.89507643059994
0.975,0.0,78,22.92442086512206
0.975,0.0,79,25.331835851545307
0.975,0.0,80,31.46213159899594
0.975,0.0,81,33.07111087099429
0.975,0.0,82,35.87435339280453
0.975,0.0,83,36.37915298568642
0.975,0.0,84,37.9670449168282
0.975,0.0,85,39.86435081082894
0.975,0.0,86,40.42337861010538
0.975,0.0,87,42.14378981220681
0.975,0.0,88,42.46299539370053
0.975,0.0,89,43.80789850994728
0.975,0.0,90,44.92612526171019
0.975,0.0,91,45.63563390641867
0.975,0.0,92,46.87826806642597
0.975,0.0,93,47.21327466501401
0.975,0.0,94,48.25029556223838
0.975,0.0,95,49.3626349713517
0.975,0.0,96,50.36241045606235
0.975,0.0,97,51.23851615444395
0.975,0.0,98,51.513609674802304
0.975,0.0,99,52.45779049172255
0.975,0.0,100,53.34824688103164
0.975,0.0,101,53.72730353605882
0.975,0.0,102,54.490796457546395
0.975,0.0,103,56.78507669530836
0.975,0.0,104,59.08628088278943
0.975,0.0,105,61.49810184063241
0.975,0.0,106,64.2113076298884
0.975,0.0,107,65.58017495042601
0.975,0.0,108,67.14081404449858
0.975,0.0,109,69.05172536752357
0.975,0.0,110,70.91509687175977
0.975,0.0,111,72.46836738907737
0.975,0.0,112,74.5924125169304
0.975,0.0,113,76.99932412993087
0.975,0.0,114,79.53252873937998
0.975,0.0,115,82.64437330187653
0.975,0.0,116,86.08204158172141
0.975,0.0,117,90.88656980977413
0.975,0.0,118,95.853838587165
0.0,0.025,1,-93.61422732420526
0.0,0.025,2,-86.28829606552871
0.0,0.025,3,-81.03691961473034
0.0,0.025,4,-78.58211304349483
0.0,0.025,5,-74.39420947269254
0.0,0.025,6,-71.23786773263866
0.0,0.025,7,-70.30896558485718
0.0,0.025,8,-66.10912668690456
0.0,0.025,9,-64.4051847377326
0.0,0.025,10,-62.60931007368397
0.0,0.025,11,-59.831676040410386
0.0,0.025,12,-57.48499387405742
0.0,0.025,13,-56.266271933355526
0.0,0.025,14,-53.422740464390145
0.0,0.025,15,-51.854288758641204
0.0,0.025,16,-50.89413312183616
0.0,0.025,17,-48.169445311628365
0.0,0.025,18,-47.60466678767186
0.0,0.025,19,-45.92354893822342
0.0,0.025,20,-44.0751348244995
0.0,0.025,21,-43.14005112109028
0.0,0.025,22,-42.08374460692228
0.0,0.025,23,-40.378486460412105
0.0,0.025,24,-39.860288010108704
0.0,0.025,25,-38.993714803115026
0.0,0.025,26,-37.69859126663785
0.0,0.025,27,-37.23460731823464
0.0,0.025,28,-36.82974036825955
0.0,0.025,29,-36.31058374704536
0.0,0.025,30,-35.91225007909351
0.0,0.025,31,-34.20587576254125
0.0,0.025,32,-34.096067219954826
0.0,0.025,33,-31.621361886474304
0.0,0.025,34,-30.87354479150659
0.0,0.025,35,-28.86048091357354
0.0,0.025,36,-26.230494527018394
0.0,0.025,37,-25.560805739920212
0.0,0.025,38,-21.194585418318965
0.0,0.025,39,-21.064641392071792
0.0,0.025,40,-14.967241380847199
0.0,0.025,41,-7.808927877236144
0.0,0.025,42,-7.531259179460932
0.0,0.025,43,-5.919032216539463
0.0,0.025,44,-4.6363438008345526
0.0,0.025,45,-4.4544763561898435
0.0,0.025,46,-3.5453291239242617
0.0,0.025,47,-2.8614801908426557
0.0,0.025,48,-2.1916306039929623
0.0,0.025,49,-1.237300839434468
0.0,0.025,50,-0.3190468644902751
0.0,0.025,51,0.8600270149901661
0.0,0.025,52,2.026915234551737
0.0,0.025,53,3.367220835833436
0.0,0.025,54,4.748169299138965
0.0,0.025,55,6.280872254800343
0.0,0.025,56,7.907345160481896
0.0,0.025,57,9.620581004117085
0.0,0.025,58,11.409581569365287
0.0,0.025,59,13.271833826074243
0.0,0.025,60,15.179020943832384
0.0,0.025,61,16.944667765583105
0.0,0.025,62,16.972338899713993
0.0,0.025,63,17.044172325738398
0.0,0.025,64,18.42837486543104
0.0,0.025,65,18.698165910869818
0.0,0.025,66,18.756065003178676
0.0,0.025,67,19.39870376162274
0.0,0.025,68,19.64699317935029
0.0,0.025,69,20.11244981368783
0.0,0.025,70,20.48615238711166
0.0,0.025,71,20.81196868422755
0.0,0.025,72,21.09133475585068
0.0,0.025,73,21.324614582694025
0.0,0.025,74,21.742539660984036
0.0,0.025,75,21.833988790495
0.0,0.025,76,22.289359748053684
0.0,0.025,77,22.857248035854045
0.0,0.025,78,22.923639220890944
0.0,0.025,79,25.331547193016732
0.0,0.025,80,31.463544185240224
0.0,0.025,81,33.06631797951048
0.0,0.025,82,35.86542372356137
0.0,0.025,83,36.39006680940215
0.0,0.025,84,38.00971665029341
0.0,0.025,85,39.87846435114647
0.0,0.025,86,40.44283656962301
0.0,0.025,87,42.237124694888
0.0,0.025,88,42.4466726432862
0.0,0.025,89,43.74016906200006
0.0,0.025,90,45.2766916179199
0.0,0.025,91,45.61745578929494
0.0,0.025,92,46.84614735197484
0.0,0.025,93,47.07326138584522
0.0,0.025,94,48.66193552077921
0.0,0.025,95,49.33333912288002
0.0,0.025,96,50.10540909594651
0.0,0.025,97,50.98755343621837
0.0,0.025,98,51.83049042548807
0.0,0.025,99,52.53204263213527
0.0,0.025,100,53.143693427113796
0.0,0.025,101,53.67518912899914
0.0,0.025,102,54.584678943211294
0.0,0.025,103,56.79512494817633
0.0,0.025,104,59.09937193542103
0.0,0.025,105,61.56680233687544
0.0,0.025,106,64.15099815582974
0.0,0.025,107,65.69748261537339
0.0,0.025,108,66.78724304542735
0.0,0.025,109,69.30972195925247
0.0,0.025,110,70.75454677464808
0.0,0.025,111,72.44494668419577
0.0,0.025,112,74.7051644830325
0.0,0.025,113,76.80298740494227
0.0,0.025,114,79.68119905008543
0.0,0.025,115,82.63222441336433
0.0,0.025,116,86.26674332428595
0.0,0.025,117,91.27351686574491
0.0,0.025,118,96.7912933816386
0.025,0.025,1,-93.60967953807493
0.025,0.025,2,-86.28351346804526
0.025,0.025,3,-81.21445243231058
0.025,0.025,4,-78.17359624943454
0.025,0.025,5,-74.86505468315788
0.025,0.025,6,-71.39879653084152
0.025,0.025,7,-69.2688742304757
0.025,0.025,8,-67.4700783700503
0.025,0.025,9,-63.0812077646123
0.025,0.025,10,-62.698625666815715
0.025,0.025,11,-60.76988112935949
0.025,0.025,12,-57.18187198580084
0.025,0.025,13,-55.55592049814571
0.025,0.025,14,-54.41706713708122
0.025,0.025,15,-51.43975024669662
0.025,0.025,16,-50.5962671367344
0.025,0.025,17,-49.02249181879854
0.025,0.025,18,-47.007598766273176
0.025,0.025,19,-45.39307596452373
0.025,0.025,20,-45.07481821557603
0.025,0.025,21,-42.6869489337942
0.025,0.025,22,-41.59326587860606
0.025,0.025,23,-41.32970254565181
0.025,0.025,24,-39.396248191251445
0.025,0.025,25,-38.73381064836225
0.025,0.025,26,-38.25454708600343
0.025,0.025,27,-36.87105699057152
0.025,0.025,28,-36.74224110255254
0.025,0.025,29,-36.54550453020205
0.025,0.025,30,-35.88239901942198
0.025,0.025,31,-34.20331256729228
0.025,0.025,32,-34.09584399497883
0.025,0.025,33,-31.61970950747657
0.025,0.025,34,-30.874461301870653
0.025,0.025,35,-28.861281658614132
0.025,0.025,36,-26.230512344504234
0.025,0.025,37,-25.560439028383257
0.025,0.025,38,-21.194729071128705
0.025,0.025,39,-21.06446934604665
0.025,0.025,40,-14.967274900373837
0.025,0.025,41,-7.807578760022054
0.025,0.025,42,-7.5337430374175085
0.025,0.025,43,-5.908777266543154
0.025,0.025,44,-4.769040015767047
0.025,0.025,45,-4.2463669342620705
0.025,0.025,46,-3.6821481716862223
0.025,0.025,47,-2.800823839441861
0.025,0.025,48,-2.176846396526301
0.025,0.025,49,-1.2866578552919918
0.025,0.025,50,-0.27711804900960146
0.025,0.025,51,0.8342838980435943
0.025,0.025,52,2.043926211742459
0.025,0.025,53,3.3553796159013984
0.025,0.025,54,4.755289636540084
0.025,0.025,55,6.277945269910845
0.025,0.025,56,7.908060175852768
0.025,0.025,57,9.62052106776423
0.025,0.025,58,11.409619073602585
0.025,0.025,59,13.271757028452896
0.025,0.025,60,15.179064143854617
0.025,0.025,61,16.946561913352177
0.025,0.025,62,16.97221281904817
0.025,0.025,63,17.041964491044357
0.025,0.025,64,18.432640577464554
0.025,0.025,65,18.69796300740706
0.025,0.025,66,18.751046640739524
0.025,0.025,67,19.39671943765778
0.025,0.025,68,19.65625741565124
0.025,0.025,69,20.094877186817342
0.025,0.025,70,20.505694951000052
0.025,0.025,71,20.830856530770788
0.025,0.025,72,21.026545515483463
0.025,0.025,73,21.385071302739675
0.025,0.025,74,21.69445501833006
0.025,0.025,75,21.860295092743172
0.025,0.025,76,22.288649116764006
0.025,0.025,77,22.85778255179801
0.025,0.025,78,22.923157297881694
0.025,0.025,79,25.331487760039124
0.025,0.025,80,31.463555989825863
0.025,0.025,81,33.066547036144726
0.025,0.025,82,35.865960368075086
0.025,0.025,83,36.390667184200886
0.025,0.025,84,38.005888091025305
0.025,0.025,85,39.888507674578584
0.025,0.025,86,40.43222821162159
0.025,0.025,87,42.23672809919987
0.025,0.025,88,42.43694778048906
0.025,0.025,89,43.79843623415364
0.025,0.025,90,45.26569627271509
0.025,0.025,91,45.456095934048356
0.025,0.025,92,46.99302005491852
0.025,0.025,93,47.48308806378734
0.025,0.025,94,47.84260400801082
0.025,0.025,95,49.723674146856624
0.025,0.025,96,50.52966338410672
0.025,0.025,97,50.907191676434884
0.025,0.025,98,51.16261110531576
0.025,0.025,99,52.88598205262054
0.025,0.025,100,53.28486085630201
0.025,0.025,101,53.5723373774304
0.025,0.025,102,54.51295947988408
0.025,0.025,103,56.7938279002074
0.025,0.025,104,59.09608933387749
0.025,0.025,105,61.583503402736156
0.025,0.025,106,64.17989154042462
0.025,0.025,107,65.49346832864457
0.025,0.025,108,67.02005841235228
0.025,0.025,109,69.44554932267764
0.025,0.025,110,70.3304674708468
0.025,0.025,111,72.88897046801264
0.025,0.025,112,74.35036272539693
0.025,0.025,113,76.9988931416888
0.025,0.025,114,79.59314870990605
0.025,0.025,115,82.66328800410713
0.025,0.025,116,86.25905940061674
0.025,0.025,117,91.27428824947535
0.025,0.025,118,96.79115847912796
0.05,0.025,1,-93.61422732420446
0.05,0.025,2,-86.28829606552857
0.05,0.025,3,-81.03691961473054
0.05,0.025,4,-78.58211304349452
0.05,0.025,5,-74.39420947269234
0.05,0.025,6,-71.23786773263863
0.05,0.025,7,-70.30896558485746
0.05,0.025,8,-66.10912668690382
0.05,0.025,9,-64.40518473773294
0.05,0.025,10,-62.60931007368366
0.05,0.025,11,-59.83167604041053
0.05,0.025,12,-57.48499387405714
0.05,0.025,13,-56.26627193335533
0.05,0.025,14,-53.42274046438952
0.05,0.025,15,-51.854288758640806
0.05,0.025,16,-50.894133121835765
0.05,0.025,17,-48.16944531162885
0.05,0.025,18,-47.604666787670894
0.05,0.025,19,-45.92354893822191
0.05,0.025,20,-44.07513482449916
0.05,0.025,21,-43.14005112109048
0.05,0.025,22,-42.08374460692254
0.05,0.025,23,-40.37848646041182
0.05,0.025,24,-39.860288010109386
0.05,0.025,25,-38.99371480311375
0.05,0.025,26,-37.69859126663722
0.05,0.025,27,-37.23460731823492
0.05,0.025,28,-36.829740368259834
0.05,0.025,29,-36.310583747044504
0.05,0.025,30,-35.912250079093084
0.05,0.025,31,-34.20587576254115
0.05,0.025,32,-34.09606721995517
0.05,0.025,33,-31.621361886474418
0.05,0.025,34,-30.8735447915072
0.05,0.025,35,-28.86048091357422
0.05,0.025,36,-26.230494527018678
0.05,0.025,37,-25.560805739920397
0.05,0.025,38,-21.194585418319164
0.05,0.025,39,-21.064641392071763
0.05,0.025,40,-14.967241380847796
0.05,0.025,41,-7.808927877236215
0.05,0.025,42,-7.531259179461003
0.05,0.025,43,-5.919032216539549
0.05,0.025,44,-4.6363438008345526
0.05,0.025,45,-4.454476356189801
0.05,0.025,46,-3.545329123924276
0.05,0.025,47,-2.861480190842599
0.05,0.025,48,-2.1916306039929765
0.05,0.025,49,-1.2373008394344538
0.05,0.025,50,-0.3190468644902751
0.05,0.025,51,0.8600270149901803
0.05,0.025,52,2.026915234551737
0.05,0.025,53,3.3672208358334217
0.05,0.025,54,4.748169299138809
0.05,0.025,55,6.280872254800201
0.05,0.025,56,7.907345160481839
0.05,0.025,57,9.620581004116943
0.05,0.025,58,11.409581569365272
0.05,0.025,59,13.271833826074285
0.05,0.025,60,15.179020943832427
0.05,0.025,61,16.94466776558328
0.05,0.025,62,16.972338899714064
0.05,0.025,63,17.044172325738252
0.05,0.025,64,18.42837486543101
0.05,0.025,65,18.698165910869808
0.05,0.025,66,18.75606500317859
0.05,0.025,67,19.3987037616227
0.05,0.025,68,19.64699317935019
0.05,0.025,69,20.11244981368786
0.05,0.025,70,20.486152387111417
0.05,0.025,71,20.811968684227537
0.05,0.025,72,21.091334755850752
0.05,0.025,73,21.324614582694124
0.05,0.025,74,21.74253966098337
0.05,0.025,75,21.833988790494956
0.05,0.025,76,22.28935974805391
0.05,0.025,77,22.857248035854035
0.05,0.025,78,22.92363922089106
0.05,0.025,79,25.331547193017386
0.05,0.025,80,31.463544185240977
0.05,0.025,81,33.06631797951121
0.05,0.025,82,35.86542372356151
0.05,0.025,83,36.39006680940247
0.05,0.025,84,38.0097166502934
0.05,0.025,85,39.87846435114634
0.05,0.025,86,40.442836569623516
0.05,0.025,87,42.237124694888244
0.05,0.025,88,42.44667264328725
0.05,0.025,89,43.74016906200058
0.05,0.025,90,45.27669161792064
0.05,0.025,91,45.61745578929487
0.05,0.025,92,46.84614735197412
0.05,0.025,93,47.0732613858456
0.05,0.025,94,48.66193552077932
0.05,0.025,95,49.33333912288024
0.05,0.025,96,50.10540909594683
0.05,0.025,97,50.98755343621721
0.05,0.025,98,51.830490425487596
0.05,0.025,99,52.53204263213474
0.05,0.025,100,53.14369342711522
0.05,0.025,101,53.67518912899928
0.05,0.025,102,54.584678943212104
0.05,0.025,103,56.795124948176436
0.05,0.025,104,59.09937193542057
0.05,0.025,105,61.56680233687431
0.05,0.025,106,64.15099815582954
0.05,0.025,107,65.69748261537369
0.05,0.025,108,66.787243045427
0.05,0.025,109,69.30972195925288
0.05,0.025,110,70.75454677464828
0.05,0.025,111,72.44494668419443
0.05,0.025,112,74.70516448303229
0.05,0.025,113,76.80298740494268
0.05,0.025,114,79.68119905008533
0.05,0.025,115,82.63222441336394
0.05,0.025,116,86.26674332428489
0.05,0.025,117,91.27351686574423
0.05,0.025,118,96.79129338163855
0.075,0.025,1,-93.6096795380751
0.075,0.025,2,-86.28351346804483
0.075,0.025,3,-81.21445243231086
0.075,0.025,4,-78.173596249434
0.075,0.025,5,-74.86505468315868
0.075,0.025,6,-71.39879653084198
0.075,0.025,7,-69.26887423047565
0.075,0.025,8,-67.47007837005073
0.075,0.025,9,-63.08120776461173
0.075,0.025,10,-62.69862566681651
0.075,0.025,11,-60.7698811293602
0.075,0.025,12,-57.18187198580084
0.075,0.025,13,-55.555920498145994
0.075,0.025,14,-54.41706713708139
0.075,0.025,15,-51.43975024669599
0.075,0.025,16,-50.59626713673474
0.075,0.025,17,-49.02249181879897
0.075,0.025,18,-47.00759876627315
0.075,0.025,19,-45.393075964524385
0.075,0.025,20,-45.07481821557637
0.075,0.025,21,-42.68694893379454
0.075,0.025,22,-41.59326587860629
0.075,0.025,23,-41.32970254565153
0.075,0.025,24,-39.39624819125133
0.075,0.025,25,-38.733810648361654
0.075,0.025,26,-38.25454708600343
0.075,0.025,27,-36.87105699057192
0.075,0.025,28,-36.74224110255263
0.075,0.025,29,-36.54550453020194
0.075,0.025,30,-35.88239901942198
0.075,0.025,31,-34.20331256729206
0.075,0.025,32,-34.095843994978274
0.075,0.025,33,-31.619709507476287
0.075,0.025,34,-30.874461301870554
0.075,0.025,35,-28.861281658613706
0.075,0.025,36,-26.230512344503794
0.075,0.025,37,-25.56043902838303
0.075,0.025,38,-21.194729071128748
0.075,0.025,39,-21.064469346046607
0.075,0.025,40,-14.96727490037388
0.075,0.025,41,-7.807578760021954
0.075,0.025,42,-7.5337430374175085
0.075,0.025,43,-5.908777266543154
0.075,0.025,44,-4.76904001576716
0.075,0.025,45,-4.2463669342621415
0.075,0.025,46,-3.682148171686279
0.075,0.025,47,-2.800823839441918
0.075,0.025,48,-2.1768463965262868
0.075,0.025,49,-1.2866578552919776
0.075,0.025,50,-0.2771180490096299
0.075,0.025,51,0.8342838980435943
0.075,0.025,52,2.0439262117425017
0.075,0.025,53,3.3553796159014126
0.075,0.025,54,4.755289636540098
0.075,0.025,55,6.277945269910916
0.075,0.025,56,7.908060175852768
0.075,0.025,57,9.620521067764386
0.075,0.025,58,11.409619073602741
0.075,0.025,59,13.271757028452953
0.075,0.025,60,15.17906414385476
0.075,0.025,61,16.946561913352177
0.075,0.025,62,16.97221281904831
0.075,0.025,63,17.041964491044425
0.075,0.025,64,18.43264057746434
0.075,0.025,65,18.697963007406806
0.075,0.025,66,18.75104664073954
0.075,0.025,67,19.39671943765761
0.075,0.025,68,19.65625741565151
0.075,0.025,69,20.094877186817214
0.075,0.025,70,20.50569495100025
0.075,0.025,71,20.830856530771044
0.075,0.025,72,21.026545515484173
0.075,0.025,73,21.385071302740172
0.075,0.025,74,21.694455018330117
0.075,0.025,75,21.86029509274296
0.075,0.025,76,22.288649116764333
0.075,0.025,77,22.85778255179793
0.075,0.025,78,22.923157297882018
0.075,0.025,79,25.331487760039323
0.075,0.025,80,31.463555989825025
0.075,0.025,81,33.066547036144
0.075,0.025,82,35.865960368074816
0.075,0.025,83,36.39066718420011
0.075,0.025,84,38.005888091025334
0.075,0.025,85,39.88850767457848
0.075,0.025,86,40.43222821161985
0.075,0.025,87,42.23672809919896
0.075,0.025,88,42.43694778048799
0.075,0.025,89,43.798436234154316
0.075,0.025,90,45.26569627271472
0.075,0.025,91,45.45609593404888
0.075,0.025,92,46.99302005491672
0.075,0.025,93,47.48308806378826
0.075,0.025,94,47.84260400801006
0.075,0.025,95,49.72367414685577
0.075,0.025,96,50.52966338410614
0.075,0.025,97,50.907191676434515
0.075,0.025,98,51.16261110531634
0.075,0.025,99,52.88598205262136
0.075,0.025,100,53.28486085630286
0.075,0.025,101,53.57233737742886
0.075,0.025,102,54.51295947988345
0.075,0.025,103,56.793827900206274
0.075,0.025,104,59.0960893338777
0.075,0.025,105,61.58350340273545
0.075,0.025,106,64.17989154042334
0.075,0.025,107,65.49346832864438
0.075,0.025,108,67.02005841235199
0.075,0.025,109,69.44554932267819
0.075,0.025,110,70.33046747084776
0.075,0.025,111,72.88897046801254
0.075,0.025,112,74.35036272539796
0.075,0.025,113,76.99889314169015
0.075,0.025,114,79.59314870990639
0.075,0.025,115,82.66328800410703
0.075,0.025,116,86.25905940061735
0.075,0.025,117,91.27428824947651
0.075,0.025,118,96.7911584791284
0.1,0.025,1,-93.61422732420458
0.1,0.025,2,-86.28829606552823
0.1,0.025,3,-81.03691961472929
0.1,0.025,4,-78.5821130434946
0.1,0.025,5,-74.39420947269214
0.1,0.025,6,-71.23786773263821
0.1,0.025,7,-70.30896558485789
0.1,0.025,8,-66.10912668690462
0.1,0.025,9,-64.405184737732
0.1,0.025,10,-62.609310073683915
0.1,0.025,11,-59.83167604041067
0.1,0.025,12,-57.48499387405765
0.1,0.025,13,-56.26627193335558
0.1,0.025,14,-53.42274046438975
0.1,0.025,15,-51.8542887586418
0.1,0.025,16,-50.89413312183551
0.1,0.025,17,-48.169445311628564
0.1,0.025,18,-47.60466678767186
0.1,0.025,19,-45.92354893822399
0.1,0.025,20,-44.075134824498164
0.1,0.025,21,-43.14005112109105
0.1,0.025,22,-42.08374460692154
0.1,0.025,23,-40.37848646041185
0.1,0.025,24,-39.86028801010853
0.1,0.025,25,-38.993714803114685
0.1,0.025,26,-37.69859126663768
0.1,0.025,27,-37.23460731823424
0.1,0.025,28,-36.82974036825955
0.1,0.025,29,-36.31058374704493
0.1,0.025,30,-35.912250079093226
0.1,0.025,31,-34.205875762541176
0.1,0.025,32,-34.09606721995477
0.1,0.025,33,-31.621361886474276
0.1,0.025,34,-30.87354479150686
0.1,0.025,35,-28.86048091357368
0.1,0.025,36,-26.230494527018863
0.1,0.025,37,-25.560805739920113
0.1,0.025,38,-21.194585418318937
0.1,0.025,39,-21.064641392071806
0.1,0.025,40,-14.967241380847327
0.1,0.025,41,-7.808927877236002
0.1,0.025,42,-7.5312591794610455
0.1,0.025,43,-5.919032216539534
0.1,0.025,44,-4.636343800834581
0.1,0.025,45,-4.4544763561899146
0.1,0.025,46,-3.5453291239243043
0.1,0.025,47,-2.8614801908425846
0.1,0.025,48,-2.191630603992948
0.1,0.025,49,-1.2373008394344538
0.1,0.025,50,-0.3190468644902893
0.1,0.025,51,0.8600270149901803
0.1,0.025,52,2.0269152345517085
0.1,0.025,53,3.36722083583345
0.1,0.025,54,4.748169299138951
0.1,0.025,55,6.280872254800315
0.1,0.025,56,7.907345160481938
0.1,0.025,57,9.620581004117028
0.1,0.025,58,11.409581569365372
0.1,0.025,59,13.2718338260742
0.1,0.025,60,15.179020943832299
0.1,0.025,61,16.944667765582956
0.1,0.025,62,16.97233889971381
0.1,0.025,63,17.044172325738252
0.1,0.025,64,18.428374865430996
0.1,0.025,65,18.698165910869797
0.1,0.025,66,18.756065003178684
0.1,0.025,67,19.39870376162233
0.1,0.025,68,19.646993179350247
0.1,0.025,69,20.112449813687803
0.1,0.025,70,20.486152387111673
0.1,0.025,71,20.81196868422778
0.1,0.025,72,21.091334755850696
0.1,0.025,73,21.324614582694565
0.1,0.025,74,21.74253966098412
0.1,0.025,75,21.833988790495084
0.1,0.025,76,22.289359748053784
0.1,0.025,77,22.85724803585365
0.1,0.025,78,22.923639220890976
0.1,0.025,79,25.331547193017187
0.1,0.025,80,31.46354418524065
0.1,0.025,81,33.066317979510536
0.1,0.025,82,35.86542372356107
0.1,0.025,83,36.39006680940202
0.1,0.025,84,38.00971665029196
0.1,0.025,85,39.87846435114647
0.1,0.025,86,40.44283656962269
0.1,0.025,87,42.237124694887406
0.1,0.025,88,42.44667264328629
0.1,0.025,89,43.74016906200042
0.1,0.025,90,45.27669161792039
0.1,0.025,91,45.61745578929472
0.1,0.025,92,46.84614735197491
0.1,0.025,93,47.07326138584422
0.1,0.025,94,48.66193552077907
0.1,0.025,95,49.33333912287989
0.1,0.025,96,50.1054090959472
0.1,0.025,97,50.987553436218526
0.1,0.025,98,51.830490425487625
0.1,0.025,99,52.532042632135486
0.1,0.025,100,53.1436934271147
0.1,0.025,101,53.675189129001275
0.1,0.025,102,54.58467894321201
0.1,0.025,103,56.79512494817586
0.1,0.025,104,59.099371935421246
0.1,0.025,105,61.56680233687553
0.1,0.025,106,64.15099815583005
0.1,0.025,107,65.69748261537504
0.1,0.025,108,66.78724304542611
0.1,0.025,109,69.30972195925331
0.1,0.025,110,70.75454677464836
0.1,0.025,111,72.4449466841958
0.1,0.025,112,74.70516448303488
0.1,0.025,113,76.80298740494285
0.1,0.025,114,79.68119905008608
0.1,0.025,115,82.63222441336394
0.1,0.025,116,86.26674332428613
0.1,0.025,117,91.27351686574457
0.1,0.025,118,96.79129338163843
0.125,0.025,1,-93.60967953807481
0.125,0.025,2,-86.28351346804531
0.125,0.025,3,-81.21445243231038
0.125,0.025,4,-78.17359624943471
0.125,0.025,5,-74.86505468315794
0.125,0.025,6,-71.39879653084135
0.125,0.025,7,-69.2688742304746
0.125,0.025,8,-67.47007837005027
0.125,0.025,9,-63.0812077646127
0.125,0.025,10,-62.69862566681597
0.125,0.025,11,-60.76988112935963
0.125,0.025,12,-57.18187198580053
0.125,0.025,13,-55.55592049814554
0.125,0.025,14,-54.417067137081446
0.125,0.025,15,-51.43975024669619
0.125,0.025,16,-50.59626713673437
0.125,0.025,17,-49.02249181879971
0.125,0.025,18,-47.007598766273375
0.125,0.025,19,-45.393075964522964
0.125,0.025,20,-45.074818215576684
0.125,0.025,21,-42.68694893379394
0.125,0.025,22,-41.59326587860586
0.125,0.025,23,-41.32970254565187
0.125,0.025,24,-39.39624819125059
0.125,0.025,25,-38.73381064836134
0.125,0.025,26,-38.254547086003285
0.125,0.025,27,-36.871056990570814
0.125,0.025,28,-36.7422411025524
0.125,0.025,29,-36.545504530201825
0.125,0.025,30,-35.882399019421754
0.125,0.025,31,-34.20331256729278
0.125,0.025,32,-34.095843994978566
0.125,0.025,33,-31.619709507476458
0.125,0.025,34,-30.874461301871165
0.125,0.025,35,-28.861281658613947
0.125,0.025,36,-26.230512344504234
0.125,0.025,37,-25.560439028383044
0.125,0.025,38,-21.19472907112913
0.125,0.025,39,-21.06446934604658
0.125,0.025,40,-14.967274900374278
0.125,0.025,41,-7.807578760022153
0.125,0.025,42,-7.533743037417551
0.125,0.025,43,-5.908777266543041
0.125,0.025,44,-4.769040015767118
0.125,0.025,45,-4.246366934262156
0.125,0.025,46,-3.682148171686265
0.125,0.025,47,-2.8008238394418328
0.125,0.025,48,-2.176846396526315
0.125,0.025,49,-1.2866578552920345
0.125,0.025,50,-0.2771180490096299
0.125,0.025,51,0.8342838980435943
0.125,0.025,52,2.0439262117424732
0.125,0.025,53,3.35537961590137
0.125,0.025,54,4.755289636540041
0.125,0.025,55,6.27794526991093
0.125,0.025,56,7.908060175852796
0.125,0.025,57,9.620521067764301
0.125,0.025,58,11.409619073602698
0.125,0.025,59,13.271757028452896
0.125,0.025,60,15.179064143854745
0.125,0.025,61,16.946561913352223
0.125,0.025,62,16.972212819048607
0.125,0.025,63,17.04196449104457
0.125,0.025,64,18.432640577464426
0.125,0.025,65,18.697963007406983
0.125,0.025,66,18.751046640739467
0.125,0.025,67,19.396719437657936
0.125,0.025,68,19.65625741565121
0.125,0.025,69,20.094877186817385
0.125,0.025,70,20.505694951000308
0.125,0.025,71,20.830856530770816
0.125,0.025,72,21.026545515483917
0.125,0.025,73,21.385071302740357
0.125,0.025,74,21.69445501833053
0.125,0.025,75,21.860295092743257
0.125,0.025,76,22.288649116764148
0.125,0.025,77,22.85778255179815
0.125,0.025,78,22.92315729788191
0.125,0.025,79,25.331487760039096
0.125,0.025,80,31.46355598982541
0.125,0.025,81,33.066547036144485
0.125,0.025,82,35.86596036807538
0.125,0.025,83,36.390667184200986
0.125,0.025,84,38.005888091025454
0.125,0.025,85,39.88850767457866
0.125,0.025,86,40.43222821162018
0.125,0.025,87,42.236728099199816
0.125,0.025,88,42.436947780487436
0.125,0.025,89,43.79843623415414
0.125,0.025,90,45.26569627271474
0.125,0.025,91,45.45609593404847
0.125,0.025,92,46.993020054917636
0.125,0.025,93,47.4830880637874
0.125,0.025,94,47.84260400801036
0.125,0.025,95,49.723674146855636
0.125,0.025,96,50.52966338410647
0.125,0.025,97,50.90719167643435
0.125,0.025,98,51.16261110531557
0.125,0.025,99,52.88598205261996
0.125,0.025,100,53.28486085630277
0.125,0.025,101,53.57233737743008
0.125,0.025,102,54.51295947988371
0.125,0.025,103,56.793827900207106
0.125,0.025,104,59.09608933387738
0.125,0.025,105,61.58350340273568
0.125,0.025,106,64.17989154042468
0.125,0.025,107,65.49346832864305
0.125,0.025,108,67.02005841235257
0.125,0.025,109,69.44554932267732
0.125,0.025,110,70.3304674708475
0.125,0.025,111,72.88897046801237
0.125,0.025,112,74.35036272539656
0.125,0.025,113,76.99889314168837
0.125,0.025,114,79.5931487099049
0.125,0.025,115,82.66328800410618
0.125,0.025,116,86.25905940061651
0.125,0.025,117,91.27428824947658
0.125,0.025,118,96.79115847912803
0.15,0.025,1,-93.61422732420472
0.15,0.025,2,-86.28829606552891
0.15,0.025,3,-81.03691961472963
0.15,0.025,4,-78.58211304349474
0.15,0.025,5,-74.39420947269242
0.15,0.025,6,-71.23786773263815
0.15,0.025,7,-70.30896558485732
0.15,0.025,8,-66.10912668690453
0.15,0.025,9,-64.40518473773177
0.15,0.025,10,-62.60931007368386
0.15,0.025,11,-59.83167604041067
0.15,0.025,12,-57.48499387405711
0.15,0.025,13,-56.2662719333545
0.15,0.025,14,-53.422740464389804
0.15,0.025,15,-51.854288758641204
0.15,0.025,16,-50.894133121836305
0.15,0.025,17,-48.16944531162879
0.15,0.025,18,-47.60466678767186
0.15,0.025,19,-45.923548938222936
0.15,0.025,20,-44.07513482449913
0.15,0.025,21,-43.14005112109102
0.15,0.025,22,-42.08374460692217
0.15,0.025,23,-40.37848646041202
0.15,0.025,24,-39.860288010109045
0.15,0.025,25,-38.993714803114884
0.15,0.025,26,-37.698591266637905
0.15,0.025,27,-37.23460731823447
0.15,0.025,28,-36.82974036825941
0.15,0.025,29,-36.310583747044674
0.15,0.025,30,-35.91225007909348
0.15,0.025,31,-34.205875762541766
0.15,0.025,32,-34.096067219955046
0.15,0.025,33,-31.621361886474276
0.15,0.025,34,-30.87354479150669
0.15,0.025,35,-28.86048091357401
0.15,0.025,36,-26.230494527018607
0.15,0.025,37,-25.560805739920255
0.15,0.025,38,-21.194585418318866
0.15,0.025,39,-21.064641392072005
0.15,0.025,40,-14.967241380847156
0.15,0.025,41,-7.808927877236073
0.15,0.025,42,-7.53125917946106
0.15,0.025,43,-5.919032216539435
0.15,0.025,44,-4.63634380083451
0.15,0.025,45,-4.4544763561899
0.15,0.025,46,-3.5453291239241906
0.15,0.025,47,-2.8614801908425562
0.15,0.025,48,-2.1916306039929623
0.15,0.025,49,-1.2373008394344396
0.15,0.025,50,-0.3190468644902609
0.15,0.025,51,0.8600270149901803
0.15,0.025,52,2.026915234551737
0.15,0.025,53,3.3672208358334927
0.15,0.025,54,4.748169299138965
0.15,0.025,55,6.2808722548001725
0.15,0.025,56,7.907345160481881
0.15,0.025,57,9.62058100411707
0.15,0.025,58,11.409581569365201
0.15,0.025,59,13.271833826074214
0.15,0.025,60,15.179020943832285
0.15,0.025,61,16.944667765582988
0.15,0.025,62,16.972338899713904
0.15,0.025,63,17.044172325738227
0.15,0.025,64,18.42837486543091
0.15,0.025,65,18.698165910869808
0.15,0.025,66,18.756065003178644
0.15,0.025,67,19.398703761622556
0.15,0.025,68,19.64699317935039
0.15,0.025,69,20.112449813687945
0.15,0.025,70,20.4861523871117
0.15,0.025,71,20.811968684227494
0.15,0.025,72,21.091334755850767
0.15,0.025,73,21.32461458269414
0.15,0.025,74,21.742539660983482
0.15,0.025,75,21.83398879049497
0.15,0.025,76,22.289359748053855
0.15,0.025,77,22.857248035853896
0.15,0.025,78,22.923639220890674
0.15,0.025,79,25.3315471930171
0.15,0.025,80,31.463544185240835
0.15,0.025,81,33.06631797951078
0.15,0.025,82,35.86542372356168
0.15,0.025,83,36.39006680940254
0.15,0.025,84,38.00971665029263
0.15,0.025,85,39.87846435114648
0.15,0.025,86,40.44283656962316
0.15,0.025,87,42.23712469488771
0.15,0.025,88,42.44667264328758
0.15,0.025,89,43.74016906200058
0.15,0.025,90,45.27669161792047
0.15,0.025,91,45.617455789295
0.15,0.025,92,46.84614735197425
0.15,0.025,93,47.07326138584478
0.15,0.025,94,48.66193552077907
0.15,0.025,95,49.33333912288017
0.15,0.025,96,50.10540909594707
0.15,0.025,97,50.98755343621743
0.15,0.025,98,51.83049042548803
0.15,0.025,99,52.53204263213601
0.15,0.025,100,53.14369342711466
0.15,0.025,101,53.67518912899985
0.15,0.025,102,54.58467894321189
0.15,0.025,103,56.79512494817656
0.15,0.025,104,59.099371935420436
0.15,0.025,105,61.56680233687472
0.15,0.025,106,64.15099815583048
0.15,0.025,107,65.69748261537327
0.15,0.025,108,66.7872430454262
0.15,0.025,109,69.3097219592531
0.15,0.025,110,70.75454677464766
0.15,0.025,111,72.44494668419509
0.15,0.025,112,74.70516448303474
0.15,0.025,113,76.80298740494258
0.15,0.025,114,79.68119905008557
0.15,0.025,115,82.63222441336406
0.15,0.025,116,86.2667433242859
0.15,0.025,117,91.27351686574504
0.15,0.025,118,96.79129338163854
0.175,0.025,1,-93.60967953807467
0.175,0.025,2,-86.28351346804526
0.175,0.025,3,-81.2144524323107
0.175,0.025,4,-78.17359624943428
0.175,0.025,5,-74.86505468315819
0.175,0.025,6,-71.39879653084144
0.175,0.025,7,-69.2688742304748
0.175,0.025,8,-67.4700783700499
0.175,0.025,9,-63.08120776461142
0.175,0.025,10,-62.69862566681631
0.175,0.025,11,-60.76988112935966
0.175,0.025,12,-57.18187198579916
0.175,0.025,13,-55.555920498145454
0.175,0.025,14,-54.417067137081474
0.175,0.025,15,-51.43975024669679
0.175,0.025,16,-50.596267136734994
0.175,0.025,17,-49.02249181879908
0.175,0.025,18,-47.00759876627215
0.175,0.025,19,-45.393075964523135
0.175,0.025,20,-45.07481821557592
0.175,0.025,21,-42.6869489337938
0.175,0.025,22,-41.59326587860615
0.175,0.025,23,-41.32970254565156
0.175,0.025,24,-39.39624819125045
0.175,0.025,25,-38.73381064836151
0.175,0.025,26,-38.25454708600277
0.175,0.025,27,-36.87105699057113
0.175,0.025,28,-36.74224110255274
0.175,0.025,29,-36.54550453020188
0.175,0.025,30,-35.8823990194215
0.175,0.025,31,-34.20331256729207
0.175,0.025,32,-34.09584399497838
0.175,0.025,33,-31.619709507475946
0.175,0.025,34,-30.874461301870667
0.175,0.025,35,-28.861281658614118
0.175,0.025,36,-26.230512344504277
0.175,0.025,37,-25.560439028382817
0.175,0.025,38,-21.19472907112896
0.175,0.025,39,-21.06446934604655
0.175,0.025,40,-14.967274900373937
0.175,0.025,41,-7.807578760022011
0.175,0.025,42,-7.533743037417537
0.175,0.025,43,-5.908777266543211
0.175,0.025,44,-4.76904001576716
0.175,0.025,45,-4.246366934262042
0.175,0.025,46,-3.682148171686265
0.175,0.025,47,-2.8008238394418328
0.175,0.025,48,-2.1768463965262725
0.175,0.025,49,-1.2866578552920203
0.175,0.025,50,-0.2771180490096157
0.175,0.025,51,0.83428389804358
0.175,0.025,52,2.0439262117424875
0.175,0.025,53,3.3553796159014126
0.175,0.025,54,4.755289636540127
0.175,0.025,55,6.277945269910873
0.175,0.025,56,7.908060175852782
0.175,0.025,57,9.620521067764273
0.175,0.025,58,11.409619073602727
0.175,0.025,59,13.271757028452996
0.175,0.025,60,15.179064143854774
0.175,0.025,61,16.946561913352173
0.175,0.025,62,16.972212819048675
0.175,0.025,63,17.04196449104456
0.175,0.025,64,18.43264057746434
0.175,0.025,65,18.697963007407058
0.175,0.025,66,18.75104664073961
0.175,0.025,67,19.396719437657836
0.175,0.025,68,19.656257415651297
0.175,0.025,69,20.094877186817257
0.175,0.025,70,20.505694951000223
0.175,0.025,71,20.830856530770873
0.175,0.025,72,21.026545515483846
0.175,0.025,73,21.385071302740627
0.175,0.025,74,21.69445501833097
0.175,0.025,75,21.860295092743087
0.175,0.025,76,22.28864911676419
0.175,0.025,77,22.857782551797914
0.175,0.025,78,22.92315729788189
0.175,0.025,79,25.33148776003982
0.175,0.025,80,31.46355598982548
0.175,0.025,81,33.06654703614475
0.175,0.025,82,35.865960368075164
0.175,0.025,83,36.3906671842007
0.175,0.025,84,38.00588809102522
0.175,0.025,85,39.88850767457823
0.175,0.025,86,40.4322282116215
0.175,0.025,87,42.23672809919954
0.175,0.025,88,42.43694778048909
0.175,0.025,89,43.79843623415346
0.175,0.025,90,45.265696272714806
0.175,0.025,91,45.45609593404789
0.175,0.025,92,46.993020054918276
0.175,0.025,93,47.483088063787385
0.175,0.025,94,47.84260400801009
0.175,0.025,95,49.72367414685665
0.175,0.025,96,50.529663384106584
0.175,0.025,97,50.907191676434095
0.175,0.025,98,51.16261110531568
0.175,0.025,99,52.88598205262084
0.175,0.025,100,53.28486085630271
0.175,0.025,101,53.57233737743122
0.175,0.025,102,54.512959479884806
0.175,0.025,103,56.793827900207845
0.175,0.025,104,59.096089333878176
0.175,0.025,105,61.58350340273436
0.175,0.025,106,64.17989154042462
0.175,0.025,107,65.49346832864228
0.175,0.025,108,67.02005841235292
0.175,0.025,109,69.44554932267715
0.175,0.025,110,70.33046747084765
0.175,0.025,111,72.88897046801279
0.175,0.025,112,74.35036272539708
0.175,0.025,113,76.99889314168917
0.175,0.025,114,79.59314870990615
0.175,0.025,115,82.66328800410719
0.175,0.025,116,86.25905940061682
0.175,0.025,117,91.27428824947735
0.175,0.025,118,96.79115847912821
0.2,0.025,1,-93.61422732420472
0.2,0.025,2,-86.28829606552902
0.2,0.025,3,-81.03691961472983
0.2,0.025,4,-78.5821130434944
0.2,0.025,5,-74.39420947269288
0.2,0.025,6,-71.23786773263909
0.2,0.025,7,-70.30896558485846
0.2,0.025,8,-66.10912668690473
0.2,0.025,9,-64.40518473773248
0.2,0.025,10,-62.60931007368394
0.2,0.025,11,-59.8316760404107
0.2,0.025,12,-57.48499387405765
0.2,0.025,13,-56.266271933355185
0.2,0.025,14,-53.422740464390714
0.2,0.025,15,-51.8542887586422
0.2,0.025,16,-50.89413312183605
0.2,0.025,17,-48.16944531162851
0.2,0.025,18,-47.60466678767146
0.2,0.025,19,-45.92354893822342
0.2,0.025,20,-44.075134824498704
0.2,0.025,21,-43.140051121090906
0.2,0.025,22,-42.08374460692157
0.2,0.025,23,-40.37848646041222
0.2,0.025,24,-39.86028801010876
0.2,0.025,25,-38.993714803114656
0.2,0.025,26,-37.69859126663802
0.2,0.025,27,-37.234607318233955
0.2,0.025,28,-36.829740368259124
0.2,0.025,29,-36.310583747045385
0.2,0.025,30,-35.91225007909351
0.2,0.025,31,-34.20587576254137
0.2,0.025,32,-34.09606721995467
0.2,0.025,33,-31.621361886474162
0.2,0.025,34,-30.873544791506887
0.2,0.025,35,-28.860480913573582
0.2,0.025,36,-26.23049452701852
0.2,0.025,37,-25.560805739920013
0.2,0.025,38,-21.19458541831895
0.2,0.025,39,-21.064641392071763
0.2,0.025,40,-14.967241380847241
0.2,0.025,41,-7.808927877236044
0.2,0.025,42,-7.531259179460932
0.2,0.025,43,-5.919032216539506
0.2,0.025,44,-4.636343800834538
0.2,0.025,45,-4.454476356189872
0.2,0.025,46,-3.5453291239242475
0.2,0.025,47,-2.8614801908426273
0.2,0.025,48,-2.1916306039929623
0.2,0.025,49,-1.2373008394344964
0.2,0.025,50,-0.3190468644902751
0.2,0.025,51,0.8600270149901519
0.2,0.025,52,2.026915234551737
0.2,0.025,53,3.367220835833507
0.2,0.025,54,4.748169299139022
0.2,0.025,55,6.2808722548003
0.2,0.025,56,7.907345160481825
0.2,0.025,57,9.620581004117156
0.2,0.025,58,11.409581569365372
0.2,0.025,59,13.271833826074285
0.2,0.025,60,15.179020943832356
0.2,0.025,61,16.94466776558302
0.2,0.025,62,16.97233889971369
0.2,0.025,63,17.04417232573812
0.2,0.025,64,18.428374865430897
0.2,0.025,65,18.698165910869633
0.2,0.025,66,18.756065003178676
0.2,0.025,67,19.398703761622485
0.2,0.025,68,19.646993179350133
0.2,0.025,69,20.11244981368789
0.2,0.025,70,20.486152387111304
0.2,0.025,71,20.811968684227864
0.2,0.025,72,21.09133475585068
0.2,0.025,73,21.324614582694238
0.2,0.025,74,21.742539660983738
0.2,0.025,75,21.83398879049531
0.2,0.025,76,22.289359748053926
0.2,0.025,77,22.85724803585432
0.2,0.025,78,22.923639220890948
0.2,0.025,79,25.33154719301706
0.2,0.025,80,31.46354418524045
0.2,0.025,81,33.06631797951023
0.2,0.025,82,35.86542372356159
0.2,0.025,83,36.390066809401986
0.2,0.025,84,38.009716650293164
0.2,0.025,85,39.878464351146356
0.2,0.025,86,40.44283656962282
0.2,0.025,87,42.23712469488788
0.2,0.025,88,42.44667264328673
0.2,0.025,89,43.740169062001016
0.2,0.025,90,45.2766916179203
0.2,0.025,91,45.61745578929476
0.2,0.025,92,46.84614735197463
0.2,0.025,93,47.07326138584482
0.2,0.025,94,48.66193552077897
0.2,0.025,95,49.33333912288078
0.2,0.025,96,50.105409095946385
0.2,0.025,97,50.98755343621766
0.2,0.025,98,51.83049042548778
0.2,0.025,99,52.53204263213571
0.2,0.025,100,53.143693427113654
0.2,0.025,101,53.675189128998376
0.2,0.025,102,54.584678943210626
0.2,0.025,103,56.795124948176024
0.2,0.025,104,59.09937193542033
0.2,0.025,105,61.56680233687557
0.2,0.025,106,64.15099815582818
0.2,0.025,107,65.69748261537501
0.2,0.025,108,66.78724304542662
0.2,0.025,109,69.30972195925362
0.2,0.025,110,70.75454677464822
0.2,0.025,111,72.44494668419524
0.2,0.025,112,74.70516448303414
0.2,0.025,113,76.80298740494311
0.2,0.025,114,79.68119905008597
0.2,0.025,115,82.63222441336337
0.2,0.025,116,86.26674332428524
0.2,0.025,117,91.27351686574531
0.2,0.025,118,96.7912933816386
0.225,0.025,1,-93.60967953807518
0.225,0.025,2,-86.28351346804475
0.225,0.025,3,-81.21445243231027
0.225,0.025,4,-78.17359624943414
0.225,0.025,5,-74.86505468315745
0.225,0.025,6,-71.3987965308415
0.225,0.025,7,-69.26887423047721
0.225,0.025,8,-67.4700783700507
0.225,0.025,9,-63.0812077646125
0.225,0.025,10,-62.69862566681654
0.225,0.025,11,-60.76988112935932
0.225,0.025,12,-57.18187198579987
0.225,0.025,13,-55.555920498145994
0.225,0.025,14,-54.41706713708162
0.225,0.025,15,-51.43975024669673
0.225,0.025,16,-50.596267136734824
0.225,0.025,17,-49.022491818799566
0.225,0.025,18,-47.00759876627312
0.225,0.025,19,-45.39307596452322
0.225,0.025,20,-45.07481821557634
0.225,0.025,21,-42.68694893379332
0.225,0.025,22,-41.59326587860603
0.225,0.025,23,-41.32970254565127
0.225,0.025,24,-39.39624819125065
0.225,0.025,25,-38.733810648361455
0.225,0.025,26,-38.25454708600374
0.225,0.025,27,-36.87105699057086
0.225,0.025,28,-36.742241102552214
0.225,0.025,29,-36.54550453020211
0.225,0.025,30,-35.88239901942147
0.225,0.025,31,-34.20331256729244
0.225,0.025,32,-34.09584399497824
0.225,0.025,33,-31.619709507476202
0.225,0.025,34,-30.87446130187122
0.225,0.025,35,-28.861281658614033
0.225,0.025,36,-26.230512344504206
0.225,0.025,37,-25.560439028382987
0.225,0.025,38,-21.194729071129416
0.225,0.025,39,-21.06446934604665
0.225,0.025,40,-14.96727490037442
0.225,0.025,41,-7.807578760022309
0.225,0.025,42,-7.533743037417608
0.225,0.025,43,-5.908777266543112
0.225,0.025,44,-4.769040015767146
0.225,0.025,45,-4.246366934262113
0.225,0.025,46,-3.6821481716862507
0.225,0.025,47,-2.8008238394418186
0.225,0.025,48,-2.1768463965262868
0.225,0.025,49,-1.2866578552919918
0.225,0.025,50,-0.27711804900960146
0.225,0.025,51,0.8342838980436085
0.225,0.025,52,2.0439262117424732
0.225,0.025,53,3.355379615901427
0.225,0.025,54,4.755289636540027
0.225,0.025,55,6.277945269910916
0.225,0.025,56,7.90806017585281
0.225,0.025,57,9.620521067764315
0.225,0.025,58,11.409619073602812
0.225,0.025,59,13.27175702845301
0.225,0.025,60,15.17906414385466
0.225,0.025,61,16.946561913352067
0.225,0.025,62,16.972212819047982
0.225,0.025,63,17.041964491044137
0.225,0.025,64,18.432640577464255
0.225,0.025,65,18.697963007406837
0.225,0.025,66,18.751046640739446
0.225,0.025,67,19.396719437657367
0.225,0.025,68,19.656257415651154
0.225,0.025,69,20.094877186817243
0.225,0.025,70,20.505694951000336
0.225,0.025,71,20.83085653077103
0.225,0.025,72,21.026545515484102
0.225,0.025,73,21.385071302740172
0.225,0.025,74,21.694455018330615
0.225,0.025,75,21.860295092743172
0.225,0.025,76,22.288649116764248
0.225,0.025,77,22.85778255179775
0.225,0.025,78,22.92315729788203
0.225,0.025,79,25.33148776003928
0.225,0.025,80,31.46355598982501
0.225,0.025,81,33.066547036144165
0.225,0.025,82,35.86596036807509
0.225,0.025,83,36.39066718420088
0.225,0.025,84,38.00588809102534
0.225,0.025,85,39.88850767457822
0.225,0.025,86,40.432228211619616
0.225,0.025,87,42.236728099199496
0.225,0.025,88,42.43694778048623
0.225,0.025,89,43.79843623415372
0.225,0.025,90,45.265696272714806
0.225,0.025,91,45.45609593404853
0.225,0.025,92,46.99302005491933
0.225,0.025,93,47.48308806378756
0.225,0.025,94,47.84260400801051
0.225,0.025,95,49.72367414685572
0.225,0.025,96,50.529663384106414
0.225,0.025,97,50.90719167643507
0.225,0.025,98,51.16261110531517
0.225,0.025,99,52.885982052620136
0.225,0.025,100,53.28486085630271
0.225,0.025,101,53.57233737743008
0.225,0.025,102,54.512959479883584
0.225,0.025,103,56.79382790020729
0.225,0.025,104,59.09608933387703
0.225,0.025,105,61.58350340273517
0.225,0.025,106,64.17989154042499
0.225,0.025,107,65.49346832864488
0.225,0.025,108,67.02005841235314
0.225,0.025,109,69.44554932267762
0.225,0.025,110,70.33046747084774
0.225,0.025,111,72.88897046801338
0.225,0.025,112,74.35036272539803
0.225,0.025,113,76.99889314168881
0.225,0.025,114,79.59314870990707
0.225,0.025,115,82.66328800410713
0.225,0.025,116,86.25905940061725
0.225,0.025,117,91.27428824947602
0.225,0.025,118,96.79115847912792
0.25,0.025,1,-93.61422732420472
0.25,0.025,2,-86.28829606552897
0.25,0.025,3,-81.03691961473017
0.25,0.025,4,-78.58211304349466
0.25,0.025,5,-74.39420947269313
0.25,0.025,6,-71.23786773263863
0.25,0.025,7,-70.30896558485854
0.25,0.025,8,-66.10912668690484
0.25,0.025,9,-64.40518473773314
0.25,0.025,10,-62.609310073684114
0.25,0.025,11,-59.83167604041124
0.25,0.025,12,-57.48499387405728
0.25,0.025,13,-56.266271933354076
0.25,0.025,14,-53.42274046438918
0.25,0.025,15,-51.854288758641545
0.25,0.025,16,-50.89413312183579
0.25,0.025,17,-48.16944531162865
0.25,0.025,18,-47.60466678767155
0.25,0.025,19,-45.9235489382222
0.25,0.025,20,-44.075134824498704
0.25,0.025,21,-43.14005112109059
0.25,0.025,22,-42.083744606922394
0.25,0.025,23,-40.378486460411565
0.25,0.025,24,-39.86028801010856
0.25,0.025,25,-38.9937148031146
0.25,0.025,26,-37.698591266637564
0.25,0.025,27,-37.23460731823498
0.25,0.025,28,-36.82974036825995
0.25,0.025,29,-36.31058374704442
0.25,0.025,30,-35.91225007909303
0.25,0.025,31,-34.205875762541616
0.25,0.025,32,-34.09606721995498
0.25,0.025,33,-31.621361886474787
0.25,0.025,34,-30.873544791506745
0.25,0.025,35,-28.860480913573753
0.25,0.025,36,-26.230494527018365
0.25,0.025,37,-25.560805739920283
0.25,0.025,38,-21.19458541831878
0.25,0.025,39,-21.064641392071778
0.25,0.025,40,-14.967241380847128
0.25,0.025,41,-7.808927877236172
0.25,0.025,42,-7.531259179460918
0.25,0.025,43,-5.919032216539577
0.25,0.025,44,-4.636343800834524
0.25,0.025,45,-4.45447635618973
0.25,0.025,46,-3.5453291239242475
0.25,0.025,47,-2.8614801908425846
0.25,0.025,48,-2.191630603992934
0.25,0.025,49,-1.2373008394344538
0.25,0.025,50,-0.3190468644902751
0.25,0.025,51,0.8600270149901803
0.25,0.025,52,2.0269152345517796
0.25,0.025,53,3.367220835833507
0.25,0.025,54,4.748169299138922
0.25,0.025,55,6.280872254800315
0.25,0.025,56,7.907345160481867
0.25,0.025,57,9.620581004117042
0.25,0.025,58,11.40958156936533
0.25,0.025,59,13.2718338260741
0.25,0.025,60,15.179020943832228
0.25,0.025,61,16.944667765583084
0.25,0.025,62,16.972338899713577
0.25,0.025,63,17.044172325738007
0.25,0.025,64,18.428374865430925
0.25,0.025,65,18.698165910869864
0.25,0.025,66,18.75606500317872
0.25,0.025,67,19.398703761622585
0.25,0.025,68,19.646993179350076
0.25,0.025,69,20.112449813687903
0.25,0.025,70,20.48615238711153
0.25,0.025,71,20.811968684227878
0.25,0.025,72,21.09133475585074
0.25,0.025,73,21.324614582694238
0.25,0.025,74,21.74253966098408
0.25,0.025,75,21.83398879049524
0.25,0.025,76,22.289359748053755
0.25,0.025,77,22.85724803585443
0.25,0.025,78,22.923639220890927
0.25,0.025,79,25.33154719301713
0.25,0.025,80,31.463544185241176
0.25,0.025,81,33.06631797951087
0.25,0.025,82,35.865423723561385
0.25,0.025,83,36.39006680940195
0.25,0.025,84,38.00971665029261
0.25,0.025,85,39.87846435114633
0.25,0.025,86,40.44283656962269
0.25,0.025,87,42.237124694888045
0.25,0.025,88,42.44667264328685
0.25,0.025,89,43.74016906200125
0.25,0.025,90,45.27669161792014
0.25,0.025,91,45.61745578929462
0.25,0.025,92,46.84614735197525
0.25,0.025,93,47.07326138584582
0.25,0.025,94,48.66193552077935
0.25,0.025,95,49.333339122880524
0.25,0.025,96,50.10540909594707
0.25,0.025,97,50.98755343621729
0.25,0.025,98,51.83049042548793
0.25,0.025,99,52.53204263213517
0.25,0.025,100,53.14369342711442
0.25,0.025,101,53.675189128999726
0.25,0.025,102,54.58467894321213
0.25,0.025,103,56.79512494817598
0.25,0.025,104,59.09937193542033
0.25,0.025,105,61.566802336874716
0.25,0.025,106,64.15099815582965
0.25,0.025,107,65.69748261537428
0.25,0.025,108,66.78724304542719
0.25,0.025,109,69.30972195925204
0.25,0.025,110,70.7545467746477
0.25,0.025,111,72.44494668419466
0.25,0.025,112,74.70516448303383
0.25,0.025,113,76.80298740494348
0.25,0.025,114,79.68119905008614
0.25,0.025,115,82.6322244133642
0.25,0.025,116,86.26674332428537
0.25,0.025,117,91.27351686574505
0.25,0.025,118,96.79129338163845
0.275,0.025,1,-93.60967953807496
0.275,0.025,2,-86.28351346804517
0.275,0.025,3,-81.21445243231047
0.275,0.025,4,-78.17359624943437
0.275,0.025,5,-74.86505468315805
0.275,0.025,6,-71.39879653084158
0.275,0.025,7,-69.2688742304753
0.275,0.025,8,-67.47007837005036
0.275,0.025,9,-63.081207764611676
0.275,0.025,10,-62.69862566681634
0.275,0.025,11,-60.7698811293598
0.275,0.025,12,-57.18187198579962
0.275,0.025,13,-55.55592049814548
0.275,0.025,14,-54.41706713708119
0.275,0.025,15,-51.43975024669608
0.275,0.025,16,-50.59626713673491
0.275,0.025,17,-49.02249181879897
0.275,0.025,18,-47.00759876627227
0.275,0.025,19,-45.39307596452413
0.275,0.025,20,-45.07481821557634
0.275,0.025,21,-42.686948933793914
0.275,0.025,22,-41.59326587860603
0.275,0.025,23,-41.32970254565147
0.275,0.025,24,-39.39624819125153
0.275,0.025,25,-38.733810648362024
0.275,0.025,26,-38.254547086003285
0.275,0.025,27,-36.871056990571
0.275,0.025,28,-36.742241102552605
0.275,0.025,29,-36.545504530201995
0.275,0.025,30,-35.88239901942141
0.275,0.025,31,-34.20331256729226
0.275,0.025,32,-34.09584399497869
0.275,0.025,33,-31.61970950747623
0.275,0.025,34,-30.874461301870568
0.275,0.025,35,-28.861281658613834
0.275,0.025,36,-26.230512344504007
0.275,0.025,37,-25.560439028382916
0.275,0.025,38,-21.194729071128805
0.275,0.025,39,-21.064469346046366
0.275,0.025,40,-14.967274900374036
0.275,0.025,41,-7.807578760022082
0.275,0.025,42,-7.533743037417409
0.275,0.025,43,-5.908777266543211
0.275,0.025,44,-4.769040015767089
0.275,0.025,45,-4.246366934262056
0.275,0.025,46,-3.6821481716862507
0.275,0.025,47,-2.8008238394418186
0.275,0.025,48,-2.176846396526301
0.275,0.025,49,-1.2866578552919918
0.275,0.025,50,-0.27711804900958725
0.275,0.025,51,0.8342838980435943
0.275,0.025,52,2.0439262117424875
0.275,0.025,53,3.35537961590137
0.275,0.025,54,4.7552896365401125
0.275,0.025,55,6.277945269910887
0.275,0.025,56,7.908060175852754
0.275,0.025,57,9.620521067764315
0.275,0.025,58,11.40961907360277
0.275,0.025,59,13.271757028452981
0.275,0.025,60,15.179064143854788
0.275,0.025,61,16.9465619133522
0.275,0.025,62,16.972212819048433
0.275,0.025,63,17.04196449104452
0.275,0.025,64,18.432640577464397
0.275,0.025,65,18.697963007406905
0.275,0.025,66,18.751046640739432
0.275,0.025,67,19.39671943765785
0.275,0.025,68,19.656257415651254
0.275,0.025,69,20.09487718681727
0.275,0.025,70,20.505694951000308
0.275,0.025,71,20.83085653077083
0.275,0.025,72,21.026545515483818
0.275,0.025,73,21.385071302739817
0.275,0.025,74,21.694455018330572
0.275,0.025,75,21.860295092743144
0.275,0.025,76,22.288649116764304
0.275,0.025,77,22.857782551798152
0.275,0.025,78,22.923157297881882
0.275,0.025,79,25.331487760039025
0.275,0.025,80,31.463555989825508
0.275,0.025,81,33.06654703614428
0.275,0.025,82,35.86596036807514
0.275,0.025,83,36.39066718420079
0.275,0.025,84,38.0058880910255
0.275,0.025,85,39.88850767457813
0.275,0.025,86,40.432228211621016
0.275,0.025,87,42.236728099199325
0.275,0.025,88,42.43694778048802
0.275,0.025,89,43.79843623415376
0.275,0.025,90,45.26569627271533
0.275,0.025,91,45.45609593404857
0.275,0.025,92,46.993020054919754
0.275,0.025,93,47.4830880637873
0.275,0.025,94,47.84260400801078
0.275,0.025,95,49.723674146856965
0.275,0.025,96,50.52966338410639
0.275,0.025,97,50.90719167643454
0.275,0.025,98,51.16261110531577
0.275,0.025,99,52.885982052621195
0.275,0.025,100,53.28486085630251
0.275,0.025,101,53.57233737743068
0.275,0.025,102,54.5129594798839
0.275,0.025,103,56.79382790020774
0.275,0.025,104,59.096089333877416
0.275,0.025,105,61.583503402735474
0.275,0.025,106,64.17989154042529
0.275,0.025,107,65.49346832864396
0.275,0.025,108,67.02005841235197
0.275,0.025,109,69.44554932267715
0.275,0.025,110,70.33046747084805
0.275,0.025,111,72.88897046801347
0.275,0.025,112,74.35036272539743
0.275,0.025,113,76.99889314168932
0.275,0.025,114,79.59314870990546
0.275,0.025,115,82.66328800410643
0.275,0.025,116,86.25905940061767
0.275,0.025,117,91.27428824947698
0.275,0.025,118,96.79115847912831
0.3,0.025,1,-93.61422732420469
0.3,0.025,2,-86.28829606552823
0.3,0.025,3,-81.03691961472965
0.3,0.025,4,-78.58211304349466
0.3,0.025,5,-74.39420947269248
0.3,0.025,6,-71.2378677326384
0.3,0.025,7,-70.30896558485703
0.3,0.025,8,-66.10912668690408
0.3,0.025,9,-64.40518473773302
0.3,0.025,10,-62.609310073684256
0.3,0.025,11,-59.83167604041064
0.3,0.025,12,-57.48499387405731
0.3,0.025,13,-56.266271933356435
0.3,0.025,14,-53.422740464390145
0.3,0.025,15,-51.85428875864123
0.3,0.025,16,-50.89413312183605
0.3,0.025,17,-48.16944531162768
0.3,0.025,18,-47.60466678767072
0.3,0.025,19,-45.92354893822419
0.3,0.025,20,-44.07513482449899
0.3,0.025,21,-43.14005112109071
0.3,0.025,22,-42.08374460692163
0.3,0.025,23,-40.37848646041222
0.3,0.025,24,-39.86028801010873
0.3,0.025,25,-38.993714803115054
0.3,0.025,26,-37.69859126663742
0.3,0.025,27,-37.23460731823387
0.3,0.025,28,-36.82974036825924
0.3,0.025,29,-36.31058374704493
0.3,0.025,30,-35.912250079093454
0.3,0.025,31,-34.205875762541154
0.3,0.025,32,-34.09606721995484
0.3,0.025,33,-31.621361886474048
0.3,0.025,34,-30.873544791506788
0.3,0.025,35,-28.860480913573838
0.3,0.025,36,-26.23049452701858
0.3,0.025,37,-25.560805739920212
0.3,0.025,38,-21.194585418319136
0.3,0.025,39,-21.06464139207175
0.3,0.025,40,-14.967241380847554
0.3,0.025,41,-7.80892787723613
0.3,0.025,42,-7.5312591794610455
0.3,0.025,43,-5.919032216539463
0.3,0.025,44,-4.636343800834538
0.3,0.025,45,-4.4544763561898435
0.3,0.025,46,-3.54532912392429
0.3,0.025,47,-2.8614801908426273
0.3,0.025,48,-2.191630603992934
0.3,0.025,49,-1.2373008394345106
0.3,0.025,50,-0.3190468644903035
0.3,0.025,51,0.8600270149901235
0.3,0.025,52,2.026915234551751
0.3,0.025,53,3.3672208358334927
0.3,0.025,54,4.748169299138922
0.3,0.025,55,6.2808722548003
0.3,0.025,56,7.907345160481853
0.3,0.025,57,9.620581004117042
0.3,0.025,58,11.409581569365386
0.3,0.025,59,13.2718338260742
0.3,0.025,60,15.179020943832299
0.3,0.025,61,16.944667765583194
0.3,0.025,62,16.972338899714106
0.3,0.025,63,17.044172325738394
0.3,0.025,64,18.428374865430925
0.3,0.025,65,18.698165910869704
0.3,0.025,66,18.75606500317871
0.3,0.025,67,19.398703761622727
0.3,0.025,68,19.646993179350233
0.3,0.025,69,20.112449813688073
0.3,0.025,70,20.486152387111275
0.3,0.025,71,20.811968684227793
0.3,0.025,72,21.091334755850923
0.3,0.025,73,21.324614582694096
0.3,0.025,74,21.742539660983624
0.3,0.025,75,21.833988790495113
0.3,0.025,76,22.289359748053712
0.3,0.025,77,22.857248035854546
0.3,0.025,78,22.923639220890944
0.3,0.025,79,25.331547193017386
0.3,0.025,80,31.463544185240963
0.3,0.025,81,33.06631797951062
0.3,0.025,82,35.865423723561555
0.3,0.025,83,36.39006680940237
0.3,0.025,84,38.0097166502933
0.3,0.025,85,39.878464351146484
0.3,0.025,86,40.442836569622315
0.3,0.025,87,42.23712469488761
0.3,0.025,88,42.44667264328643
0.3,0.025,89,43.74016906200069
0.3,0.025,90,45.27669161792025
0.3,0.025,91,45.61745578929429
0.3,0.025,92,46.84614735197468
0.3,0.025,93,47.0732613858451
0.3,0.025,94,48.6619355207794
0.3,0.025,95,49.33333912288099
0.3,0.025,96,50.10540909594737
0.3,0.025,97,50.98755343621909
0.3,0.025,98,51.830490425487696
0.3,0.025,99,52.53204263213462
0.3,0.025,100,53.143693427114115
0.3,0.025,101,53.67518912899844
0.3,0.025,102,54.58467894321089
0.3,0.025,103,56.795124948175626
0.3,0.025,104,59.099371935420464
0.3,0.025,105,61.566802336875256
0.3,0.025,106,64.15099815582928
0.3,0.025,107,65.69748261537445
0.3,0.025,108,66.78724304542612
0.3,0.025,109,69.30972195925295
0.3,0.025,110,70.75454677464856
0.3,0.025,111,72.44494668419566
0.3,0.025,112,74.70516448303256
0.3,0.025,113,76.80298740494172
0.3,0.025,114,79.68119905008568
0.3,0.025,115,82.63222441336387
0.3,0.025,116,86.26674332428601
0.3,0.025,117,91.27351686574355
0.3,0.025,118,96.79129338163816
0.325,0.025,1,-93.60967953807464
0.325,0.025,2,-86.28351346804483
0.325,0.025,3,-81.21445243231047
0.325,0.025,4,-78.17359624943431
0.325,0.025,5,-74.86505468315802
0.325,0.025,6,-71.39879653084164
0.325,0.025,7,-69.26887423047494
0.325,0.025,8,-67.47007837005022
0.325,0.025,9,-63.081207764612444
0.325,0.025,10,-62.698625666816255
0.325,0.025,11,-60.76988112935989
0.325,0.025,12,-57.18187198580135
0.325,0.025,13,-55.55592049814557
0.325,0.025,14,-54.41706713708167
0.325,0.025,15,-51.43975024669545
0.325,0.025,16,-50.59626713673417
0.325,0.025,17,-49.02249181879874
0.325,0.025,18,-47.00759876627323
0.325,0.025,19,-45.393075964523106
0.325,0.025,20,-45.0748182155766
0.325,0.025,21,-42.68694893379437
0.325,0.025,22,-41.5932658786062
0.325,0.025,23,-41.32970254565184
0.325,0.025,24,-39.39624819125139
0.325,0.025,25,-38.73381064836177
0.325,0.025,26,-38.254547086003484
0.325,0.025,27,-36.8710569905708
0.325,0.025,28,-36.74224110255215
0.325,0.025,29,-36.54550453020228
0.325,0.025,30,-35.88239901942198
0.325,0.025,31,-34.20331256729247
0.325,0.025,32,-34.095843994978836
0.325,0.025,33,-31.61970950747643
0.325,0.025,34,-30.874461301870937
0.325,0.025,35,-28.861281658613947
0.325,0.025,36,-26.23051234450422
0.325,0.025,37,-25.56043902838306
0.325,0.025,38,-21.194729071129316
0.325,0.025,39,-21.064469346046664
0.325,0.025,40,-14.967274900374449
0.325,0.025,41,-7.807578760022139
0.325,0.025,42,-7.533743037417622
0.325,0.025,43,-5.9087772665430975
0.325,0.025,44,-4.769040015767075
0.325,0.025,45,-4.246366934262085
0.325,0.025,46,-3.6821481716862223
0.325,0.025,47,-2.8008238394418328
0.325,0.025,48,-2.176846396526301
0.325,0.025,49,-1.2866578552919776
0.325,0.025,50,-0.27711804900960146
0.325,0.025,51,0.8342838980435516
0.325,0.025,52,2.043926211742459
0.325,0.025,53,3.3553796159013842
0.325,0.025,54,4.755289636540141
0.325,0.025,55,6.277945269910859
0.325,0.025,56,7.908060175852754
0.325,0.025,57,9.620521067764301
0.325,0.025,58,11.40961907360267
0.325,0.025,59,13.271757028452924
0.325,0.025,60,15.17906414385476
0.325,0.025,61,16.94656191335214
0.325,0.025,62,16.972212819048384
0.325,0.025,63,17.041964491044457
0.325,0.025,64,18.432640577464497
0.325,0.025,65,18.697963007406894
0.325,0.025,66,18.751046640739315
0.325,0.025,67,19.396719437657865
0.325,0.025,68,19.656257415651154
0.325,0.025,69,20.094877186817328
0.325,0.025,70,20.505694951000294
0.325,0.025,71,20.830856530770845
0.325,0.025,72,21.026545515484145
0.325,0.025,73,21.38507130274023
0.325,0.025,74,21.694455018330515
0.325,0.025,75,21.860295092743527
0.325,0.025,76,22.28864911676419
0.325,0.025,77,22.857782551798095
0.325,0.025,78,22.923157297881918
0.325,0.025,79,25.331487760039096
0.325,0.025,80,31.46355598982487
0.325,0.025,81,33.0665470361443
0.325,0.025,82,35.865960368075235
0.325,0.025,83,36.390667184201135
0.325,0.025,84,38.005888091025064
0.325,0.025,85,39.888507674578506
0.325,0.025,86,40.4322282116197
0.325,0.025,87,42.23672809919943
0.325,0.025,88,42.43694778048686
0.325,0.025,89,43.798436234154025
0.325,0.025,90,45.265696272715346
0.325,0.025,91,45.456095934048925
0.325,0.025,92,46.99302005491769
0.325,0.025,93,47.48308806378756
0.325,0.025,94,47.84260400801023
0.325,0.025,95,49.72367414685596
0.325,0.025,96,50.52966338410649
0.325,0.025,97,50.90719167643458
0.325,0.025,98,51.162611105316
0.325,0.025,99,52.8859820526206
0.325,0.025,100,53.284860856302714
0.325,0.025,101,53.57233737743012
0.325,0.025,102,54.51295947988324
0.325,0.025,103,56.7938279002064
0.325,0.025,104,59.096089333877735
0.325,0.025,105,61.58350340273616
0.325,0.025,106,64.17989154042377
0.325,0.025,107,65.49346832864384
0.325,0.025,108,67.02005841235272
0.325,0.025,109,69.44554932267722
0.325,0.025,110,70.33046747084832
0.325,0.025,111,72.88897046801226
0.325,0.025,112,74.35036272539722
0.325,0.025,113,76.99889314168877
0.325,0.025,114,79.59314870990471
0.325,0.025,115,82.66328800410602
0.325,0.025,116,86.25905940061631
0.325,0.025,117,91.27428824947654
0.325,0.025,118,96.79115847912803
0.35,0.025,1,-93.61422732420483
0.35,0.025,2,-86.28829606552848
0.35,0.025,3,-81.03691961473028
0.35,0.025,4,-78.58211304349472
0.35,0.025,5,-74.39420947269276
0.35,0.025,6,-71.23786773263866
0.35,0.025,7,-70.30896558485777
0.35,0.025,8,-66.10912668690496
0.35,0.025,9,-64.40518473773234
0.35,0.025,10,-62.609310073684455
0.35,0.025,11,-59.831676040410755
0.35,0.025,12,-57.48499387405765
0.35,0.025,13,-56.266271933356094
0.35,0.025,14,-53.42274046438975
0.35,0.025,15,-51.85428875864123
0.35,0.025,16,-50.89413312183545
0.35,0.025,17,-48.16944531162876
0.35,0.025,18,-47.60466678767149
0.35,0.025,19,-45.92354893822399
0.35,0.025,20,-44.0751348244989
0.35,0.025,21,-43.140051121090394
0.35,0.025,22,-42.083744606922565
0.35,0.025,23,-40.37848646041185
0.35,0.025,24,-39.86028801010845
0.35,0.025,25,-38.993714803114656
0.35,0.025,26,-37.698591266637536
0.35,0.025,27,-37.23460731823438
0.35,0.025,28,-36.82974036825935
0.35,0.025,29,-36.31058374704516
0.35,0.025,30,-35.91225007909371
0.35,0.025,31,-34.20587576254148
0.35,0.025,32,-34.09606721995506
0.35,0.025,33,-31.621361886474304
0.35,0.025,34,-30.873544791506802
0.35,0.025,35,-28.860480913573696
0.35,0.025,36,-26.230494527018706
0.35,0.025,37,-25.56080573992017
0.35,0.025,38,-21.194585418319036
0.35,0.025,39,-21.064641392071906
0.35,0.025,40,-14.967241380847184
0.35,0.025,41,-7.808927877236002
0.35,0.025,42,-7.5312591794610455
0.35,0.025,43,-5.919032216539563
0.35,0.025,44,-4.63634380083451
0.35,0.025,45,-4.4544763561899
0.35,0.025,46,-3.5453291239242475
0.35,0.025,47,-2.8614801908425846
0.35,0.025,48,-2.191630603992934
0.35,0.025,49,-1.2373008394344396
0.35,0.025,50,-0.3190468644902751
0.35,0.025,51,0.8600270149901661
0.35,0.025,52,2.0269152345517796
0.35,0.025,53,3.367220835833521
0.35,0.025,54,4.748169299139036
0.35,0.025,55,6.2808722548004425
0.35,0.025,56,7.907345160481967
0.35,0.025,57,9.620581004117028
0.35,0.025,58,11.409581569365358
0.35,0.025,59,13.271833826074243
0.35,0.025,60,15.17902094383227
0.35,0.025,61,16.944667765582984
0.35,0.025,62,16.9723388997137
0.35,0.025,63,17.0441723257381
0.35,0.025,64,18.428374865430953
0.35,0.025,65,18.698165910869687
0.35,0.025,66,18.756065003178563
0.35,0.025,67,19.398703761622514
0.35,0.025,68,19.64699317935036
0.35,0.025,69,20.112449813687903
0.35,0.025,70,20.486152387111687
0.35,0.025,71,20.811968684227537
0.35,0.025,72,21.09133475585064
0.35,0.025,73,21.324614582694096
0.35,0.025,74,21.742539660983965
0.35,0.025,75,21.833988790494942
0.35,0.025,76,22.289359748053585
0.35,0.025,77,22.85724803585381
0.35,0.025,78,22.92363922089101
0.35,0.025,79,25.3315471930171
0.35,0.025,80,31.463544185240366
0.35,0.025,81,33.06631797951051
0.35,0.025,82,35.86542372356156
0.35,0.025,83,36.39006680940187
0.35,0.025,84,38.00971665029304
0.35,0.025,85,39.8784643511459
0.35,0.025,86,40.44283656962257
0.35,0.025,87,42.23712469488807
0.35,0.025,88,42.446672643286284
0.35,0.025,89,43.74016906200011
0.35,0.025,90,45.27669161792003
0.35,0.025,91,45.61745578929405
0.35,0.025,92,46.846147351974714
0.35,0.025,93,47.07326138584411
0.35,0.025,94,48.66193552077962
0.35,0.025,95,49.33333912288011
0.35,0.025,96,50.10540909594692
0.35,0.025,97,50.98755343621852
0.35,0.025,98,51.830490425487405
0.35,0.025,99,52.53204263213537
0.35,0.025,100,53.143693427114506
0.35,0.025,101,53.6751891290004
0.35,0.025,102,54.58467894321143
0.35,0.025,103,56.795124948176365
0.35,0.025,104,59.099371935420955
0.35,0.025,105,61.566802336874765
0.35,0.025,106,64.15099815583068
0.35,0.025,107,65.69748261537484
0.35,0.025,108,66.78724304542621
0.35,0.025,109,69.30972195925263
0.35,0.025,110,70.75454677464825
0.35,0.025,111,72.44494668419517
0.35,0.025,112,74.70516448303474
0.35,0.025,113,76.80298740494268
0.35,0.025,114,79.68119905008558
0.35,0.025,115,82.63222441336423
0.35,0.025,116,86.26674332428621
0.35,0.025,117,91.27351686574482
0.35,0.025,118,96.79129338163847
0.375,0.025,1,-93.60967953807504
0.375,0.025,2,-86.28351346804486
0.375,0.025,3,-81.21445243231061
0.375,0.025,4,-78.17359624943434
0.375,0.025,5,-74.86505468315777
0.375,0.025,6,-71.39879653084184
0.375,0.025,7,-69.26887423047638
0.375,0.025,8,-67.47007837005025
0.375,0.025,9,-63.081207764611904
0.375,0.025,10,-62.69862566681631
0.375,0.025,11,-60.76988112935969
0.375,0.025,12,-57.18187198579999
0.375,0.025,13,-55.55592049814585
0.375,0.025,14,-54.41706713708216
0.375,0.025,15,-51.43975024669594
0.375,0.025,16,-50.59626713673423
0.375,0.025,17,-49.02249181879914
0.375,0.025,18,-47.007598766273176
0.375,0.025,19,-45.39307596452302
0.375,0.025,20,-45.074818215576
0.375,0.025,21,-42.686948933794284
0.375,0.025,22,-41.593265878606346
0.375,0.025,23,-41.329702545651756
0.375,0.025,24,-39.39624819125113
0.375,0.025,25,-38.73381064836157
0.375,0.025,26,-38.254547086002916
0.375,0.025,27,-36.87105699057133
0.375,0.025,28,-36.74224110255226
0.375,0.025,29,-36.54550453020171
0.375,0.025,30,-35.882399019421726
0.375,0.025,31,-34.20331256729224
0.375,0.025,32,-34.09584399497857
0.375,0.025,33,-31.61970950747643
0.375,0.025,34,-30.87446130187078
0.375,0.025,35,-28.86128165861399
0.375,0.025,36,-26.230512344503893
0.375,0.025,37,-25.560439028383087
0.375,0.025,38,-21.194729071128734
0.375,0.025,39,-21.064469346046565
0.375,0.025,40,-14.967274900373909
0.375,0.025,41,-7.8075787600221815
0.375,0.025,42,-7.5337430374175085
0.375,0.025,43,-5.908777266543126
0.375,0.025,44,-4.769040015767089
0.375,0.025,45,-4.246366934262127
0.375,0.025,46,-3.682148171686265
0.375,0.025,47,-2.8008238394418328
0.375,0.025,48,-2.1768463965262868
0.375,0.025,49,-1.2866578552920203
0.375,0.025,50,-0.2771180490096299
0.375,0.025,51,0.8342838980435658
0.375,0.025,52,2.0439262117424875
0.375,0.025,53,3.3553796159014126
0.375,0.025,54,4.755289636540041
0.375,0.025,55,6.2779452699109015
0.375,0.025,56,7.908060175852796
0.375,0.025,57,9.620521067764273
0.375,0.025,58,11.409619073602727
0.375,0.025,59,13.271757028452953
0.375,0.025,60,15.17906414385476
0.375,0.025,61,16.946561913352024
0.375,0.025,62,16.972212819048146
0.375,0.025,63,17.041964491044197
0.375,0.025,64,18.432640577464312
0.375,0.025,65,18.69796300740697
0.375,0.025,66,18.75104664073942
0.375,0.025,67,19.39671943765761
0.375,0.025,68,19.656257415651282
0.375,0.025,69,20.094877186817428
0.375,0.025,70,20.505694951000365
0.375,0.025,71,20.830856530770916
0.375,0.025,72,21.02654551548403
0.375,0.025,73,21.385071302740428
0.375,0.025,74,21.694455018330714
0.375,0.025,75,21.860295092743172
0.375,0.025,76,22.288649116764162
0.375,0.025,77,22.857782551798202
0.375,0.025,78,22.92315729788191
0.375,0.025,79,25.331487760039295
0.375,0.025,80,31.46355598982514
0.375,0.025,81,33.066547036144264
0.375,0.025,82,35.86596036807492
0.375,0.025,83,36.39066718420063
0.375,0.025,84,38.00588809102506
0.375,0.025,85,39.888507674578186
0.375,0.025,86,40.43222821162066
0.375,0.025,87,42.23672809919982
0.375,0.025,88,42.436947780487955
0.375,0.025,89,43.79843623415373
0.375,0.025,90,45.26569627271504
0.375,0.025,91,45.456095934048285
0.375,0.025,92,46.99302005491762
0.375,0.025,93,47.48308806378733
0.375,0.025,94,47.84260400801063
0.375,0.025,95,49.72367414685642
0.375,0.025,96,50.52966338410661
0.375,0.025,97,50.90719167643479
0.375,0.025,98,51.162611105316046
0.375,0.025,99,52.885982052620676
0.375,0.025,100,53.28486085630283
0.375,0.025,101,53.57233737743065
0.375,0.025,102,54.51295947988427
0.375,0.025,103,56.793827900207184
0.375,0.025,104,59.09608933387787
0.375,0.025,105,61.583503402735175
0.375,0.025,106,64.17989154042428
0.375,0.025,107,65.49346832864472
0.375,0.025,108,67.0200584123533
0.375,0.025,109,69.44554932267746
0.375,0.025,110,70.3304674708472
0.375,0.025,111,72.88897046801337
0.375,0.025,112,74.35036272539763
0.375,0.025,113,76.99889314168877
0.375,0.025,114,79.59314870990669
0.375,0.025,115,82.66328800410696
0.375,0.025,116,86.25905940061645
0.375,0.025,117,91.27428824947661
0.375,0.025,118,96.79115847912811
0.4,0.025,1,-93.61422732420509
0.4,0.025,2,-86.2882960655284
0.4,0.025,3,-81.03691961472997
0.4,0.025,4,-78.58211304349491
0.4,0.025,5,-74.3942094726926
0.4,0.025,6,-71.23786773263835
0.4,0.025,7,-70.30896558485763
0.4,0.025,8,-66.10912668690439
0.4,0.025,9,-64.40518473773245
0.4,0.025,10,-62.6093100736842
0.4,0.025,11,-59.8316760404105
0.4,0.025,12,-57.484993874057196
0.4,0.025,13,-56.26627193335581
0.4,0.025,14,-53.42274046439006
0.4,0.025,15,-51.854288758641886
0.4,0.025,16,-50.89413312183585
0.4,0.025,17,-48.16944531162814
0.4,0.025,18,-47.60466678767149
0.4,0.025,19,-45.92354893822316
0.4,0.025,20,-44.07513482449811
0.4,0.025,21,-43.14005112109065
0.4,0.025,22,-42.0837446069216
0.4,0.025,23,-40.37848646041225
0.4,0.025,24,-39.86028801010853
0.4,0.025,25,-38.99371480311463
0.4,0.025,26,-37.69859126663742
0.4,0.025,27,-37.234607318234296
0.4,0.025,28,-36.82974036825935
0.4,0.025,29,-36.31058374704533
0.4,0.025,30,-35.912250079093056
0.4,0.025,31,-34.20587576254115
0.4,0.025,32,-34.0960672199548
0.4,0.025,33,-31.621361886474304
0.4,0.025,34,-30.873544791507058
0.4,0.025,35,-28.86048091357405
0.4,0.025,36,-26.230494527018408
0.4,0.025,37,-25.56080573992027
0.4,0.025,38,-21.194585418318965
0.4,0.025,39,-21.06464139207172
0.4,0.025,40,-14.967241380847199
0.4,0.025,41,-7.808927877236243
0.4,0.025,42,-7.5312591794610455
0.4,0.025,43,-5.919032216539534
0.4,0.025,44,-4.6363438008345526
0.4,0.025,45,-4.454476356189886
0.4,0.025,46,-3.545329123924219
0.4,0.025,47,-2.8614801908426273
0.4,0.025,48,-2.191630603992948
0.4,0.025,49,-1.237300839434468
0.4,0.025,50,-0.3190468644902893
0.4,0.025,51,0.8600270149901519
0.4,0.025,52,2.026915234551737
0.4,0.025,53,3.3672208358334075
0.4,0.025,54,4.748169299138851
0.4,0.025,55,6.280872254800329
0.4,0.025,56,7.907345160481839
0.4,0.025,57,9.620581004116957
0.4,0.025,58,11.409581569365386
0.4,0.025,59,13.271833826074356
0.4,0.025,60,15.179020943832356
0.4,0.025,61,16.94466776558319
0.4,0.025,62,16.97233889971397
0.4,0.025,63,17.044172325738284
0.4,0.025,64,18.428374865430897
0.4,0.025,65,18.698165910869772
0.4,0.025,66,18.756065003178673
0.4,0.025,67,19.398703761622627
0.4,0.025,68,19.64699317935043
0.4,0.025,69,20.11244981368796
0.4,0.025,70,20.486152387111602
0.4,0.025,71,20.811968684227665
0.4,0.025,72,21.091334755850824
0.4,0.025,73,21.324614582694224
0.4,0.025,74,21.742539660983596
0.4,0.025,75,21.83398879049524
0.4,0.025,76,22.289359748053997
0.4,0.025,77,22.85724803585421
0.4,0.025,78,22.923639220890962
0.4,0.025,79,25.331547193017386
0.4,0.025,80,31.463544185241247
0.4,0.025,81,33.066317979510714
0.4,0.025,82,35.86542372356143
0.4,0.025,83,36.3900668094024
0.4,0.025,84,38.009716650292894
0.4,0.025,85,39.87846435114634
0.4,0.025,86,40.442836569623076
0.4,0.025,87,42.237124694887655
0.4,0.025,88,42.44667264328647
0.4,0.025,89,43.740169062000554
0.4,0.025,90,45.27669161792065
0.4,0.025,91,45.61745578929451
0.4,0.025,92,46.84614735197434
0.4,0.025,93,47.073261385844404
0.4,0.025,94,48.66193552077905
0.4,0.025,95,49.33333912288034
0.4,0.025,96,50.105409095947
0.4,0.025,97,50.98755343621852
0.4,0.025,98,51.83049042548748
0.4,0.025,99,52.532042632135
0.4,0.025,100,53.14369342711443
0.4,0.025,101,53.67518912899944
0.4,0.025,102,54.584678943211344
0.4,0.025,103,56.79512494817555
0.4,0.025,104,59.09937193542145
0.4,0.025,105,61.566802336876115
0.4,0.025,106,64.15099815582805
0.4,0.025,107,65.69748261537418
0.4,0.025,108,66.78724304542557
0.4,0.025,109,69.30972195925393
0.4,0.025,110,70.75454677464896
0.4,0.025,111,72.44494668419567
0.4,0.025,112,74.70516448303303
0.4,0.025,113,76.8029874049424
0.4,0.025,114,79.68119905008608
0.4,0.025,115,82.6322244133637
0.4,0.025,116,86.26674332428533
0.4,0.025,117,91.27351686574467
0.4,0.025,118,96.79129338163847
0.425,0.025,1,-93.60967953807501
0.425,0.025,2,-86.28351346804455
0.425,0.025,3,-81.2144524323101
0.425,0.025,4,-78.1735962494348
0.425,0.025,5,-74.86505468315822
0.425,0.025,6,-71.39879653084104
0.425,0.025,7,-69.26887423047613
0.425,0.025,8,-67.47007837005067
0.425,0.025,9,-63.08120776461287
0.425,0.025,10,-62.698625666816056
0.425,0.025,11,-60.76988112935969
0.425,0.025,12,-57.18187198580064
0.425,0.025,13,-55.555920498144914
0.425,0.025,14,-54.41706713708176
0.425,0.025,15,-51.439750246696306
0.425,0.025,16,-50.59626713673531
0.425,0.025,17,-49.022491818799
0.425,0.025,18,-47.00759876627269
0.425,0.025,19,-45.393075964523334
0.425,0.025,20,-45.074818215576144
0.425,0.025,21,-42.68694893379272
0.425,0.025,22,-41.59326587860612
0.425,0.025,23,-41.32970254565136
0.425,0.025,24,-39.39624819125025
0.425,0.025,25,-38.7338106483616
0.425,0.025,26,-38.254547086003626
0.425,0.025,27,-36.871056990570864
0.425,0.025,28,-36.74224110255171
0.425,0.025,29,-36.54550453020197
0.425,0.025,30,-35.882399019421214
0.425,0.025,31,-34.20331256729253
0.425,0.025,32,-34.095843994978566
0.425,0.025,33,-31.619709507475974
0.425,0.025,34,-30.874461301871293
0.425,0.025,35,-28.861281658614246
0.425,0.025,36,-26.230512344504405
0.425,0.025,37,-25.560439028383215
0.425,0.025,38,-21.194729071129217
0.425,0.025,39,-21.06446934604655
0.425,0.025,40,-14.967274900374278
0.425,0.025,41,-7.8075787600219115
0.425,0.025,42,-7.533743037417636
0.425,0.025,43,-5.908777266543183
0.425,0.025,44,-4.769040015767118
0.425,0.025,45,-4.246366934262085
0.425,0.025,46,-3.6821481716862507
0.425,0.025,47,-2.8008238394418186
0.425,0.025,48,-2.17684639652623
0.425,0.025,49,-1.286657855292006
0.425,0.025,50,-0.2771180490096157
0.425,0.025,51,0.8342838980436227
0.425,0.025,52,2.0439262117424732
0.425,0.025,53,3.35537961590137
0.425,0.025,54,4.755289636540056
0.425,0.025,55,6.277945269910887
0.425,0.025,56,7.908060175852754
0.425,0.025,57,9.620521067764258
0.425,0.025,58,11.409619073602713
0.425,0.025,59,13.271757028452953
0.425,0.025,60,15.179064143854688
0.425,0.025,61,16.94656191335214
0.425,0.025,62,16.972212819048334
0.425,0.025,63,17.04196449104447
0.425,0.025,64,18.43264057746447
0.425,0.025,65,18.697963007407083
0.425,0.025,66,18.75104664073944
0.425,0.025,67,19.396719437657723
0.425,0.025,68,19.656257415651112
0.425,0.025,69,20.094877186817342
0.425,0.025,70,20.50569495100008
0.425,0.025,71,20.83085653077086
0.425,0.025,72,21.02654551548372
0.425,0.025,73,21.385071302740243
0.425,0.025,74,21.69445501833023
0.425,0.025,75,21.86029509274323
0.425,0.025,76,22.288649116763963
0.425,0.025,77,22.857782551797968
0.425,0.025,78,22.923157297881904
0.425,0.025,79,25.33148776003935
0.425,0.025,80,31.463555989825352
0.425,0.025,81,33.06654703614476
0.425,0.025,82,35.86596036807555
0.425,0.025,83,36.39066718420077
0.425,0.025,84,38.00588809102549
0.425,0.025,85,39.88850767457857
0.425,0.025,86,40.43222821162089
0.425,0.025,87,42.236728099199695
0.425,0.025,88,42.436947780488104
0.425,0.025,89,43.79843623415417
0.425,0.025,90,45.2656962727148
0.425,0.025,91,45.45609593404845
0.425,0.025,92,46.99302005491983
0.425,0.025,93,47.483088063787385
0.425,0.025,94,47.84260400801071
0.425,0.025,95,49.72367414685684
0.425,0.025,96,50.52966338410657
0.425,0.025,97,50.90719167643401
0.425,0.025,98,51.16261110531556
0.425,0.025,99,52.88598205262032
0.425,0.025,100,53.28486085630259
0.425,0.025,101,53.572337377430905
0.425,0.025,102,54.51295947988318
0.425,0.025,103,56.79382790020808
0.425,0.025,104,59.09608933387797
0.425,0.025,105,61.58350340273467
0.425,0.025,106,64.17989154042462
0.425,0.025,107,65.4934683286439
0.425,0.025,108,67.02005841235362
0.425,0.025,109,69.44554932267697
0.425,0.025,110,70.3304674708474
0.425,0.025,111,72.88897046801316
0.425,0.025,112,74.35036272539689
0.425,0.025,113,76.99889314168854
0.425,0.025,114,79.59314870990536
0.425,0.025,115,82.66328800410656
0.425,0.025,116,86.25905940061685
0.425,0.025,117,91.27428824947654
0.425,0.025,118,96.79115847912804
0.45,0.025,1,-93.6142273242052
0.45,0.025,2,-86.28829606552846
0.45,0.025,3,-81.03691961473051
0.45,0.025,4,-78.58211304349463
0.45,0.025,5,-74.39420947269268
0.45,0.025,6,-71.23786773263906
0.45,0.025,7,-70.30896558485846
0.45,0.025,8,-66.10912668690558
0.45,0.025,9,-64.40518473773325
0.45,0.025,10,-62.6093100736842
0.45,0.025,11,-59.831676040410784
0.45,0.025,12,-57.48499387405717
0.45,0.025,13,-56.26627193335575
0.45,0.025,14,-53.42274046439111
0.45,0.025,15,-51.854288758640436
0.45,0.025,16,-50.89413312183625
0.45,0.025,17,-48.16944531162805
0.45,0.025,18,-47.60466678767115
0.45,0.025,19,-45.923548938222794
0.45,0.025,20,-44.07513482449916
0.45,0.025,21,-43.14005112109059
0.45,0.025,22,-42.08374460692157
0.45,0.025,23,-40.37848646041225
0.45,0.025,24,-39.860288010108874
0.45,0.025,25,-38.9937148031148
0.45,0.025,26,-37.69859126663762
0.45,0.025,27,-37.234607318234836
0.45,0.025,28,-36.82974036825955
0.45,0.025,29,-36.310583747044646
0.45,0.025,30,-35.91225007909283
0.45,0.025,31,-34.20587576254168
0.45,0.025,32,-34.09606721995469
0.45,0.025,33,-31.621361886474645
0.45,0.025,34,-30.873544791507285
0.45,0.025,35,-28.860480913574122
0.45,0.025,36,-26.230494527018465
0.45,0.025,37,-25.560805739920042
0.45,0.025,38,-21.19458541831908
0.45,0.025,39,-21.06464139207182
0.45,0.025,40,-14.967241380847554
0.45,0.025,41,-7.8089278772363855
0.45,0.025,42,-7.53125917946096
0.45,0.025,43,-5.919032216539563
0.45,0.025,44,-4.636343800834496
0.45,0.025,45,-4.454476356189815
0.45,0.025,46,-3.545329123924219
0.45,0.025,47,-2.8614801908426273
0.45,0.025,48,-2.1916306039929623
0.45,0.025,49,-1.2373008394344822
0.45,0.025,50,-0.3190468644902751
0.45,0.025,51,0.8600270149901803
0.45,0.025,52,2.0269152345517654
0.45,0.025,53,3.3672208358334075
0.45,0.025,54,4.748169299138823
0.45,0.025,55,6.280872254800229
0.45,0.025,56,7.907345160481853
0.45,0.025,57,9.620581004117113
0.45,0.025,58,11.409581569365344
0.45,0.025,59,13.2718338260742
0.45,0.025,60,15.179020943832242
0.45,0.025,61,16.944667765583155
0.45,0.025,62,16.97233889971372
0.45,0.025,63,17.04417232573796
0.45,0.025,64,18.42837486543091
0.45,0.025,65,18.698165910869708
0.45,0.025,66,18.756065003178573
0.45,0.025,67,19.3987037616225
0.45,0.025,68,19.64699317935046
0.45,0.025,69,20.11244981368776
0.45,0.025,70,20.486152387111517
0.45,0.025,71,20.811968684227693
0.45,0.025,72,21.091334755850653
0.45,0.025,73,21.32461458269384
0.45,0.025,74,21.742539660983454
0.45,0.025,75,21.83398879049544
0.45,0.025,76,22.289359748053855
0.45,0.025,77,22.85724803585433
0.45,0.025,78,22.923639220890948
0.45,0.025,79,25.331547193017116
0.45,0.025,80,31.46354418524048
0.45,0.025,81,33.066317979510636
0.45,0.025,82,35.86542372356167
0.45,0.025,83,36.39006680940237
0.45,0.025,84,38.009716650293726
0.45,0.025,85,39.878464351146384
0.45,0.025,86,40.44283656962272
0.45,0.025,87,42.23712469488814
0.45,0.025,88,42.44667264328661
0.45,0.025,89,43.74016906200047
0.45,0.025,90,45.27669161791987
0.45,0.025,91,45.61745578929428
0.45,0.025,92,46.846147351974494
0.45,0.025,93,47.07326138584451
0.45,0.025,94,48.661935520779416
0.45,0.025,95,49.3333391228812
0.45,0.025,96,50.105409095946705
0.45,0.025,97,50.98755343621798
0.45,0.025,98,51.83049042548872
0.45,0.025,99,52.532042632134406
0.45,0.025,100,53.14369342711386
0.45,0.025,101,53.675189128997616
0.45,0.025,102,54.58467894321071
0.45,0.025,103,56.79512494817627
0.45,0.025,104,59.09937193542014
0.45,0.025,105,61.566802336875654
0.45,0.025,106,64.15099815582775
0.45,0.025,107,65.6974826153745
0.45,0.025,108,66.78724304542635
0.45,0.025,109,69.30972195925284
0.45,0.025,110,70.75454677464849
0.45,0.025,111,72.44494668419543
0.45,0.025,112,74.70516448303361
0.45,0.025,113,76.8029874049433
0.45,0.025,114,79.68119905008598
0.45,0.025,115,82.63222441336531
0.45,0.025,116,86.26674332428554
0.45,0.025,117,91.2735168657451
0.45,0.025,118,96.79129338163854
0.475,0.025,1,-93.6096795380751
0.475,0.025,2,-86.28351346804472
0.475,0.025,3,-81.21445243231061
0.475,0.025,4,-78.17359624943468
0.475,0.025,5,-74.86505468315819
0.475,0.025,6,-71.3987965308415
0.475,0.025,7,-69.26887423047567
0.475,0.025,8,-67.47007837005096
0.475,0.025,9,-63.08120776461281
0.475,0.025,10,-62.698625666815744
0.475,0.025,11,-60.769881129359604
0.475,0.025,12,-57.181871985801266
0.475,0.025,13,-55.55592049814557
0.475,0.025,14,-54.417067137082014
0.475,0.025,15,-51.43975024669608
0.475,0.025,16,-50.596267136734426
0.475,0.025,17,-49.02249181879854
0.475,0.025,18,-47.007598766272665
0.475,0.025,19,-45.393075964522254
0.475,0.025,20,-45.07481821557617
0.475,0.025,21,-42.686948933793715
0.475,0.025,22,-41.59326587860683
0.475,0.025,23,-41.32970254565173
0.475,0.025,24,-39.39624819125076
0.475,0.025,25,-38.733810648361825
0.475,0.025,26,-38.25454708600306
0.475,0.025,27,-36.871056990570196
0.475,0.025,28,-36.74224110255196
0.475,0.025,29,-36.54550453020208
0.475,0.025,30,-35.88239901942207
0.475,0.025,31,-34.20331256729251
0.475,0.025,32,-34.095843994978786
0.475,0.025,33,-31.61970950747626
0.475,0.025,34,-30.874461301870525
0.475,0.025,35,-28.86128165861416
0.475,0.025,36,-26.23051234450432
0.475,0.025,37,-25.560439028383172
0.475,0.025,38,-21.194729071128734
0.475,0.025,39,-21.064469346046607
0.475,0.025,40,-14.967274900374022
0.475,0.025,41,-7.807578760022039
0.475,0.025,42,-7.533743037417466
0.475,0.025,43,-5.908777266543069
0.475,0.025,44,-4.769040015767004
0.475,0.025,45,-4.246366934262056
0.475,0.025,46,-3.682148171686265
0.475,0.025,47,-2.8008238394418328
0.475,0.025,48,-2.1768463965262725
0.475,0.025,49,-1.2866578552919492
0.475,0.025,50,-0.2771180490096157
0.475,0.025,51,0.8342838980436085
0.475,0.025,52,2.0439262117424875
0.475,0.025,53,3.3553796159013984
0.475,0.025,54,4.7552896365401836
0.475,0.025,55,6.277945269910859
0.475,0.025,56,7.90806017585281
0.475,0.025,57,9.620521067764301
0.475,0.025,58,11.409619073602713
0.475,0.025,59,13.271757028452996
0.475,0.025,60,15.179064143854788
0.475,0.025,61,16.946561913352124
0.475,0.025,62,16.97221281904811
0.475,0.025,63,17.041964491044254
0.475,0.025,64,18.43264057746454
0.475,0.025,65,18.697963007406983
0.475,0.025,66,18.751046640739172
0.475,0.025,67,19.396719437657723
0.475,0.025,68,19.65625741565114
0.475,0.025,69,20.094877186817328
0.475,0.025,70,20.50569495100015
0.475,0.025,71,20.830856530770916
0.475,0.025,72,21.026545515484102
0.475,0.025,73,21.38507130274023
0.475,0.025,74,21.694455018330885
0.475,0.025,75,21.860295092743925
0.475,0.025,76,22.288649116764205
0.475,0.025,77,22.857782551798447
0.475,0.025,78,22.923157297882057
0.475,0.025,79,25.331487760039025
0.475,0.025,80,31.463555989824798
0.475,0.025,81,33.06654703614432
0.475,0.025,82,35.8659603680752
0.475,0.025,83,36.3906671842009
0.475,0.025,84,38.00588809102503
0.475,0.025,85,39.88850767457828
0.475,0.025,86,40.4322282116201
0.475,0.025,87,42.23672809920016
0.475,0.025,88,42.43694778048745
0.475,0.025,89,43.798436234154416
0.475,0.025,90,45.26569627271553
0.475,0.025,91,45.456095934048555
0.475,0.025,92,46.99302005491741
0.475,0.025,93,47.48308806378734
0.475,0.025,94,47.84260400801111
0.475,0.025,95,49.72367414685643
0.475,0.025,96,50.529663384106435
0.475,0.025,97,50.90719167643478
0.475,0.025,98,51.16261110531616
0.475,0.025,99,52.88598205262068
0.475,0.025,100,53.28486085630283
0.475,0.025,101,53.57233737743125
0.475,0.025,102,54.51295947988403
0.475,0.025,103,56.79382790020727
0.475,0.025,104,59.096089333877984
0.475,0.025,105,61.58350340273603
0.475,0.025,106,64.17989154042382
0.475,0.025,107,65.49346832864484
0.475,0.025,108,67.02005841235328
0.475,0.025,109,69.44554932267704
0.475,0.025,110,70.33046747084589
0.475,0.025,111,72.88897046801277
0.475,0.025,112,74.35036272539617
0.475,0.025,113,76.99889314168958
0.475,0.025,114,79.59314870990677
0.475,0.025,115,82.66328800410611
0.475,0.025,116,86.25905940061715
0.475,0.025,117,91.27428824947722
0.475,0.025,118,96.79115847912819
0.5,0.025,1,-93.6142273242048
0.5,0.025,2,-86.28829606552843
0.5,0.025,3,-81.03691961473088
0.5,0.025,4,-78.5821130434946
0.5,0.025,5,-74.39420947269262
0.5,0.025,6,-71.23786773263852
0.5,0.025,7,-70.30896558485738
0.5,0.025,8,-66.1091266869047
0.5,0.025,9,-64.40518473773288
0.5,0.025,10,-62.60931007368397
0.5,0.025,11,-59.83167604041073
0.5,0.025,12,-57.484993874057025
0.5,0.025,13,-56.266271933356066
0.5,0.025,14,-53.42274046439046
0.5,0.025,15,-51.854288758640465
0.5,0.025,16,-50.89413312183636
0.5,0.025,17,-48.16944531162859
0.5,0.025,18,-47.60466678767163
0.5,0.025,19,-45.92354893822282
0.5,0.025,20,-44.07513482449964
0.5,0.025,21,-43.14005112109042
0.5,0.025,22,-42.08374460692234
0.5,0.025,23,-40.378486460412105
0.5,0.025,24,-39.860288010109414
0.5,0.025,25,-38.99371480311474
0.5,0.025,26,-37.69859126663776
0.5,0.025,27,-37.234607318234524
0.5,0.025,28,-36.829740368259465
0.5,0.025,29,-36.310583747045214
0.5,0.025,30,-35.91225007909348
0.5,0.025,31,-34.20587576254152
0.5,0.025,32,-34.09606721995521
0.5,0.025,33,-31.621361886474332
0.5,0.025,34,-30.873544791506447
0.5,0.025,35,-28.86048091357395
0.5,0.025,36,-26.23049452701831
0.5,0.025,37,-25.560805739920312
0.5,0.025,38,-21.194585418318795
0.5,0.025,39,-21.064641392071835
0.5,0.025,40,-14.967241380847142
0.5,0.025,41,-7.8089278772363
0.5,0.025,42,-7.531259179460989
0.5,0.025,43,-5.919032216539506
0.5,0.025,44,-4.636343800834524
0.5,0.025,45,-4.454476356189801
0.5,0.025,46,-3.545329123924276
0.5,0.025,47,-2.861480190842613
0.5,0.025,48,-2.1916306039929196
0.5,0.025,49,-1.2373008394344822
0.5,0.025,50,-0.3190468644902751
0.5,0.025,51,0.8600270149901519
0.5,0.025,52,2.0269152345517227
0.5,0.025,53,3.36722083583345
0.5,0.025,54,4.74816929913888
0.5,0.025,55,6.280872254800244
0.5,0.025,56,7.907345160481881
0.5,0.025,57,9.620581004117042
0.5,0.025,58,11.40958156936523
0.5,0.025,59,13.271833826074271
0.5,0.025,60,15.17902094383254
0.5,0.025,61,16.94466776558322
0.5,0.025,62,16.972338899713968
0.5,0.025,63,17.044172325738217
0.5,0.025,64,18.42837486543104
0.5,0.025,65,18.698165910869722
0.5,0.025,66,18.75606500317862
0.5,0.025,67,19.398703761622613
0.5,0.025,68,19.64699317935043
0.5,0.025,69,20.11244981368786
0.5,0.025,70,20.48615238711153
0.5,0.025,71,20.81196868422748
0.5,0.025,72,21.09133475585091
0.5,0.025,73,21.324614582693926
0.5,0.025,74,21.74253966098381
0.5,0.025,75,21.83398879049514
0.5,0.025,76,22.28935974805394
0.5,0.025,77,22.857248035854376
0.5,0.025,78,22.923639220890934
0.5,0.025,79,25.331547193017144
0.5,0.025,80,31.463544185240366
0.5,0.025,81,33.066317979510735
0.5,0.025,82,35.865423723561626
0.5,0.025,83,36.390066809402235
0.5,0.025,84,38.009716650293555
0.5,0.025,85,39.87846435114656
0.5,0.025,86,40.44283656962301
0.5,0.025,87,42.237124694887854
0.5,0.025,88,42.446672643286774
0.5,0.025,89,43.740169062000604
0.5,0.025,90,45.27669161792038
0.5,0.025,91,45.617455789295015
0.5,0.025,92,46.846147351974324
0.5,0.025,93,47.07326138584514
0.5,0.025,94,48.66193552077905
0.5,0.025,95,49.333339122880865
0.5,0.025,96,50.10540909594669
0.5,0.025,97,50.98755343621828
0.5,0.025,98,51.83049042548779
0.5,0.025,99,52.532042632135266
0.5,0.025,100,53.143693427113774
0.5,0.025,101,53.67518912899762
0.5,0.025,102,54.58467894321071
0.5,0.025,103,56.795124948176856
0.5,0.025,104,59.09937193542052
0.5,0.025,105,61.5668023368747
0.5,0.025,106,64.15099815583024
0.5,0.025,107,65.69748261537336
0.5,0.025,108,66.78724304542637
0.5,0.025,109,69.30972195925276
0.5,0.025,110,70.75454677464796
0.5,0.025,111,72.44494668419534
0.5,0.025,112,74.7051644830324
0.5,0.025,113,76.8029874049422
0.5,0.025,114,79.6811990500853
0.5,0.025,115,82.63222441336444
0.5,0.025,116,86.26674332428523
0.5,0.025,117,91.27351686574481
0.5,0.025,118,96.7912933816384
0.525,0.025,1,-93.60967953807504
0.525,0.025,2,-86.2835134680442
0.525,0.025,3,-81.2144524323105
0.525,0.025,4,-78.1735962494348
0.525,0.025,5,-74.86505468315833
0.525,0.025,6,-71.39879653084155
0.525,0.025,7,-69.26887423047616
0.525,0.025,8,-67.47007837005067
0.525,0.025,9,-63.081207764612245
0.525,0.025,10,-62.69862566681637
0.525,0.025,11,-60.76988112935952
0.525,0.025,12,-57.18187198580067
0.525,0.025,13,-55.555920498145284
0.525,0.025,14,-54.41706713708179
0.525,0.025,15,-51.439750246696505
0.525,0.025,16,-50.596267136734966
0.525,0.025,17,-49.02249181879888
0.525,0.025,18,-47.00759876627292
0.525,0.025,19,-45.39307596452336
0.525,0.025,20,-45.07481821557606
0.525,0.025,21,-42.686948933793346
0.525,0.025,22,-41.59326587860615
0.525,0.025,23,-41.32970254565133
0.525,0.025,24,-39.39624819125059
0.525,0.025,25,-38.73381064836208
0.525,0.025,26,-38.25454708600354
0.525,0.025,27,-36.87105699057106
0.525,0.025,28,-36.74224110255233
0.525,0.025,29,-36.54550453020177
0.525,0.025,30,-35.88239901942147
0.525,0.025,31,-34.20331256729231
0.525,0.025,32,-34.095843994978296
0.525,0.025,33,-31.619709507475946
0.525,0.025,34,-30.87446130187081
0.525,0.025,35,-28.861281658614274
0.525,0.025,36,-26.230512344504234
0.525,0.025,37,-25.5604390283831
0.525,0.025,38,-21.19472907112916
0.525,0.025,39,-21.064469346046536
0.525,0.025,40,-14.96727490037415
0.525,0.025,41,-7.807578760021855
0.525,0.025,42,-7.533743037417551
0.525,0.025,43,-5.908777266543169
0.525,0.025,44,-4.769040015767132
0.525,0.025,45,-4.246366934262042
0.525,0.025,46,-3.682148171686265
0.525,0.025,47,-2.800823839441847
0.525,0.025,48,-2.176846396526244
0.525,0.025,49,-1.2866578552920203
0.525,0.025,50,-0.2771180490096441
0.525,0.025,51,0.8342838980436085
0.525,0.025,52,2.0439262117424732
0.525,0.025,53,3.3553796159014126
0.525,0.025,54,4.755289636540141
0.525,0.025,55,6.277945269910873
0.525,0.025,56,7.908060175852782
0.525,0.025,57,9.620521067764287
0.525,0.025,58,11.409619073602755
0.525,0.025,59,13.271757028453038
0.525,0.025,60,15.179064143854788
0.525,0.025,61,16.946561913352166
0.525,0.025,62,16.9722128190484
0.525,0.025,63,17.041964491044446
0.525,0.025,64,18.43264057746441
0.525,0.025,65,18.697963007406997
0.525,0.025,66,18.751046640739656
0.525,0.025,67,19.396719437657637
0.525,0.025,68,19.65625741565117
0.525,0.025,69,20.094877186817385
0.525,0.025,70,20.505694951000137
0.525,0.025,71,20.8308565307709
0.525,0.025,72,21.026545515483733
0.525,0.025,73,21.385071302740258
0.525,0.025,74,21.69445501833046
0.525,0.025,75,21.860295092742973
0.525,0.025,76,22.288649116764006
0.525,0.025,77,22.857782551797555
0.525,0.025,78,22.923157297881954
0.525,0.025,79,25.331487760039636
0.525,0.025,80,31.463555989825366
0.525,0.025,81,33.06654703614458
0.525,0.025,82,35.86596036807564
0.525,0.025,83,36.39066718420053
0.525,0.025,84,38.00588809102531
0.525,0.025,85,39.88850767457874
0.525,0.025,86,40.432228211620604
0.525,0.025,87,42.2367280991994
0.525,0.025,88,42.43694778048793
0.525,0.025,89,43.79843623415404
0.525,0.025,90,45.26569627271439
0.525,0.025,91,45.4560959340486
0.525,0.025,92,46.99302005491915
0.525,0.025,93,47.48308806378737
0.525,0.025,94,47.84260400801016
0.525,0.025,95,49.72367414685631
0.525,0.025,96,50.5296633841067
0.525,0.025,97,50.907191676434316
0.525,0.025,98,51.1626111053162
0.525,0.025,99,52.88598205262059
0.525,0.025,100,53.28486085630245
0.525,0.025,101,53.57233737743035
0.525,0.025,102,54.51295947988318
0.525,0.025,103,56.79382790020777
0.525,0.025,104,59.09608933387817
0.525,0.025,105,61.58350340273484
0.525,0.025,106,64.17989154042422
0.525,0.025,107,65.4934683286437
0.525,0.025,108,67.02005841235355
0.525,0.025,109,69.44554932267695
0.525,0.025,110,70.33046747084751
0.525,0.025,111,72.88897046801316
0.525,0.025,112,74.3503627253969
0.525,0.025,113,76.99889314168986
0.525,0.025,114,79.59314870990653
0.525,0.025,115,82.66328800410706
0.525,0.025,116,86.25905940061804
0.525,0.025,117,91.27428824947683
0.525,0.025,118,96.7911584791283
0.55,0.025,1,-93.6142273242054
0.55,0.025,2,-86.28829606552863
0.55,0.025,3,-81.03691961473028
0.55,0.025,4,-78.58211304349491
0.55,0.025,5,-74.39420947269265
0.55,0.025,6,-71.2378677326392
0.55,0.025,7,-70.30896558485834
0.55,0.025,8,-66.1091266869045
0.55,0.025,9,-64.40518473773353
0.55,0.025,10,-62.60931007368386
0.55,0.025,11,-59.831676040410926
0.55,0.025,12,-57.48499387405728
0.55,0.025,13,-56.266271933356094
0.55,0.025,14,-53.422740464390685
0.55,0.025,15,-51.85428875864109
0.55,0.025,16,-50.89413312183619
0.55,0.025,17,-48.169445311627825
0.55,0.025,18,-47.60466678767092
0.55,0.025,19,-45.92354893822211
0.55,0.025,20,-44.075134824498846
0.55,0.025,21,-43.14005112109088
0.55,0.025,22,-42.08374460692174
0.55,0.025,23,-40.37848646041245
0.55,0.025,24,-39.86028801010896
0.55,0.025,25,-38.993714803114116
0.55,0.025,26,-37.69859126663734
0.55,0.025,27,-37.234607318234865
0.55,0.025,28,-36.82974036825961
0.55,0.025,29,-36.310583747044674
0.55,0.025,30,-35.91225007909283
0.55,0.025,31,-34.205875762541375
0.55,0.025,32,-34.096067219954826
0.55,0.025,33,-31.621361886474446
0.55,0.025,34,-30.873544791507044
0.55,0.025,35,-28.86048091357401
0.55,0.025,36,-26.230494527018465
0.55,0.025,37,-25.560805739920227
0.55,0.025,38,-21.194585418318994
0.55,0.025,39,-21.06464139207185
0.55,0.025,40,-14.96724138084744
0.55,0.025,41,-7.808927877236314
0.55,0.025,42,-7.531259179461017
0.55,0.025,43,-5.919032216539549
0.55,0.025,44,-4.636343800834524
0.55,0.025,45,-4.454476356189787
0.55,0.025,46,-3.5453291239242475
0.55,0.025,47,-2.861480190842613
0.55,0.025,48,-2.1916306039929907
0.55,0.025,49,-1.2373008394345106
0.55,0.025,50,-0.3190468644902893
0.55,0.025,51,0.8600270149901519
0.55,0.025,52,2.026915234551737
0.55,0.025,53,3.367220835833436
0.55,0.025,54,4.748169299138823
0.55,0.025,55,6.280872254800244
0.55,0.025,56,7.907345160481853
0.55,0.025,57,9.620581004117085
0.55,0.025,58,11.40958156936533
0.55,0.025,59,13.271833826074271
0.55,0.025,60,15.179020943832242
0.55,0.025,61,16.944667765583105
0.55,0.025,62,16.972338899713755
0.55,0.025,63,17.044172325738206
0.55,0.025,64,18.42837486543101
0.55,0.025,65,18.69816591086973
0.55,0.025,66,18.75606500317862
0.55,0.025,67,19.398703761622528
0.55,0.025,68,19.646993179350233
0.55,0.025,69,20.112449813687974
0.55,0.025,70,20.486152387111616
0.55,0.025,71,20.81196868422768
0.55,0.025,72,21.09133475585071
0.55,0.025,73,21.324614582693997
0.55,0.025,74,21.74253966098337
0.55,0.025,75,21.833988790495255
0.55,0.025,76,22.28935974805397
0.55,0.025,77,22.857248035854287
0.55,0.025,78,22.92363922089094
0.55,0.025,79,25.331547193017016
0.55,0.025,80,31.463544185240977
0.55,0.025,81,33.06631797951065
0.55,0.025,82,35.865423723561676
0.55,0.025,83,36.39006680940223
0.55,0.025,84,38.009716650293385
0.55,0.025,85,39.878464351146796
0.55,0.025,86,40.442836569623225
0.55,0.025,87,42.23712469488821
0.55,0.025,88,42.4466726432868
0.55,0.025,89,43.7401690620006
0.55,0.025,90,45.276691617920314
0.55,0.025,91,45.617455789294695
0.55,0.025,92,46.846147351974096
0.55,0.025,93,47.07326138584526
0.55,0.025,94,48.66193552077901
0.55,0.025,95,49.333339122881036
0.55,0.025,96,50.1054090959467
0.55,0.025,97,50.98755343621871
0.55,0.025,98,51.83049042548752
0.55,0.025,99,52.5320426321346
0.55,0.025,100,53.143693427114066
0.55,0.025,101,53.67518912899848
0.55,0.025,102,54.58467894321138
0.55,0.025,103,56.79512494817613
0.55,0.025,104,59.09937193542036
0.55,0.025,105,61.566802336875796
0.55,0.025,106,64.15099815582808
0.55,0.025,107,65.69748261537475
0.55,0.025,108,66.78724304542597
0.55,0.025,109,69.3097219592526
0.55,0.025,110,70.75454677464938
0.55,0.025,111,72.44494668419495
0.55,0.025,112,74.7051644830323
0.55,0.025,113,76.80298740494344
0.55,0.025,114,79.681199050086
0.55,0.025,115,82.63222441336484
0.55,0.025,116,86.26674332428468
0.55,0.025,117,91.27351686574352
0.55,0.025,118,96.79129338163827
0.575,0.025,1,-93.6096795380749
0.575,0.025,2,-86.28351346804438
0.575,0.025,3,-81.2144524323099
0.575,0.025,4,-78.17359624943437
0.575,0.025,5,-74.86505468315808
0.575,0.025,6,-71.39879653084098
0.575,0.025,7,-69.26887423047778
0.575,0.025,8,-67.47007837005019
0.575,0.025,9,-63.08120776461287
0.575,0.025,10,-62.6986256668164
0.575,0.025,11,-60.76988112936
0.575,0.025,12,-57.18187198580112
0.575,0.025,13,-55.55592049814486
0.575,0.025,14,-54.41706713708162
0.575,0.025,15,-51.439750246695425
0.575,0.025,16,-50.59626713673468
0.575,0.025,17,-49.0224918187982
0.575,0.025,18,-47.007598766272466
0.575,0.025,19,-45.39307596452319
0.575,0.025,20,-45.074818215576514
0.575,0.025,21,-42.68694893379249
0.575,0.025,22,-41.59326587860632
0.575,0.025,23,-41.329702545650676
0.575,0.025,24,-39.396248191250876
0.575,0.025,25,-38.73381064836185
0.575,0.025,26,-38.25454708600411
0.575,0.025,27,-36.87105699057064
0.575,0.025,28,-36.742241102551915
0.575,0.025,29,-36.54550453020208
0.575,0.025,30,-35.88239901942133
0.575,0.025,31,-34.20331256729283
0.575,0.025,32,-34.09584399497873
0.575,0.025,33,-31.61970950747589
0.575,0.025,34,-30.87446130187169
0.575,0.025,35,-28.86128165861406
0.575,0.025,36,-26.230512344504348
0.575,0.025,37,-25.560439028383044
0.575,0.025,38,-21.1947290711299
0.575,0.025,39,-21.064469346046934
0.575,0.025,40,-14.967274900374619
0.575,0.025,41,-7.807578760022011
0.575,0.025,42,-7.533743037417736
0.575,0.025,43,-5.908777266543154
0.575,0.025,44,-4.769040015767118
0.575,0.025,45,-4.246366934262198
0.575,0.025,46,-3.682148171686208
0.575,0.025,47,-2.800823839441776
0.575,0.025,48,-2.1768463965262583
0.575,0.025,49,-1.2866578552919918
0.575,0.025,50,-0.2771180490096299
0.575,0.025,51,0.83428389804358
0.575,0.025,52,2.043926211742459
0.575,0.025,53,3.355379615901356
0.575,0.025,54,4.755289636540141
0.575,0.025,55,6.277945269910845
0.575,0.025,56,7.908060175852754
0.575,0.025,57,9.620521067764344
0.575,0.025,58,11.409619073602727
0.575,0.025,59,13.27175702845301
0.575,0.025,60,15.179064143854731
0.575,0.025,61,16.946561913352156
0.575,0.025,62,16.972212819047833
0.575,0.025,63,17.041964491044226
0.575,0.025,64,18.43264057746437
0.575,0.025,65,18.697963007406976
0.575,0.025,66,18.751046640739272
0.575,0.025,67,19.396719437657495
0.575,0.025,68,19.656257415651012
0.575,0.025,69,20.094877186817158
0.575,0.025,70,20.505694951000024
0.575,0.025,71,20.830856530770888
0.575,0.025,72,21.026545515483605
0.575,0.025,73,21.385071302740258
0.575,0.025,74,21.694455018330487
0.575,0.025,75,21.860295092743215
0.575,0.025,76,22.288649116764077
0.575,0.025,77,22.857782551797722
0.575,0.025,78,22.923157297881794
0.575,0.025,79,25.33148776003972
0.575,0.025,80,31.463555989825252
0.575,0.025,81,33.06654703614489
0.575,0.025,82,35.86596036807564
0.575,0.025,83,36.39066718420099
0.575,0.025,84,38.00588809102573
0.575,0.025,85,39.888507674578584
0.575,0.025,86,40.43222821162054
0.575,0.025,87,42.236728099199226
0.575,0.025,88,42.4369477804877
0.575,0.025,89,43.79843623415447
0.575,0.025,90,45.26569627271427
0.575,0.025,91,45.45609593404861
0.575,0.025,92,46.99302005491838
0.575,0.025,93,47.48308806378737
0.575,0.025,94,47.84260400801065
0.575,0.025,95,49.72367414685653
0.575,0.025,96,50.52966338410595
0.575,0.025,97,50.90719167643449
0.575,0.025,98,51.16261110531615
0.575,0.025,99,52.88598205262043
0.575,0.025,100,53.28486085630263
0.575,0.025,101,53.57233737743067
0.575,0.025,102,54.51295947988253
0.575,0.025,103,56.793827900207155
0.575,0.025,104,59.09608933387736
0.575,0.025,105,61.58350340273615
0.575,0.025,106,64.17989154042404
0.575,0.025,107,65.49346832864485
0.575,0.025,108,67.02005841235399
0.575,0.025,109,69.44554932267688
0.575,0.025,110,70.33046747084799
0.575,0.025,111,72.88897046801273
0.575,0.025,112,74.35036272539755
0.575,0.025,113,76.99889314168988
0.575,0.025,114,79.5931487099057
0.575,0.025,115,82.66328800410605
0.575,0.025,116,86.25905940061784
0.575,0.025,117,91.27428824947636
0.575,0.025,118,96.7911584791282
0.6,0.025,1,-93.61422732420466
0.6,0.025,2,-86.2882960655284
0.6,0.025,3,-81.03691961473002
0.6,0.025,4,-78.58211304349446
0.6,0.025,5,-74.39420947269228
0.6,0.025,6,-71.2378677326386
0.6,0.025,7,-70.30896558485735
0.6,0.025,8,-66.10912668690507
0.6,0.025,9,-64.40518473773285
0.6,0.025,10,-62.60931007368403
0.6,0.025,11,-59.83167604041084
0.6,0.025,12,-57.48499387405728
0.6,0.025,13,-56.266271933355554
0.6,0.025,14,-53.42274046439037
0.6,0.025,15,-51.854288758641005
0.6,0.025,16,-50.89413312183565
0.6,0.025,17,-48.16944531162797
0.6,0.025,18,-47.60466678767112
0.6,0.025,19,-45.92354893822245
0.6,0.025,20,-44.07513482449873
0.6,0.025,21,-43.140051121090536
0.6,0.025,22,-42.083744606921485
0.6,0.025,23,-40.378486460412276
0.6,0.025,24,-39.86028801010828
0.6,0.025,25,-38.99371480311463
0.6,0.025,26,-37.69859126663765
0.6,0.025,27,-37.234607318234865
0.6,0.025,28,-36.82974036825955
0.6,0.025,29,-36.31058374704482
0.6,0.025,30,-35.91225007909311
0.6,0.025,31,-34.20587576254197
0.6,0.025,32,-34.09606721995478
0.6,0.025,33,-31.62136188647493
0.6,0.025,34,-30.873544791507342
0.6,0.025,35,-28.860480913573994
0.6,0.025,36,-26.230494527018394
0.6,0.025,37,-25.56080573992034
0.6,0.025,38,-21.194585418319136
0.6,0.025,39,-21.06464139207185
0.6,0.025,40,-14.967241380847412
0.6,0.025,41,-7.808927877236201
0.6,0.025,42,-7.5312591794609745
0.6,0.025,43,-5.919032216539449
0.6,0.025,44,-4.636343800834496
0.6,0.025,45,-4.4544763561898435
0.6,0.025,46,-3.545329123924205
0.6,0.025,47,-2.8614801908426557
0.6,0.025,48,-2.1916306039929623
0.6,0.025,49,-1.2373008394344822
0.6,0.025,50,-0.3190468644902751
0.6,0.025,51,0.8600270149901803
0.6,0.025,52,2.026915234551737
0.6,0.025,53,3.3672208358334643
0.6,0.025,54,4.748169299138922
0.6,0.025,55,6.280872254800201
0.6,0.025,56,7.907345160481782
0.6,0.025,57,9.620581004117113
0.6,0.025,58,11.409581569365344
0.6,0.025,59,13.271833826074129
0.6,0.025,60,15.179020943832356
0.6,0.025,61,16.944667765583173
0.6,0.025,62,16.97233889971403
0.6,0.025,63,17.04417232573836
0.6,0.025,64,18.42837486543101
0.6,0.025,65,18.69816591086995
0.6,0.025,66,18.756065003178687
0.6,0.025,67,19.398703761622826
0.6,0.025,68,19.64699317935036
0.6,0.025,69,20.112449813687974
0.6,0.025,70,20.486152387111602
0.6,0.025,71,20.81196868422728
0.6,0.025,72,21.09133475585081
0.6,0.025,73,21.324614582693968
0.6,0.025,74,21.742539660983653
0.6,0.025,75,21.83398879049527
0.6,0.025,76,22.289359748053712
0.6,0.025,77,22.857248035853996
0.6,0.025,78,22.923639220890596
0.6,0.025,79,25.33154719301716
0.6,0.025,80,31.46354418524136
0.6,0.025,81,33.06631797951105
0.6,0.025,82,35.86542372356182
0.6,0.025,83,36.39006680940218
0.6,0.025,84,38.00971665029366
0.6,0.025,85,39.87846435114688
0.6,0.025,86,40.442836569623616
0.6,0.025,87,42.23712469488826
0.6,0.025,88,42.44667264328719
0.6,0.025,89,43.74016906200055
0.6,0.025,90,45.2766916179195
0.6,0.025,91,45.61745578929511
0.6,0.025,92,46.84614735197428
0.6,0.025,93,47.07326138584456
0.6,0.025,94,48.66193552077887
0.6,0.025,95,49.33333912288075
0.6,0.025,96,50.10540909594669
0.6,0.025,97,50.98755343621827
0.6,0.025,98,51.83049042548808
0.6,0.025,99,52.532042632134846
0.6,0.025,100,53.14369342711369
0.6,0.025,101,53.67518912899887
0.6,0.025,102,54.58467894321183
0.6,0.025,103,56.795124948176266
0.6,0.025,104,59.09937193542029
0.6,0.025,105,61.56680233687645
0.6,0.025,106,64.15099815582724
0.6,0.025,107,65.69748261537319
0.6,0.025,108,66.78724304542652
0.6,0.025,109,69.30972195925273
0.6,0.025,110,70.75454677464779
0.6,0.025,111,72.44494668419544
0.6,0.025,112,74.70516448303295
0.6,0.025,113,76.80298740494251
0.6,0.025,114,79.68119905008557
0.6,0.025,115,82.63222441336494
0.6,0.025,116,86.26674332428608
0.6,0.025,117,91.27351686574362
0.6,0.025,118,96.79129338163825
0.625,0.025,1,-93.60967953807462
0.625,0.025,2,-86.28351346804472
0.625,0.025,3,-81.21445243231067
0.625,0.025,4,-78.17359624943408
0.625,0.025,5,-74.86505468315825
0.625,0.025,6,-71.39879653084144
0.625,0.025,7,-69.2688742304757
0.625,0.025,8,-67.47007837005039
0.625,0.025,9,-63.08120776461227
0.625,0.025,10,-62.69862566681623
0.625,0.025,11,-60.76988112935969
0.625,0.025,12,-57.18187198580061
0.625,0.025,13,-55.55592049814574
0.625,0.025,14,-54.41706713708142
0.625,0.025,15,-51.439750246695965
0.625,0.025,16,-50.596267136734255
0.625,0.025,17,-49.0224918187988
0.625,0.025,18,-47.00759876627352
0.625,0.025,19,-45.39307596452325
0.625,0.025,20,-45.07481821557654
0.625,0.025,21,-42.6869489337938
0.625,0.025,22,-41.59326587860669
0.625,0.025,23,-41.32970254565164
0.625,0.025,24,-39.39624819125093
0.625,0.025,25,-38.73381064836177
0.625,0.025,26,-38.25454708600391
0.625,0.025,27,-36.87105699057144
0.625,0.025,28,-36.742241102552846
0.625,0.025,29,-36.54550453020197
0.625,0.025,30,-35.8823990194215
0.625,0.025,31,-34.20331256729247
0.625,0.025,32,-34.095843994978885
0.625,0.025,33,-31.61970950747657
0.625,0.025,34,-30.87446130187122
0.625,0.025,35,-28.861281658613805
0.625,0.025,36,-26.230512344504092
0.625,0.025,37,-25.560439028382945
0.625,0.025,38,-21.194729071129203
0.625,0.025,39,-21.064469346046664
0.625,0.025,40,-14.967274900374335
0.625,0.025,41,-7.807578760021983
0.625,0.025,42,-7.533743037417565
0.625,0.025,43,-5.9087772665430975
0.625,0.025,44,-4.769040015767104
0.625,0.025,45,-4.246366934262184
0.625,0.025,46,-3.6821481716862365
0.625,0.025,47,-2.800823839441847
0.625,0.025,48,-2.1768463965262868
0.625,0.025,49,-1.2866578552920487
0.625,0.025,50,-0.2771180490096583
0.625,0.025,51,0.83428389804358
0.625,0.025,52,2.0439262117424732
0.625,0.025,53,3.3553796159013842
0.625,0.025,54,4.755289636540141
0.625,0.025,55,6.277945269910887
0.625,0.025,56,7.908060175852768
0.625,0.025,57,9.620521067764358
0.625,0.025,58,11.409619073602741
0.625,0.025,59,13.271757028452939
0.625,0.025,60,15.179064143854845
0.625,0.025,61,16.946561913352156
0.625,0.025,62,16.972212819048202
0.625,0.025,63,17.041964491044236
0.625,0.025,64,18.432640577464426
0.625,0.025,65,18.697963007406802
0.625,0.025,66,18.751046640739276
0.625,0.025,67,19.39671943765771
0.625,0.025,68,19.656257415651126
0.625,0.025,69,20.094877186817286
0.625,0.025,70,20.505694951000137
0.625,0.025,71,20.83085653077086
0.625,0.025,72,21.026545515483875
0.625,0.025,73,21.3850713027401
0.625,0.025,74,21.694455018330288
0.625,0.025,75,21.86029509274364
0.625,0.025,76,22.28864911676426
0.625,0.025,77,22.85778255179809
0.625,0.025,78,22.923157297881914
0.625,0.025,79,25.33148776003901
0.625,0.025,80,31.463555989825224
0.625,0.025,81,33.06654703614439
0.625,0.025,82,35.865960368074674
0.625,0.025,83,36.390667184201355
0.625,0.025,84,38.00588809102608
0.625,0.025,85,39.8885076745785
0.625,0.025,86,40.43222821162042
0.625,0.025,87,42.2367280991993
0.625,0.025,88,42.436947780487976
0.625,0.025,89,43.79843623415448
0.625,0.025,90,45.26569627271377
0.625,0.025,91,45.456095934048676
0.625,0.025,92,46.99302005491642
0.625,0.025,93,47.48308806378715
0.625,0.025,94,47.842604008010866
0.625,0.025,95,49.72367414685605
0.625,0.025,96,50.52966338410643
0.625,0.025,97,50.9071916764346
0.625,0.025,98,51.1626111053157
0.625,0.025,99,52.88598205262073
0.625,0.025,100,53.28486085630213
0.625,0.025,101,53.57233737743024
0.625,0.025,102,54.51295947988369
0.625,0.025,103,56.79382790020671
0.625,0.025,104,59.09608933387695
0.625,0.025,105,61.583503402736994
0.625,0.025,106,64.17989154042385
0.625,0.025,107,65.4934683286439
0.625,0.025,108,67.02005841235305
0.625,0.025,109,69.4455493226778
0.625,0.025,110,70.33046747084694
0.625,0.025,111,72.88897046801213
0.625,0.025,112,74.3503627253973
0.625,0.025,113,76.99889314168938
0.625,0.025,114,79.59314870990625
0.625,0.025,115,82.66328800410673
0.625,0.025,116,86.25905940061786
0.625,0.025,117,91.27428824947664
0.625,0.025,118,96.79115847912838
0.65,0.025,1,-93.61422732420472
0.65,0.025,2,-86.28829606552877
0.65,0.025,3,-81.03691961473065
0.65,0.025,4,-78.5821130434946
0.65,0.025,5,-74.3942094726929
0.65,0.025,6,-71.23786773263824
0.65,0.025,7,-70.30896558485664
0.65,0.025,8,-66.10912668690376
0.65,0.025,9,-64.40518473773359
0.65,0.025,10,-62.60931007368363
0.65,0.025,11,-59.83167604041044
0.65,0.025,12,-57.48499387405708
0.65,0.025,13,-56.2662719333549
0.65,0.025,14,-53.42274046439026
0.65,0.025,15,-51.854288758641744
0.65,0.025,16,-50.894133121836276
0.65,0.025,17,-48.16944531162805
0.65,0.025,18,-47.60466678767115
0.65,0.025,19,-45.92354893822288
0.65,0.025,20,-44.07513482449893
0.65,0.025,21,-43.14005112109059
0.65,0.025,22,-42.08374460692163
0.65,0.025,23,-40.37848646041219
0.65,0.025,24,-39.86028801010876
0.65,0.025,25,-38.99371480311454
0.65,0.025,26,-37.69859126663748
0.65,0.025,27,-37.23460731823481
0.65,0.025,28,-36.82974036825986
0.65,0.025,29,-36.31058374704496
0.65,0.025,30,-35.91225007909331
0.65,0.025,31,-34.20587576254118
0.65,0.025,32,-34.09606721995477
0.65,0.025,33,-31.621361886474418
0.65,0.025,34,-30.873544791506987
0.65,0.025,35,-28.860480913573966
0.65,0.025,36,-26.230494527018337
0.65,0.025,37,-25.560805739920156
0.65,0.025,38,-21.194585418318994
0.65,0.025,39,-21.064641392071692
0.65,0.025,40,-14.96724138084727
0.65,0.025,41,-7.808927877236286
0.65,0.025,42,-7.53125917946096
0.65,0.025,43,-5.919032216539534
0.65,0.025,44,-4.63634380083451
0.65,0.025,45,-4.454476356189787
0.65,0.025,46,-3.5453291239242617
0.65,0.025,47,-2.861480190842599
0.65,0.025,48,-2.1916306039929765
0.65,0.025,49,-1.237300839434468
0.65,0.025,50,-0.3190468644902751
0.65,0.025,51,0.8600270149901661
0.65,0.025,52,2.026915234551751
0.65,0.025,53,3.36722083583345
0.65,0.025,54,4.74816929913888
0.65,0.025,55,6.2808722548003
0.65,0.025,56,7.907345160481881
0.65,0.025,57,9.620581004117042
0.65,0.025,58,11.409581569365415
0.65,0.025,59,13.271833826074172
0.65,0.025,60,15.179020943832299
0.65,0.025,61,16.944667765583294
0.65,0.025,62,16.972338899714398
0.65,0.025,63,17.04417232573868
0.65,0.025,64,18.428374865430968
0.65,0.025,65,18.698165910869697
0.65,0.025,66,18.756065003178783
0.65,0.025,67,19.398703761622983
0.65,0.025,68,19.646993179350417
0.65,0.025,69,20.112449813687775
0.65,0.025,70,20.48615238711139
0.65,0.025,71,20.811968684227722
0.65,0.025,72,21.091334755850696
0.65,0.025,73,21.324614582694068
0.65,0.025,74,21.74253966098378
0.65,0.025,75,21.83398879049517
0.65,0.025,76,22.289359748053784
0.65,0.025,77,22.857248035854543
0.65,0.025,78,22.923639220890962
0.65,0.025,79,25.331547193017244
0.65,0.025,80,31.463544185240778
0.65,0.025,81,33.06631797951064
0.65,0.025,82,35.86542372356182
0.65,0.025,83,36.39006680940237
0.65,0.025,84,38.009716650293235
0.65,0.025,85,39.87846435114634
0.65,0.025,86,40.4428365696227
0.65,0.025,87,42.23712469488802
0.65,0.025,88,42.446672643287044
0.65,0.025,89,43.74016906200077
0.65,0.025,90,45.2766916179203
0.65,0.025,91,45.617455789294986
0.65,0.025,92,46.84614735197475
0.65,0.025,93,47.07326138584546
0.65,0.025,94,48.661935520778975
0.65,0.025,95,49.33333912288055
0.65,0.025,96,50.10540909594692
0.65,0.025,97,50.987553436217155
0.65,0.025,98,51.83049042548784
0.65,0.025,99,52.53204263213508
0.65,0.025,100,53.143693427113746
0.65,0.025,101,53.67518912899804
0.65,0.025,102,54.584678943211216
0.65,0.025,103,56.79512494817603
0.65,0.025,104,59.09937193542068
0.65,0.025,105,61.56680233687652
0.65,0.025,106,64.15099815582765
0.65,0.025,107,65.69748261537286
0.65,0.025,108,66.78724304542698
0.65,0.025,109,69.30972195925418
0.65,0.025,110,70.7545467746485
0.65,0.025,111,72.4449466841955
0.65,0.025,112,74.70516448303121
0.65,0.025,113,76.8029874049412
0.65,0.025,114,79.68119905008504
0.65,0.025,115,82.63222441336289
0.65,0.025,116,86.2667433242847
0.65,0.025,117,91.27351686574514
0.65,0.025,118,96.79129338163861
0.675,0.025,1,-93.60967953807479
0.675,0.025,2,-86.2835134680448
0.675,0.025,3,-81.21445243231052
0.675,0.025,4,-78.17359624943431
0.675,0.025,5,-74.86505468315822
0.675,0.025,6,-71.39879653084147
0.675,0.025,7,-69.26887423047485
0.675,0.025,8,-67.47007837005084
0.675,0.025,9,-63.08120776461196
0.675,0.025,10,-62.69862566681631
0.675,0.025,11,-60.76988112935963
0.675,0.025,12,-57.18187198580053
0.675,0.025,13,-55.55592049814523
0.675,0.025,14,-54.41706713708133
0.675,0.025,15,-51.43975024669656
0.675,0.025,16,-50.596267136734625
0.675,0.025,17,-49.022491818799594
0.675,0.025,18,-47.00759876627289
0.675,0.025,19,-45.39307596452379
0.675,0.025,20,-45.074818215576
0.675,0.025,21,-42.686948933794255
0.675,0.025,22,-41.59326587860623
0.675,0.025,23,-41.32970254565136
0.675,0.025,24,-39.39624819125048
0.675,0.025,25,-38.733810648361654
0.675,0.025,26,-38.2545470860034
0.675,0.025,27,-36.871056990571525
0.675,0.025,28,-36.74224110255229
0.675,0.025,29,-36.5455045302016
0.675,0.025,30,-35.882399019421555
0.675,0.025,31,-34.20331256729217
0.675,0.025,32,-34.095843994978374
0.675,0.025,33,-31.619709507476003
0.675,0.025,34,-30.874461301871108
0.675,0.025,35,-28.86128165861402
0.675,0.025,36,-26.230512344503936
0.675,0.025,37,-25.56043902838306
0.675,0.025,38,-21.194729071128947
0.675,0.025,39,-21.064469346046494
0.675,0.025,40,-14.96727490037405
0.675,0.025,41,-7.807578760021997
0.675,0.025,42,-7.5337430374175085
0.675,0.025,43,-5.908777266543154
0.675,0.025,44,-4.769040015767104
0.675,0.025,45,-4.246366934262056
0.675,0.025,46,-3.682148171686279
0.675,0.025,47,-2.8008238394418186
0.675,0.025,48,-2.1768463965262868
0.675,0.025,49,-1.286657855292006
0.675,0.025,50,-0.27711804900960146
0.675,0.025,51,0.8342838980435943
0.675,0.025,52,2.043926211742516
0.675,0.025,53,3.3553796159013842
0.675,0.025,54,4.75528963654007
0.675,0.025,55,6.277945269910916
0.675,0.025,56,7.908060175852782
0.675,0.025,57,9.620521067764287
0.675,0.025,58,11.409619073602741
0.675,0.025,59,13.271757028452981
0.675,0.025,60,15.179064143854788
0.675,0.025,61,16.946561913352205
0.675,0.025,62,16.972212819048693
0.675,0.025,63,17.04196449104461
0.675,0.025,64,18.432640577464355
0.675,0.025,65,18.697963007406944
0.675,0.025,66,18.75104664073959
0.675,0.025,67,19.396719437657765
0.675,0.025,68,19.656257415651368
0.675,0.025,69,20.09487718681727
0.675,0.025,70,20.50569495100015
0.675,0.025,71,20.8308565307709
0.675,0.025,72,21.026545515483946
0.675,0.025,73,21.385071302740286
0.675,0.025,74,21.694455018330117
0.675,0.025,75,21.8602950927432
0.675,0.025,76,22.288649116764105
0.675,0.025,77,22.857782551798078
0.675,0.025,78,22.923157297882064
0.675,0.025,79,25.33148776003914
0.675,0.025,80,31.463555989825124
0.675,0.025,81,33.0665470361443
0.675,0.025,82,35.86596036807514
0.675,0.025,83,36.39066718420029
0.675,0.025,84,38.00588809102568
0.675,0.025,85,39.888507674578754
0.675,0.025,86,40.43222821162043
0.675,0.025,87,42.23672809919985
0.675,0.025,88,42.43694778048828
0.675,0.025,89,43.79843623415446
0.675,0.025,90,45.26569627271457
0.675,0.025,91,45.45609593404899
0.675,0.025,92,46.993020054917494
0.675,0.025,93,47.48308806378785
0.675,0.025,94,47.842604008010284
0.675,0.025,95,49.72367414685645
0.675,0.025,96,50.52966338410655
0.675,0.025,97,50.90719167643389
0.675,0.025,98,51.162611105316124
0.675,0.025,99,52.88598205262083
0.675,0.025,100,53.284860856302295
0.675,0.025,101,53.57233737743018
0.675,0.025,102,54.51295947988343
0.675,0.025,103,56.79382790020701
0.675,0.025,104,59.09608933387778
0.675,0.025,105,61.58350340273478
0.675,0.025,106,64.17989154042371
0.675,0.025,107,65.4934683286431
0.675,0.025,108,67.0200584123532
0.675,0.025,109,69.44554932267751
0.675,0.025,110,70.33046747084725
0.675,0.025,111,72.88897046801216
0.675,0.025,112,74.35036272539672
0.675,0.025,113,76.99889314168928
0.675,0.025,114,79.59314870990534
0.675,0.025,115,82.66328800410702
0.675,0.025,116,86.25905940061736
0.675,0.025,117,91.27428824947745
0.675,0.025,118,96.79115847912837
0.7,0.025,1,-93.61422732420486
0.7,0.025,2,-86.28829606552834
0.7,0.025,3,-81.03691961473051
0.7,0.025,4,-78.58211304349449
0.7,0.025,5,-74.39420947269245
0.7,0.025,6,-71.23786773263917
0.7,0.025,7,-70.30896558485854
0.7,0.025,8,-66.10912668690573
0.7,0.025,9,-64.40518473773291
0.7,0.025,10,-62.60931007368414
0.7,0.025,11,-59.831676040410386
0.7,0.025,12,-57.484993874057395
0.7,0.025,13,-56.26627193335598
0.7,0.025,14,-53.422740464390856
0.7,0.025,15,-51.854288758641175
0.7,0.025,16,-50.894133121836276
0.7,0.025,17,-48.16944531162814
0.7,0.025,18,-47.604666787671434
0.7,0.025,19,-45.92354893822285
0.7,0.025,20,-44.07513482449947
0.7,0.025,21,-43.140051121090394
0.7,0.025,22,-42.08374460692106
0.7,0.025,23,-40.378486460412645
0.7,0.025,24,-39.86028801010825
0.7,0.025,25,-38.99371480311437
0.7,0.025,26,-37.698591266637706
0.7,0.025,27,-37.23460731823472
0.7,0.025,28,-36.82974036825921
0.7,0.025,29,-36.31058374704524
0.7,0.025,30,-35.912250079093454
0.7,0.025,31,-34.20587576254174
0.7,0.025,32,-34.09606721995476
0.7,0.025,33,-31.621361886474276
0.7,0.025,34,-30.873544791507058
0.7,0.025,35,-28.86048091357378
0.7,0.025,36,-26.230494527018408
0.7,0.025,37,-25.560805739920198
0.7,0.025,38,-21.194585418319164
0.7,0.025,39,-21.064641392071835
0.7,0.025,40,-14.96724138084717
0.7,0.025,41,-7.8089278772361155
0.7,0.025,42,-7.531259179461031
0.7,0.025,43,-5.919032216539421
0.7,0.025,44,-4.6363438008345526
0.7,0.025,45,-4.4544763561899146
0.7,0.025,46,-3.5453291239241906
0.7,0.025,47,-2.8614801908426273
0.7,0.025,48,-2.191630603993005
0.7,0.025,49,-1.2373008394344964
0.7,0.025,50,-0.3190468644902893
0.7,0.025,51,0.8600270149901377
0.7,0.025,52,2.026915234551751
0.7,0.025,53,3.3672208358334075
0.7,0.025,54,4.748169299138937
0.7,0.025,55,6.280872254800144
0.7,0.025,56,7.907345160481796
0.7,0.025,57,9.62058100411717
0.7,0.025,58,11.409581569365315
0.7,0.025,59,13.2718338260743
0.7,0.025,60,15.179020943832441
0.7,0.025,61,16.94466776558295
0.7,0.025,62,16.972338899713744
0.7,0.025,63,17.044172325738064
0.7,0.025,64,18.428374865430953
0.7,0.025,65,18.698165910869708
0.7,0.025,66,18.7560650031787
0.7,0.025,67,19.398703761622414
0.7,0.025,68,19.646993179350275
0.7,0.025,69,20.112449813687817
0.7,0.025,70,20.486152387111588
0.7,0.025,71,20.81196868422768
0.7,0.025,72,21.091334755850767
0.7,0.025,73,21.324614582693968
0.7,0.025,74,21.742539660983397
0.7,0.025,75,21.833988790495297
0.7,0.025,76,22.289359748053855
0.7,0.025,77,22.857248035853477
0.7,0.025,78,22.923639220890692
0.7,0.025,79,25.33154719301706
0.7,0.025,80,31.46354418524085
0.7,0.025,81,33.06631797951077
0.7,0.025,82,35.865423723561584
0.7,0.025,83,36.390066809401645
0.7,0.025,84,38.009716650293754
0.7,0.025,85,39.87846435114667
0.7,0.025,86,40.442836569623054
0.7,0.025,87,42.237124694887996
0.7,0.025,88,42.44667264328684
0.7,0.025,89,43.74016906199974
0.7,0.025,90,45.276691617919774
0.7,0.025,91,45.61745578929484
0.7,0.025,92,46.846147351974075
0.7,0.025,93,47.0732613858441
0.7,0.025,94,48.66193552077907
0.7,0.025,95,49.333339122880695
0.7,0.025,96,50.105409095946044
0.7,0.025,97,50.98755343621857
0.7,0.025,98,51.83049042548771
0.7,0.025,99,52.53204263213512
0.7,0.025,100,53.14369342711424
0.7,0.025,101,53.67518912899939
0.7,0.025,102,54.584678943211784
0.7,0.025,103,56.7951249481765
0.7,0.025,104,59.09937193542025
0.7,0.025,105,61.56680233687638
0.7,0.025,106,64.15099815582765
0.7,0.025,107,65.69748261537438
0.7,0.025,108,66.78724304542669
0.7,0.025,109,69.30972195925321
0.7,0.025,110,70.75454677464819
0.7,0.025,111,72.44494668419564
0.7,0.025,112,74.70516448303403
0.7,0.025,113,76.80298740494354
0.7,0.025,114,79.6811990500859
0.7,0.025,115,82.6322244133647
0.7,0.025,116,86.26674332428568
0.7,0.025,117,91.27351686574536
0.7,0.025,118,96.7912933816386
0.725,0.025,1,-93.60967953807473
0.725,0.025,2,-86.28351346804489
0.725,0.025,3,-81.21445243231035
0.725,0.025,4,-78.1735962494348
0.725,0.025,5,-74.86505468315819
0.725,0.025,6,-71.3987965308417
0.725,0.025,7,-69.26887423047684
0.725,0.025,8,-67.47007837005047
0.725,0.025,9,-63.081207764612046
0.725,0.025,10,-62.6986256668164
0.725,0.025,11,-60.769881129359945
0.725,0.025,12,-57.18187198580047
0.725,0.025,13,-55.55592049814622
0.725,0.025,14,-54.417067137082185
0.725,0.025,15,-51.43975024669673
0.725,0.025,16,-50.596267136734596
0.725,0.025,17,-49.02249181879951
0.725,0.025,18,-47.00759876627218
0.725,0.025,19,-45.393075964523106
0.725,0.025,20,-45.07481821557634
0.725,0.025,21,-42.68694893379394
0.725,0.025,22,-41.5932658786064
0.725,0.025,23,-41.329702545651074
0.725,0.025,24,-39.39624819125031
0.725,0.025,25,-38.73381064836097
0.725,0.025,26,-38.25454708600323
0.725,0.025,27,-36.871056990571304
0.725,0.025,28,-36.74224110255285
0.725,0.025,29,-36.54550453020137
0.725,0.025,30,-35.88239901942147
0.725,0.025,31,-34.203312567292706
0.725,0.025,32,-34.09584399497847
0.725,0.025,33,-31.619709507476315
0.725,0.025,34,-30.874461301871193
0.725,0.025,35,-28.861281658614033
0.725,0.025,36,-26.23051234450415
0.725,0.025,37,-25.560439028382802
0.725,0.025,38,-21.194729071128748
0.725,0.025,39,-21.06446934604648
0.725,0.025,40,-14.967274900373752
0.725,0.025,41,-7.807578760022324
0.725,0.025,42,-7.533743037417537
0.725,0.025,43,-5.908777266543154
0.725,0.025,44,-4.769040015767217
0.725,0.025,45,-4.246366934262085
0.725,0.025,46,-3.6821481716862934
0.725,0.025,47,-2.8008238394418186
0.725,0.025,48,-2.1768463965262725
0.725,0.025,49,-1.2866578552920487
0.725,0.025,50,-0.2771180490096299
0.725,0.025,51,0.8342838980436085
0.725,0.025,52,2.043926211742459
0.725,0.025,53,3.3553796159014126
0.725,0.025,54,4.755289636540013
0.725,0.025,55,6.277945269910916
0.725,0.025,56,7.908060175852825
0.725,0.025,57,9.62052106776433
0.725,0.025,58,11.409619073602741
0.725,0.025,59,13.271757028452882
0.725,0.025,60,15.179064143854802
0.725,0.025,61,16.946561913352145
0.725,0.025,62,16.97221281904828
0.725,0.025,63,17.04196449104426
0.725,0.025,64,18.43264057746424
0.725,0.025,65,18.69796300740711
0.725,0.025,66,18.751046640739602
0.725,0.025,67,19.396719437657737
0.725,0.025,68,19.656257415651254
0.725,0.025,69,20.09487718681737
0.725,0.025,70,20.50569495100001
0.725,0.025,71,20.830856530770987
0.725,0.025,72,21.026545515483576
0.725,0.025,73,21.38507130274057
0.725,0.025,74,21.6944550183309
0.725,0.025,75,21.8602950927431
0.725,0.025,76,22.288649116764006
0.725,0.025,77,22.857782551797907
0.725,0.025,78,22.923157297881772
0.725,0.025,79,25.331487760039508
0.725,0.025,80,31.463555989825608
0.725,0.025,81,33.06654703614436
0.725,0.025,82,35.86596036807515
0.725,0.025,83,36.39066718420041
0.725,0.025,84,38.00588809102589
0.725,0.025,85,39.888507674578236
0.725,0.025,86,40.43222821162165
0.725,0.025,87,42.23672809919977
0.725,0.025,88,42.43694778048911
0.725,0.025,89,43.798436234153776
0.725,0.025,90,45.26569627271382
0.725,0.025,91,45.45609593404782
0.725,0.025,92,46.99302005491723
0.725,0.025,93,47.483088063787314
0.725,0.025,94,47.84260400800985
0.725,0.025,95,49.72367414685628
0.725,0.025,96,50.529663384106186
0.725,0.025,97,50.90719167643498
0.725,0.025,98,51.16261110531631
0.725,0.025,99,52.88598205262017
0.725,0.025,100,53.28486085630252
0.725,0.025,101,53.572337377430614
0.725,0.025,102,54.51295947988404
0.725,0.025,103,56.79382790020728
0.725,0.025,104,59.096089333877
0.725,0.025,105,61.58350340273464
0.725,0.025,106,64.17989154042414
0.725,0.025,107,65.49346832864386
0.725,0.025,108,67.02005841235284
0.725,0.025,109,69.445549322677
0.725,0.025,110,70.33046747084678
0.725,0.025,111,72.88897046801324
0.725,0.025,112,74.35036272539747
0.725,0.025,113,76.99889314168948
0.725,0.025,114,79.59314870990698
0.725,0.025,115,82.66328800410668
0.725,0.025,116,86.25905940061686
0.725,0.025,117,91.27428824947518
0.725,0.025,118,96.79115847912801
0.75,0.025,1,-93.61422732420517
0.75,0.025,2,-86.28829606552851
0.75,0.025,3,-81.03691961473096
0.75,0.025,4,-78.58211304349489
0.75,0.025,5,-74.39420947269299
0.75,0.025,6,-71.23786773263829
0.75,0.025,7,-70.30896558485738
0.75,0.025,8,-66.10912668690408
0.75,0.025,9,-64.40518473773217
0.75,0.025,10,-62.609310073684
0.75,0.025,11,-59.831676040410414
0.75,0.025,12,-57.48499387405728
0.75,0.025,13,-56.26627193335615
0.75,0.025,14,-53.42274046438966
0.75,0.025,15,-51.85428875864129
0.75,0.025,16,-50.89413312183588
0.75,0.025,17,-48.169445311628564
0.75,0.025,18,-47.60466678767186
0.75,0.025,19,-45.92354893822305
0.75,0.025,20,-44.075134824498704
0.75,0.025,21,-43.14005112109065
0.75,0.025,22,-42.08374460692259
0.75,0.025,23,-40.37848646041185
0.75,0.025,24,-39.860288010108675
0.75,0.025,25,-38.99371480311474
0.75,0.025,26,-37.69859126663748
0.75,0.025,27,-37.23460731823438
0.75,0.025,28,-36.82974036825941
0.75,0.025,29,-36.310583747045214
0.75,0.025,30,-35.91225007909334
0.75,0.025,31,-34.20587576254138
0.75,0.025,32,-34.09606721995481
0.75,0.025,33,-31.621361886474332
0.75,0.025,34,-30.873544791506802
0.75,0.025,35,-28.860480913573625
0.75,0.025,36,-26.23049452701838
0.75,0.025,37,-25.560805739920113
0.75,0.025,38,-21.19458541831878
0.75,0.025,39,-21.064641392071877
0.75,0.025,40,-14.967241380846929
0.75,0.025,41,-7.808927877236201
0.75,0.025,42,-7.531259179461102
0.75,0.025,43,-5.919032216539605
0.75,0.025,44,-4.6363438008345526
0.75,0.025,45,-4.454476356189829
0.75,0.025,46,-3.5453291239242617
0.75,0.025,47,-2.861480190842613
0.75,0.025,48,-2.1916306039929196
0.75,0.025,49,-1.237300839434468
0.75,0.025,50,-0.3190468644902751
0.75,0.025,51,0.8600270149901661
0.75,0.025,52,2.026915234551737
0.75,0.025,53,3.367220835833436
0.75,0.025,54,4.748169299138894
0.75,0.025,55,6.2808722548003
0.75,0.025,56,7.90734516048191
0.75,0.025,57,9.620581004116985
0.75,0.025,58,11.409581569365272
0.75,0.025,59,13.2718338260742
0.75,0.025,60,15.179020943832171
0.75,0.025,61,16.94466776558322
0.75,0.025,62,16.97233889971423
0.75,0.025,63,17.04417232573853
0.75,0.025,64,18.428374865431024
0.75,0.025,65,18.69816591086971
0.75,0.025,66,18.75606500317866
0.75,0.025,67,19.398703761622684
0.75,0.025,68,19.646993179350304
0.75,0.025,69,20.112449813687874
0.75,0.025,70,20.48615238711183
0.75,0.025,71,20.811968684227438
0.75,0.025,72,21.09133475585071
0.75,0.025,73,21.324614582694196
0.75,0.025,74,21.74253966098378
0.75,0.025,75,21.833988790495
0.75,0.025,76,22.28935974805377
0.75,0.025,77,22.857248035854038
0.75,0.025,78,22.923639220891076
0.75,0.025,79,25.331547193016945
0.75,0.025,80,31.463544185240465
0.75,0.025,81,33.06631797951052
0.75,0.025,82,35.86542372356165
0.75,0.025,83,36.39006680940223
0.75,0.025,84,38.00971665029284
0.75,0.025,85,39.87846435114599
0.75,0.025,86,40.442836569623196
0.75,0.025,87,42.23712469488835
0.75,0.025,88,42.44667264328654
0.75,0.025,89,43.74016906200019
0.75,0.025,90,45.27669161792051
0.75,0.025,91,45.61745578929468
0.75,0.025,92,46.846147351974714
0.75,0.025,93,47.0732613858449
0.75,0.025,94,48.66193552077946
0.75,0.025,95,49.3333391228806
0.75,0.025,96,50.10540909594663
0.75,0.025,97,50.98755343621821
0.75,0.025,98,51.830490425486936
0.75,0.025,99,52.53204263213509
0.75,0.025,100,53.14369342711469
0.75,0.025,101,53.67518912900008
0.75,0.025,102,54.58467894321171
0.75,0.025,103,56.795124948175946
0.75,0.025,104,59.099371935421374
0.75,0.025,105,61.566802336875384
0.75,0.025,106,64.15099815583037
0.75,0.025,107,65.69748261537372
0.75,0.025,108,66.7872430454261
0.75,0.025,109,69.30972195925315
0.75,0.025,110,70.75454677464914
0.75,0.025,111,72.4449466841955
0.75,0.025,112,74.7051644830322
0.75,0.025,113,76.80298740494233
0.75,0.025,114,79.6811990500853
0.75,0.025,115,82.63222441336305
0.75,0.025,116,86.26674332428533
0.75,0.025,117,91.27351686574522
0.75,0.025,118,96.79129338163834
0.775,0.025,1,-93.60967953807481
0.775,0.025,2,-86.28351346804517
0.775,0.025,3,-81.21445243231032
0.775,0.025,4,-78.17359624943448
0.775,0.025,5,-74.8650546831585
0.775,0.025,6,-71.39879653084138
0.775,0.025,7,-69.26887423047602
0.775,0.025,8,-67.47007837005064
0.775,0.025,9,-63.08120776461227
0.775,0.025,10,-62.698625666816056
0.775,0.025,11,-60.76988112936009
0.775,0.025,12,-57.18187198580067
0.775,0.025,13,-55.555920498145056
0.775,0.025,14,-54.417067137081645
0.775,0.025,15,-51.43975024669599
0.775,0.025,16,-50.596267136734966
0.775,0.025,17,-49.022491818799224
0.775,0.025,18,-47.007598766272636
0.775,0.025,19,-45.393075964523305
0.775,0.025,20,-45.0748182155764
0.775,0.025,21,-42.68694893379332
0.775,0.025,22,-41.59326587860612
0.775,0.025,23,-41.32970254565167
0.775,0.025,24,-39.39624819125093
0.775,0.025,25,-38.733810648361796
0.775,0.025,26,-38.254547086003285
0.775,0.025,27,-36.8710569905709
0.775,0.025,28,-36.74224110255232
0.775,0.025,29,-36.54550453020188
0.775,0.025,30,-35.88239901942167
0.775,0.025,31,-34.20331256729256
0.775,0.025,32,-34.095843994978594
0.775,0.025,33,-31.619709507476173
0.775,0.025,34,-30.874461301870923
0.775,0.025,35,-28.861281658613933
0.775,0.025,36,-26.230512344504035
0.775,0.025,37,-25.560439028383044
0.775,0.025,38,-21.194729071128876
0.775,0.025,39,-21.064469346046522
0.775,0.025,40,-14.967274900373909
0.775,0.025,41,-7.807578760022153
0.775,0.025,42,-7.533743037417537
0.775,0.025,43,-5.908777266543169
0.775,0.025,44,-4.76904001576716
0.775,0.025,45,-4.246366934262113
0.775,0.025,46,-3.682148171686279
0.775,0.025,47,-2.800823839441861
0.775,0.025,48,-2.176846396526301
0.775,0.025,49,-1.286657855292006
0.775,0.025,50,-0.2771180490096299
0.775,0.025,51,0.8342838980435943
0.775,0.025,52,2.043926211742459
0.775,0.025,53,3.3553796159013842
0.775,0.025,54,4.75528963654007
0.775,0.025,55,6.27794526991093
0.775,0.025,56,7.908060175852768
0.775,0.025,57,9.620521067764344
0.775,0.025,58,11.409619073602798
0.775,0.025,59,13.271757028452939
0.775,0.025,60,15.17906414385476
0.775,0.025,61,16.946561913352184
0.775,0.025,62,16.972212819048362
0.775,0.025,63,17.041964491044386
0.775,0.025,64,18.432640577464397
0.775,0.025,65,18.697963007406848
0.775,0.025,66,18.75104664073948
0.775,0.025,67,19.39671943765768
0.775,0.025,68,19.656257415651197
0.775,0.025,69,20.0948771868173
0.775,0.025,70,20.50569495100015
0.775,0.025,71,20.8308565307709
0.775,0.025,72,21.026545515483832
0.775,0.025,73,21.385071302739988
0.775,0.025,74,21.694455018330203
0.775,0.025,75,21.8602950927432
0.775,0.025,76,22.288649116764233
0.775,0.025,77,22.857782551798255
0.775,0.025,78,22.923157297882018
0.775,0.025,79,25.33148776003928
0.775,0.025,80,31.463555989825096
0.775,0.025,81,33.06654703614449
0.775,0.025,82,35.86596036807547
0.775,0.025,83,36.39066718420122
0.775,0.025,84,38.00588809102527
0.775,0.025,85,39.88850767457818
0.775,0.025,86,40.43222821162056
0.775,0.025,87,42.23672809919963
0.775,0.025,88,42.43694778048733
0.775,0.025,89,43.7984362341546
0.775,0.025,90,45.26569627271477
0.775,0.025,91,45.45609593404861
0.775,0.025,92,46.993020054918816
0.775,0.025,93,47.48308806378769
0.775,0.025,94,47.842604008010674
0.775,0.025,95,49.72367414685639
0.775,0.025,96,50.52966338410602
0.775,0.025,97,50.90719167643425
0.775,0.025,98,51.16261110531576
0.775,0.025,99,52.88598205262026
0.775,0.025,100,53.28486085630234
0.775,0.025,101,53.572337377430465
0.775,0.025,102,54.512959479883335
0.775,0.025,103,56.793827900207454
0.775,0.025,104,59.09608933387738
0.775,0.025,105,61.58350340273588
0.775,0.025,106,64.17989154042465
0.775,0.025,107,65.49346832864387
0.775,0.025,108,67.02005841235254
0.775,0.025,109,69.44554932267721
0.775,0.025,110,70.33046747084714
0.775,0.025,111,72.88897046801293
0.775,0.025,112,74.35036272539702
0.775,0.025,113,76.99889314168979
0.775,0.025,114,79.59314870990627
0.775,0.025,115,82.66328800410675
0.775,0.025,116,86.2590594006175
0.775,0.025,117,91.27428824947734
0.775,0.025,118,96.79115847912813
0.8,0.025,1,-93.61422732420463
0.8,0.025,2,-86.28829606552874
0.8,0.025,3,-81.03691961472937
0.8,0.025,4,-78.58211304349497
0.8,0.025,5,-74.39420947269242
0.8,0.025,6,-71.23786773263818
0.8,0.025,7,-70.30896558485723
0.8,0.025,8,-66.10912668690408
0.8,0.025,9,-64.40518473773209
0.8,0.025,10,-62.60931007368417
0.8,0.025,11,-59.83167604041124
0.8,0.025,12,-57.484993874057565
0.8,0.025,13,-56.2662719333553
0.8,0.025,14,-53.422740464389236
0.8,0.025,15,-51.854288758641516
0.8,0.025,16,-50.89413312183531
0.8,0.025,17,-48.16944531162814
0.8,0.025,18,-47.604666787671036
0.8,0.025,19,-45.92354893822376
0.8,0.025,20,-44.07513482449839
0.8,0.025,21,-43.14005112109048
0.8,0.025,22,-42.083744606922565
0.8,0.025,23,-40.378486460411764
0.8,0.025,24,-39.86028801010862
0.8,0.025,25,-38.99371480311471
0.8,0.025,26,-37.69859126663748
0.8,0.025,27,-37.23460731823393
0.8,0.025,28,-36.829740368259465
0.8,0.025,29,-36.31058374704536
0.8,0.025,30,-35.91225007909334
0.8,0.025,31,-34.20587576254105
0.8,0.025,32,-34.09606721995502
0.8,0.025,33,-31.621361886474133
0.8,0.025,34,-30.873544791506575
0.8,0.025,35,-28.860480913573852
0.8,0.025,36,-26.23049452701882
0.8,0.025,37,-25.560805739920326
0.8,0.025,38,-21.194585418318965
0.8,0.025,39,-21.064641392071962
0.8,0.025,40,-14.967241380847355
0.8,0.025,41,-7.8089278772361155
0.8,0.025,42,-7.531259179461173
0.8,0.025,43,-5.919032216539549
0.8,0.025,44,-4.636343800834567
0.8,0.025,45,-4.454476356189872
0.8,0.025,46,-3.5453291239242333
0.8,0.025,47,-2.861480190842613
0.8,0.025,48,-2.191630603992934
0.8,0.025,49,-1.2373008394344964
0.8,0.025,50,-0.3190468644902893
0.8,0.025,51,0.8600270149901803
0.8,0.025,52,2.0269152345517227
0.8,0.025,53,3.36722083583345
0.8,0.025,54,4.748169299138937
0.8,0.025,55,6.2808722548003715
0.8,0.025,56,7.90734516048191
0.8,0.025,57,9.62058100411707
0.8,0.025,58,11.4095815693654
0.8,0.025,59,13.271833826074086
0.8,0.025,60,15.179020943832228
0.8,0.025,61,16.944667765583137
0.8,0.025,62,16.972338899713854
0.8,0.025,63,17.044172325738305
0.8,0.025,64,18.428374865430882
0.8,0.025,65,18.698165910869914
0.8,0.025,66,18.756065003178673
0.8,0.025,67,19.39870376162267
0.8,0.025,68,19.646993179350304
0.8,0.025,69,20.112449813688002
0.8,0.025,70,20.48615238711176
0.8,0.025,71,20.811968684227438
0.8,0.025,72,21.091334755850937
0.8,0.025,73,21.324614582694224
0.8,0.025,74,21.74253966098391
0.8,0.025,75,21.833988790494985
0.8,0.025,76,22.289359748053656
0.8,0.025,77,22.85724803585415
0.8,0.025,78,22.923639220890866
0.8,0.025,79,25.331547193017272
0.8,0.025,80,31.46354418524153
0.8,0.025,81,33.06631797951077
0.8,0.025,82,35.86542372356158
0.8,0.025,83,36.39006680940283
0.8,0.025,84,38.00971665029263
0.8,0.025,85,39.87846435114644
0.8,0.025,86,40.44283656962306
0.8,0.025,87,42.23712469488764
0.8,0.025,88,42.44667264328637
0.8,0.025,89,43.74016906200038
0.8,0.025,90,45.27669161792022
0.8,0.025,91,45.61745578929451
0.8,0.025,92,46.846147351974885
0.8,0.025,93,47.07326138584511
0.8,0.025,94,48.66193552077904
0.8,0.025,95,49.333339122880176
0.8,0.025,96,50.105409095947145
0.8,0.025,97,50.98755343621918
0.8,0.025,98,51.83049042548756
0.8,0.025,99,52.532042632134285
0.8,0.025,100,53.14369342711395
0.8,0.025,101,53.67518912900026
0.8,0.025,102,54.584678943211934
0.8,0.025,103,56.795124948175754
0.8,0.025,104,59.0993719354212
0.8,0.025,105,61.56680233687467
0.8,0.025,106,64.15099815583113
0.8,0.025,107,65.69748261537437
0.8,0.025,108,66.78724304542614
0.8,0.025,109,69.30972195925224
0.8,0.025,110,70.75454677464819
0.8,0.025,111,72.44494668419537
0.8,0.025,112,74.70516448303388
0.8,0.025,113,76.80298740494267
0.8,0.025,114,79.68119905008503
0.8,0.025,115,82.63222441336279
0.8,0.025,116,86.2667433242859
0.8,0.025,117,91.27351686574346
0.8,0.025,118,96.79129338163806
0.825,0.025,1,-93.60967953807493
0.825,0.025,2,-86.28351346804415
0.825,0.025,3,-81.21445243231052
0.825,0.025,4,-78.17359624943406
0.825,0.025,5,-74.865054683158
0.825,0.025,6,-71.39879653084112
0.825,0.025,7,-69.26887423047519
0.825,0.025,8,-67.47007837005047
0.825,0.025,9,-63.08120776461182
0.825,0.025,10,-62.698625666816056
0.825,0.025,11,-60.76988112935963
0.825,0.025,12,-57.18187198580058
0.825,0.025,13,-55.555920498145454
0.825,0.025,14,-54.41706713708173
0.825,0.025,15,-51.43975024669591
0.825,0.025,16,-50.59626713673485
0.825,0.025,17,-49.022491818798514
0.825,0.025,18,-47.00759876627261
0.825,0.025,19,-45.39307596452319
0.825,0.025,20,-45.074818215575945
0.825,0.025,21,-42.68694893379306
0.825,0.025,22,-41.59326587860677
0.825,0.025,23,-41.329702545651244
0.825,0.025,24,-39.39624819125085
0.825,0.025,25,-38.73381064836177
0.825,0.025,26,-38.254547086003654
0.825,0.025,27,-36.871056990571034
0.825,0.025,28,-36.742241102552434
0.825,0.025,29,-36.54550453020194
0.825,0.025,30,-35.882399019421584
0.825,0.025,31,-34.20331256729236
0.825,0.025,32,-34.09584399497813
0.825,0.025,33,-31.61970950747569
0.825,0.025,34,-30.874461301870767
0.825,0.025,35,-28.861281658614132
0.825,0.025,36,-26.23051234450402
0.825,0.025,37,-25.56043902838313
0.825,0.025,38,-21.194729071128847
0.825,0.025,39,-21.06446934604668
0.825,0.025,40,-14.96727490037371
0.825,0.025,41,-7.80757876002194
0.825,0.025,42,-7.533743037417594
0.825,0.025,43,-5.908777266543183
0.825,0.025,44,-4.769040015767146
0.825,0.025,45,-4.2463669342621415
0.825,0.025,46,-3.682148171686194
0.825,0.025,47,-2.800823839441861
0.825,0.025,48,-2.1768463965262583
0.825,0.025,49,-1.2866578552919492
0.825,0.025,50,-0.27711804900960146
0.825,0.025,51,0.8342838980435943
0.825,0.025,52,2.0439262117424875
0.825,0.025,53,3.355379615901427
0.825,0.025,54,4.7552896365401836
0.825,0.025,55,6.277945269910859
0.825,0.025,56,7.90806017585281
0.825,0.025,57,9.620521067764415
0.825,0.025,58,11.409619073602826
0.825,0.025,59,13.271757028453095
0.825,0.025,60,15.17906414385483
0.825,0.025,61,16.946561913352216
0.825,0.025,62,16.972212819048533
0.825,0.025,63,17.041964491044546
0.825,0.025,64,18.432640577464397
0.825,0.025,65,18.697963007406827
0.825,0.025,66,18.75104664073947
0.825,0.025,67,19.39671943765758
0.825,0.025,68,19.65625741565117
0.825,0.025,69,20.09487718681727
0.825,0.025,70,20.505694951000123
0.825,0.025,71,20.830856530770888
0.825,0.025,72,21.026545515483832
0.825,0.025,73,21.385071302740315
0.825,0.025,74,21.6944550183305
0.825,0.025,75,21.860295092743158
0.825,0.025,76,22.288649116764205
0.825,0.025,77,22.857782551798046
0.825,0.025,78,22.923157297882042
0.825,0.025,79,25.33148776003945
0.825,0.025,80,31.46355598982504
0.825,0.025,81,33.066547036144726
0.825,0.025,82,35.86596036807536
0.825,0.025,83,36.390667184200254
0.825,0.025,84,38.00588809102544
0.825,0.025,85,39.88850767457839
0.825,0.025,86,40.43222821162073
0.825,0.025,87,42.23672809919939
0.825,0.025,88,42.436947780488474
0.825,0.025,89,43.798436234154345
0.825,0.025,90,45.265696272714344
0.825,0.025,91,45.45609593404843
0.825,0.025,92,46.99302005491832
0.825,0.025,93,47.4830880637875
0.825,0.025,94,47.842604008010454
0.825,0.025,95,49.723674146856446
0.825,0.025,96,50.52966338410606
0.825,0.025,97,50.90719167643411
0.825,0.025,98,51.1626111053166
0.825,0.025,99,52.885982052621024
0.825,0.025,100,53.28486085630265
0.825,0.025,101,53.572337377430635
0.825,0.025,102,54.51295947988335
0.825,0.025,103,56.79382790020716
0.825,0.025,104,59.0960893338783
0.825,0.025,105,61.58350340273522
0.825,0.025,106,64.17989154042417
0.825,0.025,107,65.49346832864414
0.825,0.025,108,67.02005841235409
0.825,0.025,109,69.44554932267732
0.825,0.025,110,70.33046747084775
0.825,0.025,111,72.88897046801277
0.825,0.025,112,74.35036272539745
0.825,0.025,113,76.99889314168979
0.825,0.025,114,79.59314870990609
0.825,0.025,115,82.66328800410707
0.825,0.025,116,86.25905940061791
0.825,0.025,117,91.27428824947667
0.825,0.025,118,96.79115847912831
0.85,0.025,1,-93.61422732420469
0.85,0.025,2,-86.28829606552891
0.85,0.025,3,-81.03691961473025
0.85,0.025,4,-78.58211304349472
0.85,0.025,5,-74.3942094726926
0.85,0.025,6,-71.23786773263875
0.85,0.025,7,-70.30896558485769
0.85,0.025,8,-66.1091266869045
0.85,0.025,9,-64.40518473773271
0.85,0.025,10,-62.60931007368383
0.85,0.025,11,-59.831676040410784
0.85,0.025,12,-57.484993874057224
0.85,0.025,13,-56.266271933355384
0.85,0.025,14,-53.422740464389236
0.85,0.025,15,-51.85428875864092
0.85,0.025,16,-50.894133121836646
0.85,0.025,17,-48.169445311627825
0.85,0.025,18,-47.60466678767115
0.85,0.025,19,-45.923548938222794
0.85,0.025,20,-44.07513482449919
0.85,0.025,21,-43.14005112109045
0.85,0.025,22,-42.08374460692205
0.85,0.025,23,-40.37848646041182
0.85,0.025,24,-39.860288010109045
0.85,0.025,25,-38.993714803115196
0.85,0.025,26,-37.69859126663745
0.85,0.025,27,-37.2346073182341
0.85,0.025,28,-36.82974036825921
0.85,0.025,29,-36.310583747044504
0.85,0.025,30,-35.91225007909337
0.85,0.025,31,-34.20587576254154
0.85,0.025,32,-34.09606721995489
0.85,0.025,33,-31.621361886474418
0.85,0.025,34,-30.873544791507257
0.85,0.025,35,-28.860480913574136
0.85,0.025,36,-26.230494527018593
0.85,0.025,37,-25.560805739920355
0.85,0.025,38,-21.194585418318937
0.85,0.025,39,-21.064641392071863
0.85,0.025,40,-14.96724138084734
0.85,0.025,41,-7.808927877236229
0.85,0.025,42,-7.531259179461088
0.85,0.025,43,-5.919032216539563
0.85,0.025,44,-4.6363438008345526
0.85,0.025,45,-4.454476356189886
0.85,0.025,46,-3.5453291239241906
0.85,0.025,47,-2.8614801908425704
0.85,0.025,48,-2.191630603992934
0.85,0.025,49,-1.2373008394344964
0.85,0.025,50,-0.3190468644902751
0.85,0.025,51,0.8600270149901377
0.85,0.025,52,2.0269152345517227
0.85,0.025,53,3.3672208358334785
0.85,0.025,54,4.748169299138908
0.85,0.025,55,6.280872254800258
0.85,0.025,56,7.907345160481768
0.85,0.025,57,9.620581004116985
0.85,0.025,58,11.40958156936523
0.85,0.025,59,13.2718338260742
0.85,0.025,60,15.17902094383227
0.85,0.025,61,16.944667765583166
0.85,0.025,62,16.972338899713858
0.85,0.025,63,17.044172325738177
0.85,0.025,64,18.428374865430825
0.85,0.025,65,18.698165910869733
0.85,0.025,66,18.75606500317869
0.85,0.025,67,19.398703761622684
0.85,0.025,68,19.646993179350318
0.85,0.025,69,20.112449813687874
0.85,0.025,70,20.4861523871117
0.85,0.025,71,20.811968684227338
0.85,0.025,72,21.091334755850866
0.85,0.025,73,21.324614582694025
0.85,0.025,74,21.742539660983795
0.85,0.025,75,21.8339887904951
0.85,0.025,76,22.289359748053826
0.85,0.025,77,22.857248035854216
0.85,0.025,78,22.92363922089066
0.85,0.025,79,25.3315471930171
0.85,0.025,80,31.46354418524146
0.85,0.025,81,33.066317979510714
0.85,0.025,82,35.86542372356152
0.85,0.025,83,36.390066809402654
0.85,0.025,84,38.00971665029356
0.85,0.025,85,39.87846435114641
0.85,0.025,86,40.44283656962323
0.85,0.025,87,42.23712469488818
0.85,0.025,88,42.44667264328704
0.85,0.025,89,43.74016906200056
0.85,0.025,90,45.276691617919994
0.85,0.025,91,45.61745578929489
0.85,0.025,92,46.846147351974764
0.85,0.025,93,47.073261385845115
0.85,0.025,94,48.66193552077874
0.85,0.025,95,49.3333391228806
0.85,0.025,96,50.1054090959471
0.85,0.025,97,50.98755343621816
0.85,0.025,98,51.83049042548767
0.85,0.025,99,52.53204263213593
0.85,0.025,100,53.14369342711467
0.85,0.025,101,53.67518912899922
0.85,0.025,102,54.58467894321164
0.85,0.025,103,56.79512494817564
0.85,0.025,104,59.09937193542017
0.85,0.025,105,61.56680233687501
0.85,0.025,106,64.15099815582914
0.85,0.025,107,65.69748261537367
0.85,0.025,108,66.787243045427
0.85,0.025,109,69.30972195925237
0.85,0.025,110,70.75454677464784
0.85,0.025,111,72.44494668419527
0.85,0.025,112,74.70516448303344
0.85,0.025,113,76.80298740494266
0.85,0.025,114,79.68119905008527
0.85,0.025,115,82.63222441336431
0.85,0.025,116,86.26674332428614
0.85,0.025,117,91.27351686574447
0.85,0.025,118,96.79129338163847
0.875,0.025,1,-93.60967953807473
0.875,0.025,2,-86.28351346804443
0.875,0.025,3,-81.21445243231092
0.875,0.025,4,-78.17359624943388
0.875,0.025,5,-74.865054683158
0.875,0.025,6,-71.39879653084121
0.875,0.025,7,-69.26887423047476
0.875,0.025,8,-67.47007837005033
0.875,0.025,9,-63.08120776461159
0.875,0.025,10,-62.6986256668162
0.875,0.025,11,-60.76988112936
0.875,0.025,12,-57.18187198579987
0.875,0.025,13,-55.55592049814511
0.875,0.025,14,-54.417067137081304
0.875,0.025,15,-51.43975024669673
0.875,0.025,16,-50.59626713673502
0.875,0.025,17,-49.02249181879925
0.875,0.025,18,-47.00759876627218
0.875,0.025,19,-45.39307596452308
0.875,0.025,20,-45.07481821557589
0.875,0.025,21,-42.68694893379369
0.875,0.025,22,-41.5932658786064
0.875,0.025,23,-41.32970254565164
0.875,0.025,24,-39.39624819125051
0.875,0.025,25,-38.7338106483614
0.875,0.025,26,-38.254547086002745
0.875,0.025,27,-36.87105699057116
0.875,0.025,28,-36.74224110255237
0.875,0.025,29,-36.54550453020171
0.875,0.025,30,-35.88239901942161
0.875,0.025,31,-34.203312567292016
0.875,0.025,32,-34.09584399497854
0.875,0.025,33,-31.619709507475918
0.875,0.025,34,-30.87446130187071
0.875,0.025,35,-28.86128165861426
0.875,0.025,36,-26.230512344504163
0.875,0.025,37,-25.560439028382916
0.875,0.025,38,-21.19472907112889
0.875,0.025,39,-21.06446934604648
0.875,0.025,40,-14.967274900373994
0.875,0.025,41,-7.807578760021997
0.875,0.025,42,-7.533743037417537
0.875,0.025,43,-5.908777266543183
0.875,0.025,44,-4.769040015767132
0.875,0.025,45,-4.246366934261971
0.875,0.025,46,-3.6821481716862507
0.875,0.025,47,-2.80082383944179
0.875,0.025,48,-2.1768463965262583
0.875,0.025,49,-1.2866578552919918
0.875,0.025,50,-0.2771180490096157
0.875,0.025,51,0.83428389804358
0.875,0.025,52,2.0439262117424732
0.875,0.025,53,3.355379615901427
0.875,0.025,54,4.75528963654007
0.875,0.025,55,6.277945269910887
0.875,0.025,56,7.908060175852768
0.875,0.025,57,9.620521067764287
0.875,0.025,58,11.409619073602741
0.875,0.025,59,13.271757028452996
0.875,0.025,60,15.179064143854717
0.875,0.025,61,16.946561913352134
0.875,0.025,62,16.972212819048558
0.875,0.025,63,17.041964491044507
0.875,0.025,64,18.432640577464426
0.875,0.025,65,18.69796300740699
0.875,0.025,66,18.751046640739467
0.875,0.025,67,19.396719437657836
0.875,0.025,68,19.656257415651197
0.875,0.025,69,20.094877186817342
0.875,0.025,70,20.505694951000237
0.875,0.025,71,20.830856530770802
0.875,0.025,72,21.026545515484187
0.875,0.025,73,21.38507130274064
0.875,0.025,74,21.694455018330842
0.875,0.025,75,21.8602950927435
0.875,0.025,76,22.288649116764333
0.875,0.025,77,22.857782551797982
0.875,0.025,78,22.923157297882067
0.875,0.025,79,25.33148776003958
0.875,0.025,80,31.463555989825352
0.875,0.025,81,33.066547036144335
0.875,0.025,82,35.86596036807544
0.875,0.025,83,36.39066718420117
0.875,0.025,84,38.005888091025085
0.875,0.025,85,39.8885076745783
0.875,0.025,86,40.43222821162053
0.875,0.025,87,42.23672809919969
0.875,0.025,88,42.436947780487785
0.875,0.025,89,43.798436234153456
0.875,0.025,90,45.26569627271535
0.875,0.025,91,45.45609593404836
0.875,0.025,92,46.99302005491882
0.875,0.025,93,47.483088063787115
0.875,0.025,94,47.84260400801061
0.875,0.025,95,49.72367414685715
0.875,0.025,96,50.52966338410623
0.875,0.025,97,50.907191676433804
0.875,0.025,98,51.1626111053154
0.875,0.025,99,52.88598205262096
0.875,0.025,100,53.2848608563031
0.875,0.025,101,53.572337377431474
0.875,0.025,102,54.5129594798848
0.875,0.025,103,56.793827900208086
0.875,0.025,104,59.096089333878425
0.875,0.025,105,61.58350340273416
0.875,0.025,106,64.17989154042428
0.875,0.025,107,65.49346832864266
0.875,0.025,108,67.0200584123538
0.875,0.025,109,69.44554932267695
0.875,0.025,110,70.33046747084697
0.875,0.025,111,72.8889704680128
0.875,0.025,112,74.35036272539654
0.875,0.025,113,76.99889314168894
0.875,0.025,114,79.59314870990528
0.875,0.025,115,82.6632880041072
0.875,0.025,116,86.25905940061672
0.875,0.025,117,91.27428824947785
0.875,0.025,118,96.79115847912838
0.9,0.025,1,-93.61422732420463
0.9,0.025,2,-86.28829606552857
0.9,0.025,3,-81.03691961473
0.9,0.025,4,-78.5821130434946
0.9,0.025,5,-74.39420947269294
0.9,0.025,6,-71.23786773263812
0.9,0.025,7,-70.3089655848576
0.9,0.025,8,-66.10912668690487
0.9,0.025,9,-64.40518473773277
0.9,0.025,10,-62.609310073684256
0.9,0.025,11,-59.8316760404107
0.9,0.025,12,-57.484993874057594
0.9,0.025,13,-56.266271933355156
0.9,0.025,14,-53.42274046439054
0.9,0.025,15,-51.85428875864166
0.9,0.025,16,-50.894133121835594
0.9,0.025,17,-48.169445311628394
0.9,0.025,18,-47.604666787671434
0.9,0.025,19,-45.923548938224215
0.9,0.025,20,-44.07513482449865
0.9,0.025,21,-43.14005112109088
0.9,0.025,22,-42.083744606921826
0.9,0.025,23,-40.37848646041205
0.9,0.025,24,-39.860288010108505
0.9,0.025,25,-38.99371480311514
0.9,0.025,26,-37.69859126663768
0.9,0.025,27,-37.23460731823418
0.9,0.025,28,-36.829740368259266
0.9,0.025,29,-36.31058374704544
0.9,0.025,30,-35.91225007909354
0.9,0.025,31,-34.205875762541304
0.9,0.025,32,-34.09606721995472
0.9,0.025,33,-31.621361886474162
0.9,0.025,34,-30.873544791506603
0.9,0.025,35,-28.860480913573426
0.9,0.025,36,-26.230494527018607
0.9,0.025,37,-25.560805739920113
0.9,0.025,38,-21.19458541831915
0.9,0.025,39,-21.06464139207182
0.9,0.025,40,-14.96724138084727
0.9,0.025,41,-7.808927877236073
0.9,0.025,42,-7.531259179461031
0.9,0.025,43,-5.919032216539563
0.9,0.025,44,-4.63634380083451
0.9,0.025,45,-4.454476356189858
0.9,0.025,46,-3.545329123924276
0.9,0.025,47,-2.861480190842599
0.9,0.025,48,-2.1916306039929196
0.9,0.025,49,-1.237300839434468
0.9,0.025,50,-0.3190468644902751
0.9,0.025,51,0.8600270149901519
0.9,0.025,52,2.0269152345517654
0.9,0.025,53,3.367220835833507
0.9,0.025,54,4.748169299139022
0.9,0.025,55,6.280872254800414
0.9,0.025,56,7.907345160481938
0.9,0.025,57,9.620581004117156
0.9,0.025,58,11.4095815693655
0.9,0.025,59,13.271833826074214
0.9,0.025,60,15.17902094383227
0.9,0.025,61,16.94466776558322
0.9,0.025,62,16.97233889971385
0.9,0.025,63,17.044172325738305
0.9,0.025,64,18.42837486543084
0.9,0.025,65,18.698165910869665
0.9,0.025,66,18.75606500317872
0.9,0.025,67,19.398703761622528
0.9,0.025,68,19.646993179350204
0.9,0.025,69,20.112449813687903
0.9,0.025,70,20.48615238711163
0.9,0.025,71,20.811968684227836
0.9,0.025,72,21.091334755850767
0.9,0.025,73,21.32461458269411
0.9,0.025,74,21.74253966098408
0.9,0.025,75,21.833988790495113
0.9,0.025,76,22.289359748053712
0.9,0.025,77,22.85724803585446
0.9,0.025,78,22.92363922089101
0.9,0.025,79,25.331547193017187
0.9,0.025,80,31.463544185240664
0.9,0.025,81,33.06631797951039
0.9,0.025,82,35.86542372356166
0.9,0.025,83,36.390066809402086
0.9,0.025,84,38.00971665029288
0.9,0.025,85,39.878464351145965
0.9,0.025,86,40.442836569622095
0.9,0.025,87,42.23712469488738
0.9,0.025,88,42.446672643285964
0.9,0.025,89,43.74016906200061
0.9,0.025,90,45.27669161791995
0.9,0.025,91,45.61745578929377
0.9,0.025,92,46.84614735197489
0.9,0.025,93,47.07326138584444
0.9,0.025,94,48.66193552077927
0.9,0.025,95,49.33333912288051
0.9,0.025,96,50.10540909594675
0.9,0.025,97,50.98755343621815
0.9,0.025,98,51.830490425488186
0.9,0.025,99,52.53204263213541
0.9,0.025,100,53.14369342711331
0.9,0.025,101,53.675189128998845
0.9,0.025,102,54.5846789432109
0.9,0.025,103,56.79512494817586
0.9,0.025,104,59.09937193542094
0.9,0.025,105,61.566802336875575
0.9,0.025,106,64.15099815582992
0.9,0.025,107,65.69748261537458
0.9,0.025,108,66.78724304542618
0.9,0.025,109,69.30972195925352
0.9,0.025,110,70.75454677464884
0.9,0.025,111,72.44494668419568
0.9,0.025,112,74.70516448303367
0.9,0.025,113,76.80298740494202
0.9,0.025,114,79.6811990500857
0.9,0.025,115,82.63222441336342
0.9,0.025,116,86.26674332428536
0.9,0.025,117,91.27351686574522
0.9,0.025,118,96.79129338163855
0.925,0.025,1,-93.6096795380749
0.925,0.025,2,-86.28351346804466
0.925,0.025,3,-81.21445243231038
0.925,0.025,4,-78.17359624943462
0.925,0.025,5,-74.86505468315805
0.925,0.025,6,-71.39879653084144
0.925,0.025,7,-69.26887423047548
0.925,0.025,8,-67.47007837005062
0.925,0.025,9,-63.08120776461281
0.925,0.025,10,-62.69862566681583
0.925,0.025,11,-60.76988112935969
0.925,0.025,12,-57.181871985800726
0.925,0.025,13,-55.55592049814537
0.925,0.025,14,-54.4170671370817
0.925,0.025,15,-51.439750246695965
0.925,0.025,16,-50.5962671367344
0.925,0.025,17,-49.02249181879928
0.925,0.025,18,-47.00759876627218
0.925,0.025,19,-45.39307596452248
0.925,0.025,20,-45.074818215575945
0.925,0.025,21,-42.686948933793545
0.925,0.025,22,-41.59326587860646
0.925,0.025,23,-41.32970254565133
0.925,0.025,24,-39.39624819125025
0.925,0.025,25,-38.733810648361626
0.925,0.025,26,-38.25454708600337
0.925,0.025,27,-36.87105699057046
0.925,0.025,28,-36.74224110255223
0.925,0.025,29,-36.54550453020197
0.925,0.025,30,-35.88239901942178
0.925,0.025,31,-34.20331256729246
0.925,0.025,32,-34.095843994978566
0.925,0.025,33,-31.619709507475804
0.925,0.025,34,-30.874461301870696
0.925,0.025,35,-28.86128165861426
0.925,0.025,36,-26.23051234450405
0.925,0.025,37,-25.5604390283831
0.925,0.025,38,-21.194729071128833
0.925,0.025,39,-21.06446934604668
0.925,0.025,40,-14.96727490037388
0.925,0.025,41,-7.8075787600221105
0.925,0.025,42,-7.533743037417594
0.925,0.025,43,-5.908777266543126
0.925,0.025,44,-4.769040015767061
0.925,0.025,45,-4.246366934262113
0.925,0.025,46,-3.6821481716862365
0.925,0.025,47,-2.8008238394418896
0.925,0.025,48,-2.1768463965262725
0.925,0.025,49,-1.2866578552919634
0.925,0.025,50,-0.27711804900960146
0.925,0.025,51,0.8342838980435943
0.925,0.025,52,2.0439262117424875
0.925,0.025,53,3.3553796159013842
0.925,0.025,54,4.755289636540127
0.925,0.025,55,6.277945269910873
0.925,0.025,56,7.908060175852853
0.925,0.025,57,9.620521067764273
0.925,0.025,58,11.409619073602755
0.925,0.025,59,13.271757028452967
0.925,0.025,60,15.17906414385483
0.925,0.025,61,16.94656191335216
0.925,0.025,62,16.97221281904812
0.925,0.025,63,17.04196449104425
0.925,0.025,64,18.432640577464397
0.925,0.025,65,18.697963007406976
0.925,0.025,66,18.751046640739247
0.925,0.025,67,19.396719437657765
0.925,0.025,68,19.656257415651268
0.925,0.025,69,20.0948771868172
0.925,0.025,70,20.50569495100018
0.925,0.025,71,20.830856530770802
0.925,0.025,72,21.02654551548399
0.925,0.025,73,21.385071302740343
0.925,0.025,74,21.694455018330743
0.925,0.025,75,21.860295092743954
0.925,0.025,76,22.288649116764248
0.925,0.025,77,22.857782551798334
0.925,0.025,78,22.923157297882113
0.925,0.025,79,25.331487760039224
0.925,0.025,80,31.46355598982494
0.925,0.025,81,33.06654703614459
0.925,0.025,82,35.86596036807487
0.925,0.025,83,36.39066718420088
0.925,0.025,84,38.0058880910252
0.925,0.025,85,39.88850767457892
0.925,0.025,86,40.43222821162009
0.925,0.025,87,42.23672809920029
0.925,0.025,88,42.4369477804879
0.925,0.025,89,43.7984362341545
0.925,0.025,90,45.26569627271561
0.925,0.025,91,45.45609593404844
0.925,0.025,92,46.99302005491731
0.925,0.025,93,47.48308806378696
0.925,0.025,94,47.842604008011016
0.925,0.025,95,49.723674146856595
0.925,0.025,96,50.52966338410619
0.925,0.025,97,50.90719167643476
0.925,0.025,98,51.16261110531622
0.925,0.025,99,52.88598205262026
0.925,0.025,100,53.284860856303055
0.925,0.025,101,53.57233737743155
0.925,0.025,102,54.51295947988411
0.925,0.025,103,56.793827900206914
0.925,0.025,104,59.096089333877664
0.925,0.025,105,61.58350340273466
0.925,0.025,106,64.17989154042428
0.925,0.025,107,65.49346832864452
0.925,0.025,108,67.02005841235362
0.925,0.025,109,69.44554932267674
0.925,0.025,110,70.33046747084677
0.925,0.025,111,72.8889704680125
0.925,0.025,112,74.3503627253968
0.925,0.025,113,76.99889314168954
0.925,0.025,114,79.59314870990602
0.925,0.025,115,82.66328800410635
0.925,0.025,116,86.25905940061742
0.925,0.025,117,91.27428824947742
0.925,0.025,118,96.79115847912827
0.95,0.025,1,-93.61422732420472
0.95,0.025,2,-86.2882960655288
0.95,0.025,3,-81.03691961473031
0.95,0.025,4,-78.58211304349457
0.95,0.025,5,-74.39420947269322
0.95,0.025,6,-71.23786773263807
0.95,0.025,7,-70.30896558485726
0.95,0.025,8,-66.10912668690439
0.95,0.025,9,-64.40518473773211
0.95,0.025,10,-62.60931007368377
0.95,0.025,11,-59.831676040410414
0.95,0.025,12,-57.48499387405742
0.95,0.025,13,-56.266271933354076
0.95,0.025,14,-53.42274046438992
0.95,0.025,15,-51.85428875864112
0.95,0.025,16,-50.89413312183571
0.95,0.025,17,-48.169445311628564
0.95,0.025,18,-47.604666787671945
0.95,0.025,19,-45.92354893822359
0.95,0.025,20,-44.0751348244991
0.95,0.025,21,-43.140051121090735
0.95,0.025,22,-42.08374460692231
0.95,0.025,23,-40.378486460411764
0.95,0.025,24,-39.860288010108505
0.95,0.025,25,-38.99371480311537
0.95,0.025,26,-37.69859126663762
0.95,0.025,27,-37.23460731823455
0.95,0.025,28,-36.829740368259635
0.95,0.025,29,-36.31058374704442
0.95,0.025,30,-35.91225007909317
0.95,0.025,31,-34.20587576254149
0.95,0.025,32,-34.09606721995496
0.95,0.025,33,-31.62136188647456
0.95,0.025,34,-30.87354479150683
0.95,0.025,35,-28.86048091357347
0.95,0.025,36,-26.230494527018266
0.95,0.025,37,-25.5608057399201
0.95,0.025,38,-21.194585418318866
0.95,0.025,39,-21.064641392071763
0.95,0.025,40,-14.96724138084717
0.95,0.025,41,-7.80892787723613
0.95,0.025,42,-7.531259179460989
0.95,0.025,43,-5.919032216539506
0.95,0.025,44,-4.636343800834524
0.95,0.025,45,-4.454476356189858
0.95,0.025,46,-3.5453291239243327
0.95,0.025,47,-2.861480190842599
0.95,0.025,48,-2.191630603992948
0.95,0.025,49,-1.2373008394344538
0.95,0.025,50,-0.3190468644902893
0.95,0.025,51,0.8600270149901519
0.95,0.025,52,2.0269152345517654
0.95,0.025,53,3.36722083583345
0.95,0.025,54,4.748169299138922
0.95,0.025,55,6.280872254800386
0.95,0.025,56,7.907345160481896
0.95,0.025,57,9.620581004116985
0.95,0.025,58,11.40958156936533
0.95,0.025,59,13.2718338260742
0.95,0.025,60,15.179020943832285
0.95,0.025,61,16.94466776558317
0.95,0.025,62,16.97233889971401
0.95,0.025,63,17.044172325738327
0.95,0.025,64,18.42837486543094
0.95,0.025,65,18.698165910869726
0.95,0.025,66,18.756065003178776
0.95,0.025,67,19.398703761622826
0.95,0.025,68,19.64699317935036
0.95,0.025,69,20.11244981368789
0.95,0.025,70,20.48615238711143
0.95,0.025,71,20.811968684227935
0.95,0.025,72,21.091334755850667
0.95,0.025,73,21.324614582694252
0.95,0.025,74,21.742539660984036
0.95,0.025,75,21.833988790494914
0.95,0.025,76,22.28935974805367
0.95,0.025,77,22.857248035854276
0.95,0.025,78,22.923639220891072
0.95,0.025,79,25.33154719301723
0.95,0.025,80,31.463544185240423
0.95,0.025,81,33.066317979510785
0.95,0.025,82,35.86542372356126
0.95,0.025,83,36.39006680940252
0.95,0.025,84,38.00971665029265
0.95,0.025,85,39.8784643511459
0.95,0.025,86,40.44283656962233
0.95,0.025,87,42.23712469488784
0.95,0.025,88,42.4466726432868
0.95,0.025,89,43.74016906200098
0.95,0.025,90,45.276691617920015
0.95,0.025,91,45.61745578929416
0.95,0.025,92,46.846147351975304
0.95,0.025,93,47.073261385845065
0.95,0.025,94,48.66193552077938
0.95,0.025,95,49.33333912288013
0.95,0.025,96,50.105409095947174
0.95,0.025,97,50.98755343621636
0.95,0.025,98,51.83049042548841
0.95,0.025,99,52.53204263213568
0.95,0.025,100,53.143693427114364
0.95,0.025,101,53.675189128999406
0.95,0.025,102,54.584678943211934
0.95,0.025,103,56.79512494817641
0.95,0.025,104,59.09937193542126
0.95,0.025,105,61.5668023368752
0.95,0.025,106,64.15099815582994
0.95,0.025,107,65.69748261537353
0.95,0.025,108,66.78724304542718
0.95,0.025,109,69.30972195925335
0.95,0.025,110,70.75454677464748
0.95,0.025,111,72.44494668419509
0.95,0.025,112,74.70516448303367
0.95,0.025,113,76.80298740494226
0.95,0.025,114,79.68119905008619
0.95,0.025,115,82.63222441336376
0.95,0.025,116,86.26674332428563
0.95,0.025,117,91.2735168657464
0.95,0.025,118,96.79129338163868
0.975,0.025,1,-93.60967953807487
0.975,0.025,2,-86.28351346804457
0.975,0.025,3,-81.21445243231109
0.975,0.025,4,-78.17359624943414
0.975,0.025,5,-74.86505468315839
0.975,0.025,6,-71.3987965308418
0.975,0.025,7,-69.26887423047661
0.975,0.025,8,-67.47007837005104
0.975,0.025,9,-63.08120776461213
0.975,0.025,10,-62.6986256668164
0.975,0.025,11,-60.769881129359774
0.975,0.025,12,-57.181871985800555
0.975,0.025,13,-55.555920498145795
0.975,0.025,14,-54.417067137081844
0.975,0.025,15,-51.43975024669625
0.975,0.025,16,-50.596267136734056
0.975,0.025,17,-49.02249181879817
0.975,0.025,18,-47.007598766272324
0.975,0.025,19,-45.39307596452305
0.975,0.025,20,-45.07481821557634
0.975,0.025,21,-42.68694893379369
0.975,0.025,22,-41.593265878606715
0.975,0.025,23,-41.32970254565119
0.975,0.025,24,-39.39624819125079
0.975,0.025,25,-38.73381064836191
0.975,0.025,26,-38.254547086003285
0.975,0.025,27,-36.871056990570985
0.975,0.025,28,-36.74224110255228
0.975,0.025,29,-36.54550453020211
0.975,0.025,30,-35.88239901942147
0.975,0.025,31,-34.203312567292265
0.975,0.025,32,-34.09584399497893
0.975,0.025,33,-31.619709507476117
0.975,0.025,34,-30.874461301870895
0.975,0.025,35,-28.86128165861399
0.975,0.025,36,-26.230512344504007
0.975,0.025,37,-25.560439028383044
0.975,0.025,38,-21.194729071129004
0.975,0.025,39,-21.064469346046664
0.975,0.025,40,-14.967274900374193
0.975,0.025,41,-7.807578760021954
0.975,0.025,42,-7.533743037417523
0.975,0.025,43,-5.90877726654314
0.975,0.025,44,-4.769040015767047
0.975,0.025,45,-4.246366934262113
0.975,0.025,46,-3.6821481716862223
0.975,0.025,47,-2.8008238394418044
0.975,0.025,48,-2.1768463965262725
0.975,0.025,49,-1.2866578552919776
0.975,0.025,50,-0.27711804900960146
0.975,0.025,51,0.83428389804358
0.975,0.025,52,2.0439262117424875
0.975,0.025,53,3.3553796159013984
0.975,0.025,54,4.755289636540141
0.975,0.025,55,6.277945269910845
0.975,0.025,56,7.908060175852754
0.975,0.025,57,9.620521067764358
0.975,0.025,58,11.409619073602798
0.975,0.025,59,13.271757028453095
0.975,0.025,60,15.17906414385483
0.975,0.025,61,16.946561913352145
0.975,0.025,62,16.972212819047822
0.975,0.025,63,17.04196449104411
0.975,0.025,64,18.43264057746437
0.975,0.025,65,18.69796300740682
0.975,0.025,66,18.751046640739016
0.975,0.025,67,19.396719437657595
0.975,0.025,68,19.65625741565104
0.975,0.025,69,20.0948771868172
0.975,0.025,70,20.505694951000265
0.975,0.025,71,20.83085653077076
0.975,0.025,72,21.026545515484116
0.975,0.025,73,21.38507130274037
0.975,0.025,74,21.69445501833094
0.975,0.025,75,21.860295092743996
0.975,0.025,76,22.28864911676456
0.975,0.025,77,22.857782551798337
0.975,0.025,78,22.923157297882103
0.975,0.025,79,25.331487760038712
0.975,0.025,80,31.463555989825068
0.975,0.025,81,33.06654703614412
0.975,0.025,82,35.86596036807473
0.975,0.025,83,36.39066718420089
0.975,0.025,84,38.00588809102541
0.975,0.025,85,39.888507674578534
0.975,0.025,86,40.43222821162006
0.975,0.025,87,42.23672809919966
0.975,0.025,88,42.4369477804874
0.975,0.025,89,43.798436234154124
0.975,0.025,90,45.265696272715246
0.975,0.025,91,45.45609593404834
0.975,0.025,92,46.993020054916734
0.975,0.025,93,47.48308806378741
0.975,0.025,94,47.84260400801115
0.975,0.025,95,49.72367414685674
0.975,0.025,96,50.52966338410631
0.975,0.025,97,50.9071916764347
0.975,0.025,98,51.162611105316095
0.975,0.025,99,52.88598205262136
0.975,0.025,100,53.28486085630283
0.975,0.025,101,53.57233737743139
0.975,0.025,102,54.51295947988388
0.975,0.025,103,56.793827900207006
0.975,0.025,104,59.09608933387756
0.975,0.025,105,61.58350340273525
0.975,0.025,106,64.17989154042391
0.975,0.025,107,65.49346832864504
0.975,0.025,108,67.02005841235344
0.975,0.025,109,69.44554932267745
0.975,0.025,110,70.33046747084624
0.975,0.025,111,72.88897046801264
0.975,0.025,112,74.35036272539688
0.975,0.025,113,76.99889314168993
0.975,0.025,114,79.59314870990768
0.975,0.025,115,82.66328800410707
0.975,0.025,116,86.25905940061752
0.975,0.025,117,91.27428824947705
0.975,0.025,118,96.79115847912834
