k1_wang,k2_wang,kx,ky,zero_field_energy_meV,target_weight_raw,target_weight,target_probability,target_relative,active_weight,common_weight
0.0,0.0,0.0,0.0,25.000000000000043,0.00011244879257061601,0.00011244879257061601,0.00033345476198969856,0.419706978009568,0.00028160435479439067,0.0006314512427825221
0.025,0.0,0.0013383166562134473,0.0,24.895199314040454,0.00012101454778358511,0.00011316746772091108,0.0003355859156082584,0.42238938098256124,0.00029277177720232707,0.0006304699688875259
0.05,0.0,0.0026766333124268946,0.0,24.588518146702327,0.00013130767643350168,0.00011507426878225202,0.00034124032842618044,0.42950637790912466,0.0003208585093355782,0.0006294468932257754
0.075,0.0,0.004014949968640341,0.0,24.105700836097615,0.00014285662625668495,0.00011879032693065938,0.00035225989793057414,0.44337629593956007,0.0003418923416286354,0.0006287058130923838
0.1,0.0,0.005353266624853789,0.0,23.48933725959624,0.0001548841917738593,0.00012595571125524906,0.0003735080720541007,0.47012057422304715,0.0003528576501260949,0.0006283086580293536
0.125,0.0,0.0066915832810672355,0.0,22.793275532385636,0.0001666642128080471,0.00013754487798532287,0.00040787449560826094,0.5133763000937697,0.0003629951753384834,0.0006281425933908338
0.15,0.0,0.008029899937280682,0.0,22.075066063604332,0.00017775641231506815,0.00015253174093165318,0.0004523164207058781,0.5693136811296557,0.0003752602655534092,0.0006280706437030809
0.175,0.0,0.00936821659349413,0.0,21.389007428130558,0.0001880127432216779,0.00016861496454306663,0.0005000094850667344,0.6293431489815176,0.00039141485285629197,0.0006280094949096979
0.2,0.0,0.010706533249707578,0.0,20.78133647182269,0.00019744933741772802,0.00018356965093055313,0.0005443559940507088,0.6851604333408066,0.00041237029723220815,0.0006279375303098691
0.225,0.0,0.012044849905921024,0.0,20.287492609259523,0.0002061273447477072,0.00019637044321322965,0.0005823153624558336,0.732938463876052,0.00043678449877440487,0.0006278660278031983
0.25,0.0,0.013383166562134471,0.0,19.930479176859095,0.0002140801637048371,0.00020702479978970028,0.0006139097073584641,0.7727050785201238,0.0004610781858487973,0.0006278104561652573
0.275,0.0,0.01472148321834792,0.0,19.719339308337492,0.00022127996745336564,0.00021589516970877543,0.0006402138323073228,0.8058130921097233,0.00048211803879981776,0.0006277748028635199
0.3,0.0,0.016059799874561364,0.0,19.647361210591473,0.00022767268953261124,0.00022331058986171378,0.0006622034607028332,0.8334906110222232,0.0004989289366927987,0.0006277494663841375
0.325,0.0,0.017398116530774815,0.0,19.69059420285008,0.00023324179489198505,0.00022955625117089464,0.0006807242954553566,0.8568020897301997,0.0005119704174835029,0.0006277231856676542
0.35,0.0,0.01873643318698826,0.0,19.808268214524457,0.00023806613223437858,0.0002348810599301586,0.0006965144413241616,0.8766765529568821,0.0005220575085041362,0.0006276929773088839
0.375,0.0,0.020074749843201706,0.0,19.947023695628562,0.00024235893787286279,0.00023951090895281212,0.000710243759074974,0.8939571292753711,0.0005298983250294843,0.0006276568318155423
0.4,0.0,0.021413066499415156,0.0,20.04968659037786,0.00024642398162194785,0.00024382800791218487,0.0007230456502565054,0.910070388622898,0.0005360064998034203,0.0006276120046947725
0.425,0.0,0.0227513831556286,0.0,20.06691317985505,0.00025051800462786886,0.0002480664918366705,0.0007356144170340495,0.9258902230437154,0.0005407210534140591,0.0006275582485833122
0.45,0.0,0.024089699811842048,0.0,19.96801370575365,0.00025471785084891135,0.00025235828993442917,0.0007483412812402369,0.9419090487568178,0.0005442488209033906,0.0006274855734074915
0.475,0.0,0.025428016468055495,0.0,19.747278213540298,0.00025887660115977583,0.00025660345005199594,0.0007609298455480523,0.9577538015850157,0.0005467209609680193,0.000627381379886309
0.5,0.0,0.026766333124268942,0.0,19.424153316358343,0.00026261888763447303,0.00026047138793131817,0.0007723997980077941,0.9721905997163927,0.0005482218529109217,0.0006272582497721989
0.525,0.0,0.02810464978048239,0.0,19.038052274477437,0.00026537788081389216,0.0002634547542895218,0.0007812466490602687,0.9833257986800518,0.0005487792169556853,0.0006271516739651962
0.55,0.0,0.02944296643669584,0.0,18.63991447860936,0.00026658149517126386,0.0002649992448165022,0.0007858266690791248,0.9890904977650712,0.0005483857374808238,0.0006271542435169036
0.575,0.0,0.03078128309290928,0.0,18.282720092033706,0.00026585592787394755,0.0002646909351773448,0.0007849124101084932,0.9879397543557036,0.0005470294348834512,0.0006274901018163749
0.6,0.0,0.03211959974912273,0.0,18.012847397075184,0.0002631422408294529,0.0002623972348730961,0.0007781106893292449,0.9793786840129403,0.0005445757417556457,0.0006284309584264474
0.625,0.0,0.03345791640533618,0.0,17.863976125578535,0.00025880729351720756,0.0002583722612227984,0.0007661750642336532,0.9643557612343455,0.000540542806820051,0.0006300959154777964
0.65,0.0,0.03479623306154963,0.0,17.854780486303014,0.0002535404587447435,0.0002531035399572175,0.0007505512397759468,0.9446906405176154,0.0005338311293345213,0.0006323007975936494
0.675,0.0,0.03613454971776307,0.0,17.990385253766988,0.0002480130644906066,0.00024720119100101444,0.0007330484607653597,0.9226605503144659,0.0005224442533529975,0.0006345531765383791
0.7,0.0,0.03747286637397652,0.0,18.266053925840822,0.0002425009152015645,0.00024115734399606344,0.0007151260845577852,0.9001023288875245,0.0005029347193368601,0.0006360967997976905
0.725,0.0,0.03881118303018997,0.0,18.671028808161374,0.00023639410098377447,0.00023489753332369063,0.0006965632913953257,0.876738038705718,0.00046981082180416495,0.0006358716131653518
0.75,0.0,0.04014949968640341,0.0,19.191083620522985,0.00022791436511257119,0.000227448581827796,0.0006744742294200581,0.8489353664829952,0.00042394006671630336,0.000632791171124716
0.775,0.0,0.04148781634261686,0.0,19.809382845386416,0.00021453414210646017,0.00021734292378425453,0.0006445069908163867,0.8112167293923449,0.00038564334479509717,0.0006263064101844886
0.8,0.0,0.04282613299883031,0.0,20.5059708295808,0.00019429064074243105,0.00020340893894592766,0.0006031872621504295,0.7592091396758724,0.00035825231048553934,0.0006176907024723108
0.825,0.0,0.04416444965504375,0.0,21.256533966910872,0.0001679247175125881,0.00018554950424471588,0.0005502270354425856,0.692550092512715,0.0003326855302641882,0.000610190360298067
0.85,0.0,0.0455027663112572,0.0,22.03117927966751,0.0001399386696065244,0.00016579667820920267,0.0004916521610155468,0.618824099258428,0.0003086118491092771,0.0006076496193104716
0.875,0.0,0.04684108296747065,0.0,22.793984607037316,0.00011690006961649515,0.00014747300160731158,0.00043731527503944567,0.5504323028078365,0.0002899177099522634,0.000611388490489867
0.9,0.0,0.048179399623684095,0.0,23.503964656883866,0.00010326578464763043,0.0001330825878496886,0.0003946420556585613,0.4967211251913549,0.00027893665868408473,0.0006189242116674852
0.925,0.0,0.049517716279897546,0.0,24.11773697044109,9.89586301676402e-5,0.000123142590560673,0.0003651660661488877,0.45962080487465473,0.00027500041642565065,0.0006260987475274792
0.95,0.0,0.05085603293611099,0.0,24.593566265966786,0.00010074547626378821,0.0001168468179922573,0.000346496631863731,0.4361222895191793,0.00027601241567993856,0.0006303640560086758
0.975,0.0,0.052194349592324434,0.0,24.89595583180725,0.00010565354472963362,0.00011344161660084662,0.00033639887453310626,0.42341262183105854,0.00027800593631258227,0.0006317561865182585
0.0,0.025,-0.0006691583281067236,0.0011590162225886902,24.89519931404051,0.0001029182356241724,0.0001131674677209111,0.00033558591560825843,0.4223893809825613,0.0002715790010738222,0.0006287520369231436
0.025,0.025,0.0006691583281067236,0.0011590162225886902,24.895955830849346,0.00011153530865911088,0.00011344161660084662,0.00033639887453310626,0.42341262183105854,0.0002776437737877479,0.0006288859416250092
0.05,0.025,0.002007474984320171,0.0011590162225886902,24.70328887728359,0.00012132340191562137,0.00011459013748120551,0.00033980468928705097,0.4276993928746302,0.0002877526891653574,0.0006280839603600709
0.075,0.025,0.0033457916405336173,0.0011590162225886902,24.333531608519607,0.0001321156429452878,0.00011640507159133077,0.0003451866805728956,0.43447350305610505,0.00032127099843434417,0.0006269733470701019
0.1,0.025,0.0046841082967470655,0.0011590162225886902,23.820790501097,0.0001435251099045516,0.00012006520668765954,0.0003560404163000267,0.4481346923429727,0.00034161072947502715,0.0006260175517973525
0.125,0.025,0.006022424952960512,0.0011590162225886902,23.212359087465863,0.00015503271964292133,0.00012733730661123485,0.0003776050440185351,0.47527727887444393,0.00035085501570320573,0.0006253971368219478
0.15,0.025,0.007360741609173958,0.0011590162225886902,22.561616433059612,0.0001661726399831444,0.0001387445395578424,0.0004114319625671122,0.5178539500687143,0.00036045789269225313,0.0006250753912419529
0.175,0.025,0.008699058265387406,0.0011590162225886902,21.920835943320903,0.00017666169392534012,0.00015287838920501835,0.0004533443687598026,0.5706075207158386,0.0003725476041914469,0.000624931536178719
0.2,0.025,0.010037374921600855,0.0011590162225886902,21.335770056598356,0.00018639425221589437,0.00016752265073987336,0.0004967703463358038,0.6252661667845901,0.0003882909418573357,0.0006248562421663327
0.225,0.025,0.0113756915778143,0.0011590162225886902,20.842408474493368,0.00019537502364638869,0.00018100912092080542,0.0005367630185687202,0.6756034404382892,0.00040789763707451326,0.0006247928990185498
0.25,0.025,0.012714008234027747,0.0011590162225886902,20.465250978444963,0.00020365567665890758,0.00019279834283492928,0.0005717226841867321,0.7196058578013198,0.0004297787467359731,0.0006247314453352597
0.275,0.025,0.014052324890241196,0.0011590162225886902,20.216214372903426,0.00021127089249203343,0.0002028855971331536,0.0006016353484692912,0.7572558042448361,0.0004510884868643045,0.0006246776447677391
0.3,0.025,0.01539064154645464,0.0011590162225886902,20.093655360354887,0.00021822513644509473,0.00021146951999435881,0.0006270900455735184,0.7892946749270733,0.00046962913960087497,0.0006246357178887417
0.325,0.025,0.016728958202668093,0.0011590162225886902,20.081637792312925,0.0002245296127266563,0.00021881483540022855,0.0006488717859053715,0.8167105329460798,0.0004847329891222507,0.0006246067507445206
0.35,0.025,0.018067274858881537,0.0011590162225886902,20.150268877110683,0.00023022615752183814,0.0002252234123697443,0.0006678757294712443,0.8406300825626579,0.0004966882317817929,0.0006245801571585285
0.375,0.025,0.01940559151509498,0.0011590162225886902,20.258297891965523,0.0002354290893982207,0.00023096566956652622,0.0006849037736419641,0.8620626418629417,0.0005060569923531915,0.0006245410386770726
0.4,0.025,0.02074390817130843,0.0011590162225886902,20.35873618451207,0.0002403345500576335,0.00023625791527112644,0.0007005973572854723,0.881815565845358,0.0005133789701763465,0.0006244880421207157
0.425,0.025,0.022082224827521875,0.0011590162225886902,20.406960311869643,0.00024513118489397567,0.00024137910940977915,0.0007157837059653399,0.9009300522404383,0.0005190635526106721,0.0006244213686833428
0.45,0.025,0.023420541483735326,0.0011590162225886902,20.369342718005313,0.0002498809190307014,0.0002463886641286274,0.0007306389999908307,0.9196278525827676,0.0005233727942426885,0.0006243200747399956
0.475,0.025,0.02475885813994877,0.0011590162225886902,20.229930682714844,0.0002544658435673145,0.0002512227343824979,0.0007449739137688829,0.9376706698630315,0.0005264790436803571,0.0006241622621426572
0.5,0.025,0.02609717479616222,0.0011590162225886902,19.993382469623945,0.00025855647951143106,0.00025562951343678593,0.0007580417415960782,0.954118653672814,0.0005284859515227601,0.0006239350708654706
0.525,0.025,0.027435491452375664,0.0011590162225886902,19.6836781821616,0.0002616209413780336,0.0002591623784735303,0.0007685180716929935,0.967304816675467,0.0005294216462310975,0.0006236306438652205
0.55,0.025,0.028773808108589115,0.0011590162225886902,19.339235577031367,0.0002630772250688085,0.0002612917906690797,0.0007748326138113447,0.9752526935454611,0.0005292950220875964,0.0006233270146052153
0.575,0.025,0.03011212476480256,0.0011590162225886902,19.005641606242563,0.00026246252795416935,0.0002615428471100345,0.0007755770945998954,0.9761897435371432,0.0005281317555938456,0.0006232752585692961
0.6,0.025,0.031450441421016,0.0011590162225886902,18.727502003412184,0.0002596067243412195,0.0002596699732227414,0.0007700232891561256,0.9691993773316975,0.0005258825904355313,0.0006238592211932735
0.625,0.025,0.03278875807722945,0.0011590162225886902,18.5412284649274,0.00025485448436113784,0.00025581977495648235,0.0007586059416049519,0.9548287910218937,0.0005222344400673093,0.0006254474609099171
0.65,0.025,0.034127074733442904,0.0011590162225886902,18.470647872262056,0.0002490340710057136,0.0002504850939529528,0.000742786520660918,0.9349174803581496,0.0005162716064096238,0.0006281654281553123
0.675,0.025,0.03546539138965635,0.0011590162225886902,18.5264311159808,0.00024315051327217897,0.0002444070959760744,0.0007247628734307257,0.9122317929007061,0.0005061055122231234,0.0006317838717959605
0.7,0.025,0.03680370804586979,0.0011590162225886902,18.708631688744163,0.00023789073661296722,0.00023831117036129726,0.0007066860637246019,0.8894791918326018,0.0004882052475879917,0.000635629477206908
0.725,0.025,0.03814202470208324,0.0011590162225886902,19.01039206022901,0.0002328868572555552,0.00023234465089643104,0.0006889929939940891,0.8672095898512229,0.00045672843828198644,0.000638262095168512
0.75,0.025,0.039480341358296686,0.0011590162225886902,19.42099403221129,0.0002262293246805241,0.00022559509158838795,0.0006689779040927416,0.8420173483400821,0.00041463140019811905,0.0006375832119189044
0.775,0.025,0.04081865801451014,0.0011590162225886902,19.92739397050954,0.0002148478728851931,0.0002166022845170064,0.0006423107049787655,0.8084523469428249,0.00038362639022435075,0.0006316863748639368
0.8,0.025,0.04215697467072359,0.0011590162225886902,20.51427394201507,0.00019595135735893924,0.00020391470944907186,0.0006046870700086726,0.761096891465717,0.0003601607356334927,0.0006209440186135935
0.825,0.025,0.043495291326937024,0.0011590162225886902,21.163092176528448,0.00016940494511075423,0.00018709035282586125,0.0005547962556640062,0.6983011982985484,0.00033413225957368314,0.0006088878390006233
0.85,0.025,0.044833607983150475,0.0011590162225886902,21.850756350308227,0.0001392389131901153,0.0001678735474533783,0.000497810892680588,0.6265758633660466,0.00030684568437316803,0.0006009513744387057
0.875,0.025,0.046171924639363926,0.0011590162225886902,22.548569499449844,0.00011251393460141962,0.00014949075365596615,0.0004432987010394697,0.5579634162627152,0.00028415045457172623,0.0006006101320195523
0.9,0.025,0.04751024129557737,0.0011590162225886902,23.222079960974092,9.518359503643027e-5,0.00013477443374933684,0.00039965904213652795,0.5030358175376807,0.00027012827303830796,0.0006068741463715547
0.925,0.025,0.04884855795179082,0.0011590162225886902,23.832341299293297,8.866408645758831e-5,0.00012462655464937598,0.00036956660154537904,0.46515959341036195,0.0002647693491078783,0.0006155172131537344
0.95,0.025,0.050186874608004264,0.0011590162225886902,24.33876605428128,9.005287870293208e-5,0.00011823841068892216,0.00035062324986331135,0.44131630852094506,0.00026526386365705555,0.0006226757014636334
0.975,0.025,0.05152519126421771,0.0011590162225886902,24.703288881164244,9.554701557652833e-5,0.00011459013748120551,0.00033980468928705097,0.4276993928746302,0.00026721111336172875,0.0006269564904374406
0.0,0.05,-0.0013383166562134473,0.0023180324451773805,24.588518146703066,9.360074808037534e-5,0.00011507426878225202,0.00034124032842618044,0.42950637790912466,0.0002639015015282963,0.00062089335163787
0.025,0.05,0.0,0.0023180324451773805,24.678903014034244,0.0001030762972790103,0.00011552374274697682,0.00034257319497371365,0.4311840069446713,0.000270815041167467,0.0006230381537475377
0.05,0.05,0.0013383166562134473,0.0023180324451773805,24.593566262803783,0.00011351171331941079,0.0001168468179922573,0.000346496631863731,0.4361222895191793,0.00027780567133947885,0.0006236594065849115
0.075,0.05,0.0026766333124268937,0.0023180324451773805,24.338766047637783,0.00012448164998159005,0.00011823841068892216,0.00035062324986331135,0.44131630852094506,0.0002845482379285223,0.0006232392280551217
0.1,0.05,0.004014949968640342,0.0023180324451773805,23.93876581216098,0.00013567122618912488,0.0001200616522618226,0.00035602987603370305,0.4481214257058441,0.00029004465757376333,0.000622358232743007
0.125,0.05,0.005353266624853788,0.0023180324451773805,23.432553854112804,0.0001468016075864155,0.0001239332769906807,0.00036751076144796017,0.46257198473621974,0.00033796092951461566,0.0006214746849856342
0.15,0.05,0.006691583281067235,0.0023180324451773805,22.867531688902158,0.0001576073968556409,0.00013135382491497044,0.00038951559569616514,0.4902686426840851,0.00034738870931977985,0.0006208159228792813
0.175,0.05,0.008029899937280682,0.0023180324451773805,22.292416693589512,0.00016788230494208382,0.00014219709923414244,0.0004216701557819738,0.5307403791268795,0.00035684823684639265,0.0006204148691011866
0.2,0.05,0.009368216593494131,0.0023180324451773805,21.751425908103776,0.000177516083572144,0.00015479430373168814,0.000459025806575883,0.5777585329920107,0.00036863740269029707,0.0006202068221050861
0.225,0.05,0.010706533249707577,0.0023180324451773805,21.280536745653627,0.00018647612711365655,0.00016737142308676227,0.0004963218970468285,0.6247017205168468,0.00038353804386774456,0.0006201052196461171
0.25,0.05,0.012044849905921024,0.0023180324451773805,20.905485649271228,0.00019477600777488248,0.00017907056402902529,0.0005310144372618459,0.6683679171734421,0.00040128539993950613,0.0006200413732192443
0.275,0.05,0.013383166562134473,0.0023180324451773805,20.640758318201158,0.00020246244467533376,0.00018973226866762885,0.000562630572049931,0.7081619579274929,0.0004203032491303482,0.0006199849792299335
0.3,0.05,0.014721483218347917,0.0023180324451773805,20.48899814394752,0.00020958122849136637,0.00019922525193153827,0.0005907809896976015,0.743593830755196,0.00043846040431900194,0.0006199357325766499
0.325,0.05,0.016059799874561367,0.0023180324451773805,20.440699125599092,0.0002161663869148121,0.00020753545873846397,0.0006154240113747653,0.7746110760793644,0.00045428846185753134,0.0006198963923371741
0.35,0.05,0.01739811653077481,0.0023180324451773805,20.474540698261748,0.00022227434402662057,0.00021480839468929495,0.0006369911182418993,0.8017567830220468,0.00046735393592339943,0.0006198643429441641
0.375,0.05,0.01873643318698826,0.0023180324451773805,20.559060415637614,0.0002279940431558506,0.0002213416111401475,0.0006563646667420146,0.8261415404799605,0.0004778543182216504,0.0006198358583502609
0.4,0.05,0.02007474984320171,0.0023180324451773805,20.656280411503744,0.0002334276167056015,0.00022740886730340394,0.0006743564602828718,0.8487871348956688,0.0004861730404219609,0.0006198028512726069
0.425,0.05,0.021413066499415153,0.0023180324451773805,20.72726961313806,0.00023867048672397145,0.00023316252027986157,0.0006914182974087009,0.8702622281186423,0.000492670341277972,0.0006197463477821584
0.45,0.05,0.0227513831556286,0.0023180324451773805,20.738712624094894,0.0002437757493985017,0.00023876450047840658,0.0007080303652759816,0.8911712136777736,0.0004976417220692207,0.0006196486654217548
0.475,0.05,0.024089699811842048,0.0023180324451773805,20.668950824097806,0.00024865902184843054,0.0002441296356379613,0.0007239400947339338,0.9111961922742803,0.0005013042423872997,0.0006194951511241948
0.5,0.05,0.025428016468055495,0.0023180324451773805,20.51202832381574,0.0002529991566975734,0.00024902911126414444,0.0007384689610868317,0.9294831303719526,0.0005037568295881607,0.0006192289588797039
0.525,0.05,0.026766333124268942,0.0023180324451773805,20.278860812813036,0.0002562708619989265,0.000253076299829672,0.0007504704621167154,0.9445889687134871,0.0005050107467431968,0.000618766671499128
0.55,0.05,0.028104649780482393,0.0023180324451773805,19.995331114875594,0.00025787664208858476,0.00025574730885558603,0.0007583910512012907,0.9545583165461785,0.0005050664023477127,0.0006181271029487822
0.575,0.05,0.029442966436695833,0.0023180324451773805,19.697647744203216,0.00025724967852171026,0.0002565397509619975,0.0007607409527693144,0.9575160493428259,0.0005039443323496684,0.0006175335622416353
0.6,0.05,0.03078128309290928,0.0023180324451773805,19.425758871580346,0.00025406074115757245,0.00025509477509485286,0.0007564560327373185,0.9521227815216957,0.0005016272289282719,0.0006174045031910871
0.625,0.05,0.032119599749122735,0.0023180324451773805,19.216205398471512,0.0002485403999119324,0.0002514267132096191,0.0007455787909729305,0.9384320060690668,0.0004979105538245436,0.0006182869754637273
0.65,0.05,0.033457916405336185,0.0023180324451773805,19.09636891368646,0.00024154400177563837,0.0002459733688284517,0.000729407486585397,0.9180777929384288,0.0004920137672787147,0.0006206382593727619
0.675,0.05,0.03479623306154962,0.0023180324451773805,19.081871797064373,0.00023435873862376103,0.00023954112716799918,0.0007103333679317933,0.8940699165760354,0.0004820994852962919,0.000624638085112078
0.7,0.05,0.03613454971776307,0.0023180324451773805,19.177476357505526,0.0002282486312454847,0.00023313286226764313,0.0006913303497733435,0.8701515317350047,0.00046453553327153904,0.0006300616495608845
0.725,0.05,0.037472866373976524,0.0023180324451773805,19.380135908745597,0.00022358556907926423,0.00022725175481426988,0.0006738905601475999,0.8482007239034778,0.00043393668119210126,0.0006358016502786611
0.75,0.05,0.03881118303018996,0.0023180324451773805,19.68225360458905,0.0002189595722067522,0.00022128484246924712,0.0006561963253733717,0.8259296555253554,0.0003989368485453234,0.000639347453115856
0.775,0.05,0.04014949968640341,0.0023180324451773805,20.073840571149134,0.00021107098923804266,0.0002138701811849813,0.0006342089473210336,0.7982549690352406,0.00037995205042957807,0.0006372586806060909
0.8,0.05,0.04148781634261686,0.0023180324451773805,20.54322926637026,0.0001960802210550378,0.00020318125785183394,0.0006025120984309712,0.7583593364741887,0.00036430985215873,0.000627857665021224
0.825,0.05,0.0428261329988303,0.0023180324451773805,21.076618956035343,0.00017236159771552069,0.00018831708369995394,0.0005584339937160989,0.702879882482046,0.00034120076770101354,0.0006135299218684866
0.85,0.05,0.04416444965504375,0.0023180324451773805,21.65695702656614,0.0001426639400844718,0.00017044774246460139,0.000505444390250101,0.6361838598973502,0.0003126951390680403,0.0006003864989235503
0.875,0.05,0.0455027663112572,0.0023180324451773805,22.26269607265921,0.00011367492681552908,0.0001524622086687137,0.000452110230282139,0.5690541569917317,0.00028621218930495235,0.0005940707525675837
0.9,0.05,0.04684108296747065,0.0023180324451773805,22.866960385145514,9.232093578404613e-5,0.0001374046575840905,0.0004074586871371324,0.5128529375968396,0.00026792884136337856,0.0005959311005747748
0.925,0.05,0.0481793996236841,0.0023180324451773805,23.437631506890106,8.186116648941948e-5,0.0001267258523996447,0.0003757918425253723,0.4729950702933552,0.00025937530464676176,0.0006028653854443561
0.95,0.05,0.04951771627989754,0.0023180324451773805,23.938765824341303,8.085714905815705e-5,0.0001200616522618226,0.00035602987603370305,0.4481214257058441,0.000255266757861386,0.0006106726406232911
0.975,0.05,0.05085603293611099,0.0023180324451773805,24.333531618385496,8.572805278361753e-5,0.00011640507159133077,0.0003451866805728956,0.43447350305610505,0.000257331247788301,0.0006168616460737457
0.0,0.075,-0.0020074749843201705,0.0034770486677660707,24.10570083609886,8.705848037866982e-5,0.00011879032693065936,0.0003522598979305741,0.44337629593956007,0.00026345920968275723,0.0006087848194380657
0.025,0.075,-0.0006691583281067232,0.0034770486677660707,24.259628199804034,9.647122269521456e-5,0.00011951507042313669,0.000354409046563147,0.4460813485604563,0.00027003186979676527,0.0006121970943533288
0.05,0.075,0.0006691583281067241,0.0034770486677660707,24.26472390691262,0.00010754581403283577,0.00012132612049753832,0.0003597795201601114,0.45284096185976114,0.00027755957852523095,0.0006144013931199914
0.075,0.075,0.0020074749843201705,0.0034770486677660707,24.117736964748715,0.000119295604075903,0.000123142590560673,0.0003651660661488877,0.45962080487465473,0.0002853381064566581,0.000615402788604427
0.1,0.075,0.0033457916405336186,0.0034770486677660707,23.83234129013087,0.00013100376375840153,0.00012462655464937598,0.00036956660154537904,0.46515959341036195,0.00029316323162491156,0.0006154848527590887
0.125,0.075,0.0046841082967470655,0.0034770486677660707,23.437631493126986,0.00014225991734876205,0.0001267258523996447,0.0003757918425253723,0.4729950702933552,0.00030116675171958513,0.0006150595712694814
0.15,0.075,0.006022424952960511,0.0034770486677660707,22.973108524357087,0.00015287058688028384,0.00013104742287486663,0.0003886069935047115,0.48912501925009244,0.00031483552771457084,0.0006144858768873187
0.175,0.075,0.007360741609173958,0.0034770486677660707,22.48210400627162,0.00016277050165890895,0.00013838083567924722,0.0004103534379560496,0.5164964516706797,0.0003420957962633905,0.0006139823988972474
0.2,0.075,0.008699058265387407,0.0034770486677660707,22.005831035486807,0.0001719709165403478,0.00014789899327387625,0.00043857850736534826,0.5520222858654033,0.00035259413926236956,0.0006136354838434893
0.225,0.075,0.010037374921600853,0.0034770486677660707,21.579224188354694,0.00018051385774319053,0.000158003243680483,0.0004685415717735632,0.5897356690530947,0.0003639518686473533,0.0006134375321271303
0.25,0.075,0.0113756915778143,0.0034770486677660707,21.228566613066278,0.00018843833090566954,0.0001678111859026521,0.0004976259662302514,0.6263431033923649,0.00037748729246914485,0.0006133347132712588
0.275,0.075,0.01271400823402775,0.0034770486677660707,20.970331175009676,0.00019579754379718133,0.00017739674385680725,0.0005260509041337333,0.6621205045498525,0.00039278579736329777,0.0006132786792696887
0.3,0.075,0.014052324890241193,0.0034770486677660707,20.81066931051882,0.0002026561058258973,0.00018683497760276679,0.0005540389679929843,0.69734802876517,0.000408520626096175,0.0006132440800557115
0.325,0.075,0.015390641546454644,0.0034770486677660707,20.745271776084465,0.00020905952645177694,0.00019573433091204192,0.0005804290400583914,0.7305642207605596,0.0004232077861201225,0.0006132126956214951
0.35,0.075,0.01672895820266809,0.0034770486677660707,20.759679978837724,0.00021506647069256414,0.00020377481235081914,0.0006042722202576483,0.7605747356737543,0.00043594389500848323,0.0006131775574006157
0.375,0.075,0.018067274858881537,0.0034770486677660707,20.83040910464762,0.0002207676619826292,0.00021093471802585573,0.0006255041480370302,0.7872985652943884,0.0004465127764881431,0.0006131503464571468
0.4,0.075,0.019405591515094987,0.0034770486677660707,20.927313821295606,0.00022624292855873655,0.0002174804753630846,0.0006449148851826271,0.8117301307028566,0.0004550586524884251,0.0006131378266601002
0.425,0.075,0.02074390817130843,0.0034770486677660707,21.017367423026325,0.00023153380396175507,0.0002236751204251958,0.0006632844367587346,0.8348511949617535,0.0004618169545285642,0.0006131224498355088
0.45,0.075,0.02208222482752188,0.0034770486677660707,21.069497813401377,0.00023664415613267875,0.00022959872160502407,0.0006808502369455273,0.8569606075511182,0.00046702767820375093,0.0006130816709223951
0.475,0.075,0.023420541483735326,0.0034770486677660707,21.05961901213147,0.00024149447203216295,0.0002352950634540241,0.0006977421241063203,0.8782217911396557,0.00047089914046200096,0.0006129985279628541
0.5,0.075,0.024758858139948773,0.0034770486677660707,20.974812551058516,0.0002458223664107189,0.0002405387639934642,0.0007132917523002041,0.8977935238073361,0.0004735454760447183,0.0006128087512765479
0.525,0.075,0.02609717479616222,0.0034770486677660707,20.815788310289,0.00024914623170195493,0.00024499003488329384,0.0007264915158653639,0.9144075701724773,0.00047497819527469694,0.000612381599659314
0.55,0.075,0.02743549145237567,0.0034770486677660707,20.59709386106517,0.0002508210510170814,0.00024815279862148076,0.0007358703504925519,0.9262123568702009,0.00047514261751151063,0.0006116106889917712
0.575,0.075,0.02877380810858911,0.0034770486677660707,20.344871625990734,0.00025014026775206036,0.0002494465809715602,0.0007397069224623334,0.9310413058339077,0.00047397233442453106,0.0006105585233386168
0.6,0.075,0.03011212476480256,0.0034770486677660707,20.092318228621693,0.00024658394368395767,0.00024844615242383455,0.0007367402595427644,0.9273072787013642,0.0004714151286391847,0.0006095696295853185
0.625,0.075,0.03145044142101601,0.0034770486677660707,19.873575083641477,0.00024015666827026274,0.0002450040206207184,0.0007265329890607406,0.9144597709249755,0.00046730518971612,0.0006092614181919578
0.65,0.075,0.03278875807722946,0.0034770486677660707,19.71758835790456,0.00023152698396741557,0.00023942337543154317,0.0007099841878618591,0.8936304167438581,0.0004608778330594162,0.0006102948625756088
0.675,0.075,0.034127074733442904,0.0034770486677660707,19.643932257899664,0.00022201525922836766,0.00023245641503139383,0.0006893244184778122,0.8676267413942741,0.0004501189011503524,0.0006131906331087263
0.7,0.075,0.03546539138965635,0.0034770486677660707,19.66186673385269,0.00021333641300808637,0.00022531362704972875,0.0006681432513712532,0.8409668023249853,0.0004309898011477991,0.0006183057203117228
0.725,0.075,0.0368037080458698,0.0034770486677660707,19.772214769463705,0.00020691051610594166,0.0002189206130168692,0.0006491854580149105,0.8171053402428625,0.00039979034601169,0.00062550873703653
0.75,0.075,0.03814202470208324,0.0034770486677660707,19.97039460881308,0.0002027164798575167,0.00021329446380104468,0.0006325017195345427,0.7961061455763504,0.00037423300102194535,0.0006331163168984767
0.775,0.075,0.03948034135829669,0.0034770486677660707,20.24899811006552,0.00019828790254208784,0.00020746291656505882,0.0006152088953862869,0.7743403176685171,0.00036857031970325056,0.0006371409057823518
0.8,0.075,0.040818658014510144,0.0034770486677660707,20.599152499616444,0.00018928632896568582,0.00019943897125731863,0.0005914147512994963,0.744391522667354,0.0003638395252587331,0.0006335711485627399
0.825,0.075,0.04215697467072358,0.0034770486677660707,21.010667526559182,0.0001722891399218823,0.00018779983327334333,0.0005569001433834135,0.7009492827089042,0.0003487480570141889,0.0006219875847283413
0.85,0.075,0.04349529132693703,0.0034770486677660707,21.471331818719634,0.0001477465560767755,0.00017277906588500385,0.0005123576783210522,0.6448853557975892,0.0003240175643941816,0.0006072194790135903
0.875,0.075,0.04483360798315048,0.0034770486677660707,21.965803389572237,0.00012062233744915027,0.0001565605268829181,0.0004642633507686695,0.5843508330456352,0.00029703133542190413,0.0005959120734754305
0.9,0.075,0.046171924639363926,0.0034770486677660707,22.47452780805889,9.761701569358953e-5,0.00014202881600150496,0.00042117113001208174,0.5301122741432214,0.0002758524227461225,0.0005918054839447018
0.925,0.075,0.04751024129557738,0.0034770486677660707,22.973108543064296,8.335811822867968e-5,0.00013104742287486663,0.0003886069935047115,0.48912501925009244,0.00026613409835902406,0.0005939369674283023
0.95,0.075,0.04884855795179082,0.0034770486677660707,23.432553873054417,7.839040436703739e-5,0.0001239332769906807,0.00036751076144796017,0.46257198473621974,0.00025914207303213196,0.0005990015603537367
0.975,0.075,0.050186874608004264,0.0034770486677660707,23.820790519362305,8.047121536271979e-5,0.00012006520668765954,0.0003560404163000267,0.4481346923429727,0.0002591079141904004,0.0006043093671604346
0.0,0.1,-0.0026766333124268946,0.004636064890354761,23.48933725959949,8.85179488154409e-5,0.00012595571125524906,0.0003735080720541007,0.47012057422304715,0.0002691296992415799,0.000596994361596733
0.025,0.1,-0.0013383166562134473,0.004636064890354761,23.672178482970423,9.597496958426939e-5,0.0001267110005634715,0.00037574780100760205,0.47293963688997537,0.00027413865186606666,0.0005995609230525151
0.05,0.1,0.0,0.004636064890354761,23.740092281645644,0.00010620225679609858,0.00012880976623683152,0.0003819714641709297,0.4807731278344244,0.0002809863045804179,0.0006020780638601533
0.075,0.1,0.0013383166562134464,0.004636064890354761,23.68276037071977,0.00011794174111674775,0.00013117980299678963,0.0003889995524734553,0.4896191184720645,0.00028867428911450837,0.0006040703849421308
0.1,0.1,0.0026766333124268946,0.004636064890354761,23.50396464902419,0.00013000336086368855,0.0001330825878496886,0.0003946420556585613,0.4967211251913549,0.00029657491876596616,0.0006053019604797089
0.125,0.1,0.004014949968640341,0.004636064890354761,23.222079950096024,0.00014156234158984796,0.00013477443374933684,0.00039965904213652795,0.5030358175376807,0.0003044700549404905,0.0006058343227651234
0.15,0.1,0.005353266624853787,0.004636064890354761,22.866960370832665,0.00015221402413953975,0.00013740465758409047,0.00040745868713713227,0.5128529375968395,0.000312414762048273,0.0006058983261886411
0.175,0.1,0.006691583281067235,0.004636064890354761,22.47452779050831,0.00016185407459869437,0.00014202881600150496,0.00042117113001208174,0.5301122741432214,0.00032047028428385313,0.0006057340771057598
0.2,0.1,0.008029899937280684,0.004636064890354761,22.081139937067338,0.00017053389141953614,0.00014847259802819497,0.0004402794703766442,0.5541632240871797,0.0003318223904717295,0.0006055044561852755
0.225,0.1,0.00936821659349413,0.004636064890354761,21.7192086744371,0.00017838726761388858,0.00015541546903469615,0.00046086780526289175,0.5800769875188228,0.0003484987846753002,0.000605304875701215
0.25,0.1,0.010706533249707577,0.004636064890354761,21.414448078065874,0.00018556800271598623,0.00016186161710770385,0.0004799831618825307,0.6041367685593818,0.00035945979449396504,0.0006051796901825001
0.275,0.1,0.012044849905921026,0.004636064890354761,21.184421467130264,0.00019219193377721327,0.00016819538268764137,0.0004987652603441954,0.6277770900800171,0.00037105803265593157,0.0006051212835185234
0.3,0.1,0.01338316656213447,0.004636064890354761,21.03789516110569,0.00019834974828881888,0.00017536078601542644,0.0005200134908196476,0.6545214392915554,0.00038330214457329656,0.0006051010470863983
0.325,0.1,0.01472148321834792,0.004636064890354761,20.974665281137916,0.00020412300946887467,0.00018348323636386074,0.000544099740976664,0.6848378972262485,0.0003952889751946046,0.0006051015192470651
0.35,0.1,0.016059799874561364,0.004636064890354761,20.985776300679397,0.00020957027007545353,0.00019177585108130958,0.0005686905952105381,0.7157894813499505,0.0004061418064684226,0.0006051083110720248
0.375,0.1,0.01739811653077481,0.004636064890354761,21.054274569933973,0.00021474069046335462,0.00019952008813861087,0.0005916552946590674,0.7446942855546598,0.00041538567720776,0.0006051067666834754
0.4,0.1,0.018736433186988262,0.004636064890354761,21.156757050054587,0.000219693480082175,0.00020648481703796875,0.0006123084467682794,0.7706896319890798,0.00042293667706821926,0.0006050968404559134
0.425,0.1,0.020074749843201706,0.004636064890354761,21.265909979832003,0.0002244804093615712,0.00021288749134084739,0.0006312948866130933,0.7945871503297339,0.0004289243200794924,0.0006050962672815281
0.45,0.1,0.021413066499415153,0.004636064890354761,21.35396834895399,0.0002290897216132302,0.00021897560332374496,0.0006493485258369104,0.817310587582483,0.00043352400476021514,0.000605116745788378
0.475,0.1,0.0227513831556286,0.004636064890354761,21.39667818745606,0.0002334117974969773,0.00022473486742124527,0.0006664270021367938,0.8388066239085546,0.0004368787678370849,0.0006051380298288192
0.5,0.1,0.024089699811842048,0.004636064890354761,21.377099759031992,0.00023724390861888534,0.00023009106259766038,0.0006823102210393024,0.8587982346651652,0.0004391066391362413,0.000605104522180595
0.525,0.1,0.025428016468055495,0.004636064890354761,21.288553983632653,0.00024023504679751922,0.00023473521105704317,0.0006960819422269337,0.8761321825960983,0.00044027453750831373,0.0006049077675011215
0.55,0.1,0.026766333124268946,0.004636064890354761,21.136125899095017,0.00024178850513157938,0.00023825154933206807,0.0007065092639950831,0.889256660657019,0.00044031753698963133,0.0006043658628081759
0.575,0.1,0.028104649780482386,0.004636064890354761,20.93628463330416,0.00024108953713643195,0.00024004675431732648,0.0007118327506897592,0.8959571333081359,0.0004390550063644411,0.0006033066658189325
0.6,0.1,0.029442966436695833,0.004636064890354761,20.714363602908914,0.000237384602663208,0.00023956426277075974,0.0007104019740656223,0.894156268538534,0.0004362919669096743,0.0006017955460711911
0.625,0.1,0.030781283092909284,0.004636064890354761,20.50004005816406,0.00023033743258107925,0.00023651540083693268,0.000701360902950116,0.8827766120801387,0.0004317795643829822,0.0006003059098004732
0.65,0.1,0.032119599749122735,0.004636064890354761,20.32171264018556,0.0002202172584764941,0.0002309951329850673,0.0006849911442307666,0.8621726119397654,0.0004246815482853058,0.0005995359640139323
0.675,0.1,0.03345791640533618,0.004636064890354761,20.201504099717056,0.00020803372320347887,0.00022357308719850533,0.0006629818682336013,0.8344703633294003,0.00041263128512897403,0.0006001289163626583
0.7,0.1,0.03479623306154962,0.004636064890354761,20.15265906251944,0.00019552759060306241,0.00021547925193150504,0.0006389804730132255,0.8042607091146903,0.0003909509089574255,0.0006027766164922095
0.725,0.1,0.03613454971776307,0.004636064890354761,20.179901126314014,0.0001849711464225237,0.0002079687067734181,0.0006167087616782193,0.7762281430066504,0.00035965275757400675,0.000608476530911419
0.75,0.1,0.03747286637397652,0.004636064890354761,20.281749976113787,0.000178226394726763,0.00020185744626481346,0.0005985864779989696,0.7534183055574405,0.00034309970966944097,0.0006174377732374575
0.775,0.1,0.03881118303018997,0.004636064890354761,20.453183705797873,0.0001749140563264105,0.00019691581434470921,0.0005839326017047955,0.7349740221444362,0.00034625285314761236,0.0006269077361913415
0.8,0.1,0.04014949968640342,0.004636064890354761,20.687517273655075,0.00017157280927155004,0.00019152372484240344,0.0005679429420515857,0.7148484384148583,0.0003516654329116567,0.0006317219593667797
0.825,0.1,0.041487816342616855,0.004636064890354761,20.977164192484373,0.00016363942059042448,0.00018391458049182716,0.0005453788454493631,0.6864478579585283,0.0003481281643573383,0.0006281133825635054
0.85,0.1,0.042826132998830306,0.004636064890354761,21.313460252646784,0.00014885665409626424,0.0001732754623864741,0.0005138296885887155,0.6467381198047774,0.00033308429687277315,0.0006175839749060562
0.875,0.1,0.04416444965504376,0.004636064890354761,21.68589989174649,0.00012918850845308817,0.00016073320615607578,0.00047663698095252733,0.5999250563690237,0.0003116335707819788,0.000605581577237497
0.9,0.1,0.0455027663112572,0.004636064890354761,22.08113995708183,0.00010949851261100964,0.00014847259802819497,0.0004402794703766442,0.5541632240871797,0.00029335084984773694,0.0005970888084171203
0.925,0.1,0.04684108296747065,0.004636064890354761,22.482104029381922,9.453539456214561e-5,0.00013838083567924722,0.0004103534379560496,0.5164964516706797,0.0002783270708172956,0.0005934643905458191
0.95,0.1,0.048179399623684095,0.004636064890354761,22.867531714647633,8.648414214994674e-5,0.00013135382491497044,0.00038951559569616514,0.4902686426840851,0.00026976347308560727,0.000593315767810241
0.975,0.1,0.04951771627989754,0.004636064890354761,23.212359115193728,8.49439805899743e-5,0.00012733730661123485,0.0003776050440185351,0.47527727887444393,0.0002672031380539508,0.0005948013733450744
0.0,0.125,-0.0033457916405336178,0.005795081112943451,22.79327553238977,0.00010098060408321178,0.00013754487798532284,0.0004078744956082609,0.5133763000937696,0.0002829432789874992,0.0005904958168727857
0.025,0.125,-0.0020074749843201705,0.005795081112943451,22.96611620225701,0.00010562339382974657,0.00013831273297275755,0.00041015148672772397,0.5162422632487177,0.0002855389223593298,0.000590292779670025
0.05,0.125,-0.0006691583281067232,0.005795081112943451,23.060797835505877,0.00011353131491335339,0.00014046329639756934,0.0004165287505343943,0.5242690855507789,0.00029057992348169277,0.000591376973522978
0.075,0.125,0.0006691583281067232,0.005795081112943451,23.063988142112628,0.00012368805231221172,0.000143136833199854,0.0004244568354670687,0.5342478681257861,0.00029711356860706963,0.0005930672719633964
0.1,0.125,0.0020074749843201714,0.005795081112943451,22.972239268124326,0.00013486037582517487,0.0001455432887710356,0.00043159291982496187,0.5432297893399303,0.0003043150814112115,0.0005947286787214323
0.125,0.125,0.0033457916405336178,0.005795081112943451,22.793984597757557,0.00014595584420639394,0.00014747300160731158,0.00043731527503944567,0.5504323028078365,0.00031166838070359275,0.0005959998584924265
0.15,0.125,0.004684108296747064,0.005795081112943451,22.548569487853616,0.00015624922028315545,0.00014949075365596615,0.0004432987010394697,0.5579634162627152,0.00031898153650294773,0.0005967978884572208
0.175,0.125,0.006022424952960511,0.005795081112943451,22.26269605878715,0.0001654134312542496,0.0001524622086687137,0.000452110230282139,0.5690541569917317,0.0003262874936394084,0.0005972025748107148
0.2,0.125,0.00736074160917396,0.005795081112943451,21.96580337387703,0.00017341850423481533,0.0001565605268829181,0.0004642633507686695,0.5843508330456352,0.00033366016217384385,0.0005973502358373894
0.225,0.125,0.008699058265387406,0.005795081112943451,21.685899875006577,0.00018041065850809364,0.00016073320615607578,0.00047663698095252733,0.5999250563690237,0.0003406283613196573,0.0005973725995196342
0.25,0.125,0.010037374921600853,0.005795081112943451,21.446585764851754,0.00018659543791927846,0.00016365410354954784,0.00048529858703002176,0.6108270944440019,0.00034593723152624245,0.0005973576111869127
0.275,0.125,0.011375691577814302,0.005795081112943451,21.265263627006632,0.00019214411424924404,0.0001654336810182709,0.0004905757320105037,0.6174692385209392,0.0003562407732878079,0.0005973402495168731
0.3,0.125,0.012714008234027746,0.005795081112943451,21.152214762308983,0.0001971968114734482,0.00016782045194427972,0.000497653443676962,0.6263776882219636,0.00036537648129842065,0.0005973337255301009
0.325,0.125,0.014052324890241196,0.005795081112943451,21.110233277737258,0.00020189193893657733,0.0001724032640396715,0.0005112432784949101,0.6434827026144899,0.00037407819369582524,0.000597353178009628
0.35,0.125,0.01539064154645464,0.005795081112943451,21.134662812088308,0.00020632149896823254,0.00017913512142523412,0.000531205875255046,0.6686088729814288,0.000382014495665707,0.0005973981215567681
0.375,0.125,0.01672895820266809,0.005795081112943451,21.213845471616068,0.00021050989986500724,0.0001867265696891296,0.0005537174960214913,0.696943404075257,0.00038878237399405486,0.0005974433008154729
0.4,0.125,0.01806727485888154,0.005795081112943451,21.330107877101064,0.0002144645488418873,0.00019405089313761776,0.0005754369869686034,0.7242809111329617,0.00039420772892641217,0.0005974640508545699
0.425,0.125,0.019405591515094984,0.005795081112943451,21.46143130309911,0.00021820526525597722,0.00020067737829011274,0.0005950871137404483,0.749013787267958,0.0003983256815593037,0.0005974649032645118
0.45,0.125,0.02074390817130843,0.005795081112943451,21.58385192557021,0.00022172521431533787,0.00020674356399957297,0.0006130757329660668,0.771655386292363,0.0004012601307381244,0.0005974814904402407
0.475,0.125,0.02208222482752188,0.005795081112943451,21.674437352013918,0.0002249346324542369,0.00021243664352671112,0.0006299579460633584,0.7929043935007132,0.00040313008573121187,0.0005975443153158669
0.5,0.125,0.023420541483735326,0.005795081112943451,21.714478442287177,0.00022766708722151219,0.00021765840619220842,0.0006454425198589963,0.8123942446420027,0.0004040467740915939,0.0005976465682794319
0.525,0.125,0.024758858139948773,0.005795081112943451,21.692414180375508,0.00022967782215772706,0.00022225306479562433,0.0006590674842183409,0.8295434752681505,0.0004041160763011071,0.0005977215027674969
0.55,0.125,0.026097174796162224,0.005795081112943451,21.605983538771703,0.00023055754292651987,0.00022586000859621015,0.0006697634868968868,0.8430061318942192,0.00040336781353867367,0.0005976095574782264
0.575,0.125,0.027435491452375664,0.005795081112943451,21.463114006469056,0.0002296309139419315,0.00022804245450468126,0.0006762352947689689,0.8511519532585395,0.00040167775936772064,0.0005970433110100223
0.6,0.125,0.02877380810858911,0.005795081112943451,21.281096717169962,0.00022604509031193837,0.0002281956318311009,0.0006766895256037855,0.8517236765407686,0.00039876240573417856,0.0005957798060324943
0.625,0.125,0.030112124764802562,0.005795081112943451,21.08378803394688,0.0002190602067465394,0.0002258459797843133,0.00066972188596881,0.8429537703693714,0.000394180345380397,0.0005938666555961945
0.65,0.125,0.03145044142101601,0.005795081112943451,20.897125366790917,0.0002083636637377659,0.00022084460500197933,0.0006548908486624988,0.8242865010479294,0.0003869146060737714,0.0005917121935131395
0.675,0.125,0.03278875807722945,0.005795081112943451,20.744125378228873,0.00019436095964903401,0.00021348717007911144,0.0006330731692105924,0.7968254078090692,0.00037429601552479964,0.0005898327051995136
0.7,0.125,0.0341270747334429,0.005795081112943451,20.641133531522712,0.00017834536012198914,0.00020480404077776406,0.0006073242861117518,0.7644162562706368,0.00035167935294484325,0.0005888991575447442
0.725,0.125,0.03546539138965635,0.005795081112943451,20.596609528222835,0.00016286145200054413,0.00019617997750246056,0.0005817505569403646,0.7322275643985753,0.00032405946271210574,0.0005905891541280171
0.75,0.125,0.03680370804586979,0.005795081112943451,20.61231662354644,0.0001513446374226562,0.00018907228980922123,0.0005606734759520752,0.7056986346148969,0.00031251246716067725,0.0005971821934376236
0.775,0.125,0.03814202470208324,0.005795081112943451,20.685650359485216,0.0001460079434921565,0.00018414021362595445,0.0005460479361645004,0.6872900172978909,0.0003171240101256839,0.0006085798987878984
0.8,0.125,0.03948034135829669,0.005795081112943451,20.81178854503311,0.00014560395636643628,0.00018062364621390312,0.0005356199349152214,0.6741646839996064,0.00032781628893289457,0.000620491534835115
0.825,0.125,0.04081865801451013,0.005795081112943451,20.984986997849802,0.000145830902371594,0.00017680998493822218,0.0005243109338675408,0.6599304693621927,0.0003347133894296499,0.0006268456028641332
0.85,0.125,0.04215697467072358,0.005795081112943451,21.19896085898398,0.00014243384223878183,0.00017116081790517087,0.0005075589385336361,0.6388453623591602,0.00033167822932932,0.0006250926326997603
0.875,0.125,0.04349529132693703,0.005795081112943451,21.446585781678102,0.0001340829955051521,0.00016365410354954784,0.00048529858703002176,0.6108270944440019,0.00032042529558507795,0.0006175925562308285
0.9,0.125,0.044833607983150475,0.005795081112943451,21.71920869572933,0.00012269161526001865,0.00015541546903469615,0.00046086780526289175,0.5800769875188228,0.00030871441489699304,0.0006087273636329262
0.925,0.125,0.046171924639363926,0.005795081112943451,22.00583106170472,0.00011168412074452963,0.00014789899327387625,0.00043857850736534826,0.5520222858654033,0.0002971463197714479,0.0006012801546352984
0.95,0.125,0.04751024129557737,0.005795081112943451,22.292416724990773,0.00010381527459629471,0.00014219709923414244,0.0004216701557819738,0.5307403791268795,0.00028841564197885325,0.0005959203360290074
0.975,0.125,0.048848557951790814,0.005795081112943451,22.56161646966075,0.00010024359889335027,0.0001387445395578424,0.0004114319625671122,0.5178539500687143,0.00028368358379008964,0.0005923658924726457
0.0,0.15,-0.004014949968640341,0.006954097335532141,22.07506606360974,0.00012208586701383938,0.00015253174093165318,0.0004523164207058781,0.5693136811296557,0.000303706355259138,0.0005910519565823483
0.025,0.15,-0.0026766333124268937,0.006954097335532141,22.20009391985105,0.0001247859698737817,0.00015370539096199972,0.000455796753242865,0.5736942449064366,0.00030431315499411787,0.0005877263915624673
0.05,0.15,-0.0013383166562134464,0.006954097335532141,22.281755729414048,0.00013035420280711532,0.00015603897650109843,0.00046271674938274445,0.5824041840009528,0.00030731858175366916,0.0005866234264217813
0.075,0.15,0.0,0.006954097335532141,22.308239313500145,0.00013818984786040936,0.000158910312823216,0.0004712313874504037,0.5931212389648669,0.0003120497168676687,0.0005870743190274663
0.1,0.15,0.0013383166562134481,0.006954097335532141,22.273068730305837,0.00014732539953599756,0.00016165990049877562,0.0004793849930424581,0.6033838759189879,0.0003177519927219335,0.0005882731302180691
0.125,0.15,0.0026766333124268946,0.006954097335532141,22.177496541653653,0.00015675941889498304,0.00016390895973713058,0.00048605433555723367,0.6117783267149062,0.0003238342115538424,0.000589605780265639
0.15,0.15,0.004014949968640341,0.006954097335532141,22.031179269823944,0.00016571159182260687,0.00016579667820920267,0.0004916521610155468,0.618824099258428,0.0003299581501332876,0.0005907373353845225
0.175,0.15,0.005353266624853788,0.006954097335532141,21.850756338911047,0.00017373037616505137,0.00016787354745337834,0.0004978108926805881,0.6265758633660468,0.0003360196574549378,0.0005915665612443758
0.2,0.15,0.006691583281067237,0.006954097335532141,21.656957013890725,0.00018064890522952867,0.00017044774246460139,0.000505444390250101,0.6361838598973502,0.0003420495480611007,0.0005921201103808902
0.225,0.15,0.008029899937280684,0.006954097335532141,21.471331805278304,0.0001864862790960008,0.00017277906588500385,0.0005123576783210522,0.6448853557975892,0.00034809812404745376,0.0005924558570117905
0.25,0.15,0.009368216593494131,0.006954097335532141,21.313460239099975,0.00019139330097856045,0.0001732754623864741,0.0005138296885887155,0.6467381198047774,0.00035403887377993435,0.0005926384711397145
0.275,0.15,0.010706533249707578,0.006954097335532141,21.198960846036343,0.00019558868127931756,0.00017116081790517087,0.0005075589385336361,0.6388453623591602,0.00035825495067623805,0.0005927365576498481
0.3,0.15,0.012044849905921022,0.006954097335532141,21.138250949957396,0.00019926195313994173,0.0001679243793185971,0.0004979616290925186,0.6267655896232155,0.0003562761074849517,0.0005927925680933087
0.325,0.15,0.013383166562134473,0.006954097335532141,21.13587885530334,0.00020254100557733057,0.00016644149898435769,0.0004935643074529601,0.6212308461225896,0.0003613338352522641,0.0005928218382435459
0.35,0.15,0.014721483218347917,0.006954097335532141,21.190286670206962,0.00020552094133708524,0.00016854180914997968,0.0004997925506414515,0.6290701017725994,0.0003661725249965692,0.0005928440805580888
0.375,0.15,0.016059799874561364,0.006954097335532141,21.29395197900549,0.00020826945501281152,0.00017380440628286475,0.0005153982146443961,0.6487123646073732,0.0003699611017986083,0.0005928787808299975
0.4,0.15,0.017398116530774815,0.006954097335532141,21.433940952196764,0.00021081026317197778,0.0001804783776648271,0.0005351891567063196,0.6736224796562895,0.0003726521020037266,0.0005929203476470589
0.425,0.15,0.01873643318698826,0.006954097335532141,21.592952362429138,0.00021311583232270806,0.00018713027628937097,0.0005549146443876031,0.6984502097360062,0.0003742632895932353,0.0005929463590806161
0.45,0.15,0.020074749843201706,0.006954097335532141,21.750916877499222,0.00021511924242480722,0.00019316004435196757,0.0005727952710106375,0.720955882529796,0.00037486149558535594,0.0005929555273242165
0.475,0.15,0.021413066499415153,0.006954097335532141,21.887129549610314,0.00021671714924471853,0.00019859733752007245,0.0005889189772576391,0.7412501856696387,0.0003745363541166232,0.0005929811242710792
0.5,0.15,0.0227513831556286,0.006954097335532141,21.9827611537362,0.00021776051218532836,0.00020354168280203714,0.0006035808997336591,0.7597045965093646,0.0003733725094403256,0.0005930608986593295
0.525,0.15,0.024089699811842048,0.006954097335532141,22.023467502086685,0.00021807370744458945,0.0002078331910872428,0.0006163069045319891,0.7757223405180926,0.0003714735027995623,0.000593206704077339
0.55,0.15,0.0254280164680555,0.006954097335532141,22.00172686866179,0.0002174630850333815,0.00021127846966823341,0.000626523506444286,0.7885815934150999,0.0003689955546657218,0.0005933783482504199
0.575,0.15,0.02676633312426894,0.006954097335532141,21.918469554685366,0.00021559641142136348,0.00021355981902774747,0.0006332886018294978,0.7970965647507362,0.0003660527404851289,0.0005933984351617255
0.6,0.15,0.028104649780482386,0.006954097335532141,21.78350596654905,0.00021185942837627375,0.00021428123791287552,0.0006354278916976765,0.7997892085153724,0.0003625422938268035,0.000592921730847906
0.625,0.15,0.029442966436695837,0.006954097335532141,21.614286479070373,0.00020539066284573285,0.0002128700564935481,0.0006312431854545161,0.7945220760243124,0.00035802824366189305,0.0005916176211969528
0.65,0.15,0.030781283092909287,0.006954097335532141,21.43283099528763,0.0001953524642993512,0.00020896599060334247,0.00061966609927644,0.7799504327076493,0.0003513892063139077,0.0005893618936409359
0.675,0.15,0.032119599749122735,0.006954097335532141,21.261384409091555,0.00018137041395894382,0.0002025323807839055,0.0006005879234949817,0.7559374497908885,0.0003399259263214934,0.0005861555832348648
0.7,0.15,0.03345791640533618,0.006954097335532141,21.118194016715975,0.00016394824132432814,0.0001942521684433258,0.0005760338471715899,0.7250321566410326,0.0003203480193092567,0.0005822717004479209
0.725,0.15,0.03479623306154963,0.006954097335532141,21.014988001050966,0.00014527763699908493,0.00018540962185830372,0.0005498122293179371,0.6920279916316322,0.00029958537643695837,0.0005794520067459228
0.75,0.15,0.03613454971776307,0.006954097335532141,20.956823908910376,0.00012947874431398245,0.00017772673677374438,0.000527029462525158,0.6633521792238626,0.00028920400521098127,0.0005813170519438337
0.775,0.15,0.037472866373976524,0.006954097335532141,20.943674243216613,0.00012078134731551777,0.00017258266604972054,0.0005117752757995837,0.6441523076299394,0.0002905909177498969,0.0005906363086115959
0.8,0.15,0.038811183030189975,0.006954097335532141,20.97251480209283,0.00012050058245616326,0.000170171575407256,0.0005046254466378903,0.6351530863477681,0.00030098255679999303,0.0006055168538930029
0.825,0.15,0.04014949968640341,0.006954097335532141,21.03897968927135,0.00012578751544833585,0.00016919532528291862,0.0005017304822242093,0.6315093034302255,0.0003124215064537463,0.0006195079552385849
0.85,0.15,0.04148781634261686,0.006954097335532141,21.13825096166261,0.0001317256127355483,0.0001679243793185971,0.0004979616290925186,0.6267655896232155,0.00031802973504130533,0.0006268642989406693
0.875,0.15,0.04282613299883031,0.006954097335532141,21.265263642939885,0.00013453938606114375,0.0001654336810182709,0.0004905757320105037,0.6174692385209392,0.00032255943172670103,0.000626366753541041
0.9,0.15,0.04416444965504376,0.006954097335532141,21.414448099262096,0.00013326062870354594,0.00016186161710770385,0.0004799831618825307,0.6041367685593818,0.00032131534165730035,0.0006205531273467676
0.925,0.15,0.04550276631125721,0.006954097335532141,21.57922421591218,0.00012933988639717394,0.000158003243680483,0.0004685415717735632,0.5897356690530947,0.0003162518579128005,0.0006124727837755681
0.95,0.15,0.04684108296747065,0.006954097335532141,21.7514259431034,0.0001250785587221999,0.00015479430373168814,0.000459025806575883,0.5777585329920107,0.0003103632564042876,0.0006041450031964983
0.975,0.15,0.048179399623684095,0.006954097335532141,21.920835986723134,0.00012232034016399656,0.00015287838920501835,0.0004533443687598026,0.5706075207158386,0.000305805128923345,0.0005967072746036371
0.0,0.175,-0.004684108296747065,0.00811311355812083,21.389007428136207,0.00014632447240768028,0.00016861496454306663,0.0005000094850667344,0.6293431489815176,0.00032872551756736747,0.0005964438370056654
0.025,0.175,-0.0033457916405336173,0.00811311355812083,21.434185312597315,0.00014874368439157817,0.0001706770052257506,0.0005061242442325624,0.6370395665568205,0.0003285985293214957,0.0005912674024859333
0.05,0.175,-0.00200747498432017,0.00811311355812083,21.464667298969232,0.00015296250806993056,0.0001734939124282362,0.0005144774786184454,0.6475534687718768,0.000330048889844532,0.000588535219071547
0.075,0.175,-0.0006691583281067236,0.00811311355812083,21.47401893761773,0.0001588137877094725,0.00017664585686864024,0.0005238242297853791,0.6593178732238436,0.0003329051469522692,0.0005877829744372132
0.1,0.175,0.0006691583281067245,0.00811311355812083,21.45735993159667,0.00016574397482795237,0.0001796470956978268,0.0005327240797222485,0.6705197798916437,0.0003367001970016505,0.0005882337020501936
0.125,0.175,0.002007474984320171,0.00811311355812083,21.412977273624527,0.00017301871079826586,0.00018213175129024565,0.000540092057805927,0.6797935770240924,0.0003409319656618549,0.0005892006594498244
0.15,0.175,0.0033457916405336173,0.00811311355812083,21.343570860105764,0.00017996262318543938,0.00018400978614645428,0.0005456611675461863,0.6868032061724086,0.000345236102381314,0.0005902412499268486
0.175,0.175,0.004684108296747065,0.00811311355812083,21.256533957273454,0.00018612786835685386,0.00018554950424471588,0.0005502270354425856,0.692550092512715,0.00034943169087340133,0.0005911318571679633
0.2,0.175,0.006022424952960514,0.00811311355812083,21.163092166025706,0.0001913302258806623,0.00018709035282586125,0.0005547962556640062,0.6983011982985484,0.0003534896795998442,0.0005918090431302098
0.225,0.175,0.007360741609173959,0.00811311355812083,21.076618945018502,0.00019557703474136267,0.00018831708369995397,0.0005584339937160989,0.7028798824820461,0.00035745437829907284,0.0005922953514382802
0.25,0.175,0.008699058265387406,0.00811311355812083,21.010667515488535,0.00019897990044473666,0.00018779983327334333,0.0005569001433834135,0.7009492827089042,0.0003613593627084193,0.0005926387068697421
0.275,0.175,0.010037374921600856,0.00811311355812083,20.977164181862754,0.00020168598421003913,0.00018391458049182716,0.0005453788454493631,0.6864478579585283,0.00036510293937319107,0.0005928759587264285
0.3,0.175,0.0113756915778143,0.00811311355812083,20.98498698815026,0.0002038242244980005,0.0001768099849382222,0.0005243109338675409,0.6599304693621928,0.0003681191981029681,0.000593021127693465
0.325,0.175,0.012714008234027751,0.00811311355812083,21.038979680876448,0.00020550012836229189,0.00016919532528291862,0.0005017304822242093,0.6315093034302255,0.0003673232548544653,0.0005930859060351079
0.35,0.175,0.014052324890241195,0.00811311355812083,21.139374337449592,0.00020682413906051005,0.0001645433364723304,0.00048793551132099314,0.6141460919559877,0.0003593233200431618,0.0005930998746435728
0.375,0.175,0.015390641546454642,0.00811311355812083,21.28159007994788,0.00020789627273262273,0.00016450900291816462,0.0004878336988704466,0.6140179444504981,0.0003590579118847276,0.0005930980359306101
0.4,0.175,0.016728958202668093,0.00811311355812083,21.45640134659215,0.0002087598692862418,0.0001682217226746094,0.0004988433687336626,0.6278754021746021,0.00035894087303515044,0.0005931056667476035
0.425,0.175,0.018067274858881537,0.00811311355812083,21.650499686112937,0.00020937985128316995,0.00017362493139818727,0.0005148660012378745,0.6480424875926486,0.00035796427075099086,0.0005931325583650783
0.45,0.175,0.019405591515094984,0.00811311355812083,21.847487576259482,0.00020964936510548205,0.00017916078437484902,0.0005312819759632899,0.6687046580831044,0.000356149864310117,0.000593165920714935
0.475,0.175,0.02074390817130843,0.00811311355812083,22.02932423712706,0.000209414294862342,0.0001841622234413091,0.0005461132038972413,0.6873721673403935,0.00035354025890422294,0.0005931794267894038
0.5,0.175,0.02208222482752188,0.00811311355812083,22.1781851454016,0.00020849051173071,0.00018857870301430336,0.0005592097975660469,0.7038563576340187,0.0003501434702190195,0.0005931623143550645
0.525,0.175,0.023420541483735326,0.00811311355812083,22.27860985429568,0.0002067036936798579,0.0001924087893844419,0.0005705675054591974,0.7181518777474694,0.00034598710295320886,0.0005931559658387084
0.55,0.175,0.024758858139948776,0.00811311355812083,22.319714438914133,0.00020396511325265431,0.00019546152735631586,0.0005796200705473365,0.7295460012372851,0.00034123615856968855,0.0005932527109521725
0.575,0.175,0.026097174796162217,0.00811311355812083,22.29713893966883,0.00020025014566800743,0.0001975733819916898,0.000585882547615316,0.7374283457849304,0.0003362040225756272,0.0005934786109815963
0.6,0.175,0.027435491452375664,0.00811311355812083,22.214283410154415,0.00019542291394471158,0.00019853049620736842,0.00058872076655649,0.7410007053086684,0.000331175813141705,0.0005936448715401382
0.625,0.175,0.028773808108589115,0.00811311355812083,22.082304089744518,0.00018900861986096782,0.0001979746703708119,0.0005870725250076064,0.7389261256104089,0.00032613732732540376,0.0005933727635568624
0.65,0.175,0.030112124764802566,0.00811311355812083,21.918442797176937,0.0001801421538932864,0.00019546447985987678,0.0005796288258780935,0.7295570212430921,0.0003203002032108257,0.0005921863300961478
0.675,0.175,0.03145044142101601,0.00811311355812083,21.742738839598037,0.00016789519685656305,0.00019072354357179381,0.00056557009082713,0.7118618197480859,0.0003114986631301369,0.0005894666078944693
0.7,0.175,0.03278875807722945,0.00811311355812083,21.573983931817732,0.00015190629932775677,0.00018405035599180922,0.0005457814730454053,0.6869546301833116,0.0002981715320455074,0.0005847450343504374
0.725,0.175,0.034127074733442904,0.00811311355812083,21.42638822795822,0.00013356359867097744,0.00017644411467253527,0.0005232259850692945,0.6585648850811647,0.0002846946474451311,0.0005791586024765937
0.75,0.175,0.03546539138965635,0.00811311355812083,21.30814192890859,0.00011669152882576187,0.0001695065748707866,0.0005026534592955436,0.6326710199853299,0.00027548472115669924,0.0005765755586124506
0.775,0.175,0.0368037080458698,0.00811311355812083,21.221962495825657,0.00010627191809978325,0.00016491968039592734,0.0004890515186217428,0.6155507684069682,0.00027378976686382616,0.0005817088474746053
0.8,0.175,0.03814202470208325,0.00811311355812083,21.166756342529986,0.00010541477119057629,0.0001635244313641579,0.0004849140581549008,0.6103431023991097,0.0002803267249448398,0.0005954297382615442
0.825,0.175,0.039480341358296686,0.00811311355812083,21.139374344288832,0.0001130104442650276,0.0001645433364723304,0.00048793551132099314,0.6141460919559877,0.00029087221599273755,0.0006124535017980649
0.85,0.175,0.04081865801451014,0.00811311355812083,21.135878865266694,0.0001245844776141661,0.00016644149898435766,0.00049356430745296,0.6212308461225895,0.00030746167318921637,0.0006254651467913449
0.875,0.175,0.04215697467072359,0.00811311355812083,21.15221477649211,0.0001352270788430488,0.00016782045194427972,0.000497653443676962,0.6263776882219636,0.00032164746091096965,0.0006304758593258418
0.9,0.175,0.04349529132693703,0.00811311355812083,21.184421486894983,0.0001420627167577118,0.00016819538268764137,0.0004987652603441954,0.6277770900800171,0.0003299559142562725,0.0006281658632721533
0.925,0.175,0.04483360798315048,0.00811311355812083,21.228566640046473,0.00014492619415921152,0.00016781118590265207,0.0004976259662302514,0.6263431033923648,0.00033268822344940306,0.0006213214851217459
0.95,0.175,0.046171924639363926,0.00811311355812083,21.280536781710957,0.00014541877265176792,0.00016737142308676227,0.0004963218970468285,0.6247017205168468,0.0003319916018030677,0.0006126003906319503
0.975,0.175,0.04751024129557737,0.00811311355812083,21.335770103721053,0.00014544352887475208,0.00016752265073987336,0.0004967703463358038,0.6252661667845901,0.0003301317181493752,0.0006038532032834842
0.0,0.2,-0.005353266624853789,0.009272129780709522,20.78133647182775,0.00016856916045500592,0.00018356965093055316,0.0005443559940507089,0.6851604333408067,0.00035658522311323896,0.0006030312538021123
0.025,0.2,-0.004014949968640342,0.009272129780709522,20.723514186166604,0.00017196452164330595,0.00018673441660584816,0.0005537407652063969,0.6969726921238643,0.0003573373773275468,0.000598143924705743
0.05,0.2,-0.0026766333124268946,0.009272129780709522,20.67068870510282,0.0001760966819260322,0.00019026428217479681,0.000564208200705184,0.7101476598301035,0.00035830202420268024,0.0005951755936220917
0.075,0.2,-0.0013383166562134481,0.009272129780709522,20.624401800826213,0.00018086558116779572,0.0001938014831837055,0.0005746973886597337,0.7233500065349752,0.0003597107908833584,0.0005939117312070085
0.1,0.2,0.0,0.009272129780709522,20.585425159371376,0.00018603140970324686,0.00019698621275754762,0.0005841413606026088,0.7352367791241569,0.0003615064759643078,0.0005938414069914952
0.125,0.2,0.0013383166562134464,0.009272129780709522,20.55373408717615,0.00019123836019314047,0.0001995464908392469,0.0005917335890191508,0.7447928317234707,0.0003634579140921303,0.0005943901317701587
0.15,0.2,0.002676633312426893,0.009272129780709522,20.529157648585382,0.0001961013737030404,0.00020137166685699507,0.0005971459515770265,0.7516051690837279,0.0003653194619066283,0.0005951219762262859
0.175,0.2,0.00401494996864034,0.009272129780709522,20.512413867190396,0.00020032317210831843,0.00020256725484239265,0.000600691338752777,0.7560676146896301,0.0003669431290079607,0.0005958182346918547
0.2,0.2,0.005353266624853789,0.009272129780709522,20.50597082072642,0.00020374589451468668,0.0002034089389459276,0.0006031872621504293,0.7592091396758723,0.0003682956607062475,0.0005964181256810629
0.225,0.2,0.006691583281067235,0.009272129780709522,20.514273932840005,0.00020632334233697242,0.00020391470944907184,0.0006046870700086726,0.7610968914657169,0.00036939700354111303,0.0005969021514190676
0.25,0.2,0.008029899937280682,0.009272129780709522,20.54322925720559,0.00020809655330097536,0.00020318125785183394,0.0006025120984309712,0.7583593364741887,0.0003702911395272855,0.0005972579135586405
0.275,0.2,0.009368216593494131,0.009272129780709522,20.599152490824757,0.00020919002804816383,0.00019943897125731863,0.0005914147512994963,0.744391522667354,0.00037102150457468436,0.0005975029939431287
0.3,0.2,0.010706533249707575,0.009272129780709522,20.687517265581903,0.0002097721148613439,0.00019152372484240347,0.0005679429420515858,0.7148484384148585,0.00037153030539503686,0.0005976758968396232
0.325,0.2,0.012044849905921026,0.009272129780709522,20.81178853796652,0.00020997422721548068,0.00018062364621390312,0.0005356199349152214,0.6741646839996064,0.0003714988429350317,0.0005977980565721887
0.35,0.2,0.01338316656213447,0.009272129780709522,20.972514796231145,0.0002098474914872395,0.000170171575407256,0.0005046254466378903,0.6351530863477681,0.0003700581874149042,0.0005978660479581848
0.375,0.2,0.014721483218347917,0.009272129780709522,21.1667563379634,0.00020939169153429775,0.0001635244313641579,0.0004849140581549008,0.6103431023991097,0.00036372009998129613,0.0005978809483656418
0.4,0.2,0.016059799874561367,0.009272129780709522,21.38787244948405,0.00020859753595887533,0.00016178119664537295,0.00047974468367825116,0.6038366050054349,0.0003522862484124597,0.000597866273106253
0.425,0.2,0.01739811653077481,0.009272129780709522,21.62567234407941,0.00020745232613251057,0.00016369369660598993,0.00048541599596710794,0.6109748726609981,0.00034766132589004724,0.0005978497677390459
0.45,0.2,0.01873643318698826,0.009272129780709522,21.866937293697482,0.0002059103797878427,0.00016722848947222805,0.0004958980428343886,0.6241682311476793,0.00034356587822515687,0.0005978353542793758
0.475,0.2,0.020074749843201706,0.009272129780709522,22.096326675889102,0.00020386257486381944,0.00017101960093911074,0.0005071401748570326,0.6383182802561527,0.00033895684780168954,0.00059780621022278
0.5,0.2,0.021413066499415153,0.009272129780709522,22.29767148554975,0.0002011162591057486,0.00017450273495815428,0.0005174690329865586,0.6513188258353063,0.0003337443778362285,0.0005977493111110882
0.525,0.2,0.0227513831556286,0.009272129780709522,22.45562263106611,0.000197405226325635,0.00017758234264183067,0.000526601277306008,0.6628132385793042,0.0003278282551780438,0.0005976617841250343
0.55,0.2,0.02408969981184205,0.009272129780709522,22.55755224252847,0.00019251906745359354,0.00018010016767506067,0.0005340676157876789,0.6722108382484174,0.0003211424690611145,0.0005975671676754031
0.575,0.2,0.02542801646805549,0.009272129780709522,22.595501261921633,0.00018648569132902066,0.00018183860242210122,0.0005392227564660014,0.6786994200950301,0.000313880157520252,0.0005975312181729635
0.6,0.2,0.02676633312426894,0.009272129780709522,22.567826134148024,0.0001795824106512496,0.00018269991537494976,0.0005417768870984881,0.6819142083403867,0.00030659473631406846,0.0005976256961076239
0.625,0.2,0.02810464978048239,0.009272129780709522,22.480051853975645,0.0001720383949460855,0.00018258892216616333,0.0005414477487131639,0.6814999342234808,0.00029995736345707976,0.0005978399714294564
0.65,0.2,0.02944296643669584,0.009272129780709522,22.344395475204706,0.00016361184924721376,0.00018128468105430375,0.000537580162413745,0.6766319486885479,0.00029406940819053367,0.0005978594193107097
0.675,0.2,0.030781283092909284,0.009272129780709522,22.177667327521664,0.00015347963665330368,0.00017845930918552382,0.0005292018269732399,0.666086452719312,0.0002879224924279792,0.0005967738771689718
0.7,0.2,0.03211959974912273,0.009272129780709522,21.99788946256418,0.00014077462441618708,0.00017415961821793405,0.0005164515573131496,0.6500381674409363,0.0002810496003496873,0.0005933870454969013
0.725,0.2,0.03345791640533618,0.009272129780709522,21.820726776893633,0.00012599495745149535,0.00016904365578554331,0.0005012807226937401,0.6309432080107514,0.00027440267152147404,0.0005878196279219877
0.75,0.2,0.03479623306154962,0.009272129780709522,21.657064554180934,0.00011198224319127015,0.00016434372148846078,0.00048734357462328233,0.6134010434789866,0.00026875445695981093,0.0005831099848237601
0.775,0.2,0.03613454971776307,0.009272129780709522,21.51242203391746,0.00010319195698668562,0.00016158906801667415,0.00047917494695907796,0.6031194988071655,0.00026648070601936573,0.0005844681832411926
0.8,0.2,0.037472866373976524,0.009272129780709522,21.387872452776946,0.0001032129609803195,0.00016178119664537295,0.00047974468367825116,0.6038366050054349,0.000269104876417002,0.0005948092391598353
0.825,0.2,0.03881118303018996,0.009272129780709522,21.28159008513755,0.00011212410773696328,0.0001645090029181646,0.00048783369887044656,0.614017944450498,0.00028275776061053063,0.0006107633485113193
0.85,0.2,0.04014949968640341,0.009272129780709522,21.19028667813125,0.0001263529518869964,0.00016854180914997968,0.0004997925506414515,0.6290701017725994,0.0003030242927883339,0.0006249482883001411
0.875,0.2,0.04148781634261686,0.009272129780709522,21.110233289545487,0.0001409234476019234,0.00017240326403967154,0.0005112432784949102,0.6434827026144899,0.0003231117008273795,0.0006318541559345554
0.9,0.2,0.042826132998830306,0.009272129780709522,21.03789517833255,0.0001522183655210112,0.00017536078601542647,0.0005200134908196477,0.6545214392915555,0.00033861737635884647,0.0006310336177682925
0.925,0.2,0.04416444965504376,0.009272129780709522,20.97033119964571,0.00015924518643335703,0.00017739674385680725,0.0005260509041337333,0.6621205045498525,0.00034827194007479057,0.0006251966825036074
0.95,0.2,0.0455027663112572,0.009272129780709522,20.905485683797345,0.0001631571853056945,0.00017907056402902529,0.0005310144372618459,0.6683679171734421,0.0003532625979203316,0.0006174020805173381
0.975,0.2,0.046841082967470644,0.009272129780709522,20.842408521832496,0.0001658137941133824,0.00018100912092080542,0.0005367630185687202,0.6756034404382892,0.00035551603327803365,0.0006096464270646398
0.0,0.225,-0.006022424952960512,0.010431146003298213,20.28749260926376,0.000186658029002006,0.00019637044321322965,0.0005823153624558336,0.732938463876052,0.00038652353132504635,0.0006082278643162405
0.025,0.225,-0.004684108296747065,0.010431146003298213,20.11421201857328,0.00019101428126991796,0.00020038728601995268,0.0005942268764120614,0.7479310388696028,0.00038984889944283405,0.0006054003210826532
0.05,0.225,-0.0033457916405336173,0.010431146003298213,19.95497802578273,0.00019559610063878894,0.0002045542571979245,0.000606583579855506,0.7634839571409238,0.00039216949926077583,0.0006036654278243315
0.075,0.225,-0.002007474984320171,0.010431146003298213,19.82052410385824,0.00020014006220914795,0.00020848040505888816,0.0006182261477353866,0.7781380198149092,0.0003937805391915686,0.0006028231262592887
0.1,0.225,-0.0006691583281067228,0.010431146003298213,19.720313813961038,0.0002043948063207112,0.00021182607778383601,0.000628147379228311,0.7906255010647864,0.0003948377223250712,0.0006026663501386412
0.125,0.225,0.0006691583281067236,0.010431146003298213,19.66033034753773,0.00020817360284295766,0.00021437944574713202,0.0006357191164342779,0.8001557621473891,0.00039533861258083444,0.0006029459754283363
0.15,0.225,0.00200747498432017,0.010431146003298213,19.6421330532866,0.00021135784923243726,0.00021608050804212736,0.0006407634331382666,0.8065048540221655,0.000395163097687115,0.0006034065085247399
0.175,0.225,0.0033457916405336173,0.010431146003298213,19.66356709757423,0.00021387495084596776,0.0002170091046616029,0.0006435170862247344,0.8099707736824876,0.0003941588750266021,0.0006038614181060644
0.2,0.225,0.004684108296747066,0.010431146003298213,19.72061408066365,0.00021568991876188079,0.00021737009371995762,0.0006445875603292826,0.8113181392105028,0.0003922322862689141,0.0006042236549646596
0.225,0.225,0.006022424952960512,0.010431146003298213,19.809382837671926,0.0002168202535678719,0.00021734292378425453,0.0006445069908163867,0.8112167293923449,0.0003894121312107425,0.0006044879568640682
0.25,0.225,0.007360741609173959,0.010431146003298213,19.927393962856826,0.00021732710080118756,0.0002166022845170064,0.0006423107049787655,0.8084523469428249,0.0003858649521399866,0.0006046859031729113
0.275,0.225,0.008699058265387409,0.010431146003298213,20.073840563825783,0.00021727968263647156,0.0002138701811849813,0.0006342089473210336,0.7982549690352406,0.00038187645716817426,0.0006048483242089109
0.3,0.225,0.010037374921600853,0.010431146003298213,20.248998103325818,0.00021673837270889295,0.0002074629165650588,0.0006152088953862868,0.774340317668517,0.0003777782275393834,0.000604995387762486
0.325,0.225,0.011375691577814304,0.010431146003298213,20.453183699856048,0.00021575683666249251,0.00019691581434470921,0.0005839326017047955,0.7349740221444362,0.0003737528687391948,0.0006051278014749692
0.35,0.225,0.012714008234027747,0.010431146003298213,20.685650354494815,0.00021438115889792843,0.00018414021362595445,0.0005460479361645004,0.6872900172978909,0.00036966325127179103,0.0006052290865129369
0.375,0.225,0.014052324890241195,0.010431146003298213,20.94367423925332,0.00021263823724098615,0.00017258266604972054,0.0005117752757995837,0.6441523076299394,0.00036507289278169105,0.0006052801594081159
0.4,0.225,0.015390641546454645,0.010431146003298213,21.221962492887194,0.00021051802261970684,0.00016491968039592737,0.0004890515186217429,0.6155507684069683,0.0003591239914294647,0.0006052670435049188
0.425,0.225,0.01672895820266809,0.010431146003298213,21.512422031922867,0.00020797368136581465,0.00016158906801667415,0.00047917494695907796,0.6031194988071655,0.00034906431553471007,0.0006051911665295305
0.45,0.225,0.018067274858881537,0.010431146003298213,21.804289860677606,0.00020493975769344104,0.00016124494730076258,0.0004781544941040777,0.6018350931462063,0.0003362044145290024,0.0006050781345498773
0.475,0.225,0.019405591515094984,0.010431146003298213,22.084617691931335,0.00020133707625649352,0.00016226878650420573,0.00048119057879734343,0.6056564988564987,0.00032865581318004307,0.0006049871850160326
0.5,0.225,0.02074390817130843,0.010431146003298213,22.339109487742515,0.0001970319949513564,0.00016377461088826998,0.0004856559385411673,0.6112768793621572,0.00032194216297392713,0.0006049829323663337
0.525,0.225,0.02208222482752188,0.010431146003298213,22.553309976433603,0.00019176254902228794,0.0001654165301834291,0.0004905248730602263,0.6174052242714552,0.0003148965637678975,0.0006050362104170479
0.55,0.225,0.02342054148373533,0.010431146003298213,22.714115422939464,0.0001851958923310452,0.0001670294638166115,0.0004953078537260281,0.6234253822957209,0.000307108628329985,0.0006049838118185536
0.575,0.225,0.02475885813994877,0.010431146003298213,22.811506750201502,0.00017718691374393603,0.00016826417890627142,0.0004989692681079485,0.6280338669858392,0.0002983618186679282,0.000604666606181567
0.6,0.225,0.026097174796162217,0.010431146003298213,22.840278641029165,0.00016805191633691586,0.0001688778328304424,0.0005007889926114373,0.6303242858348969,0.000289031783694114,0.0006041901271893153
0.625,0.225,0.027435491452375668,0.010431146003298213,22.80137103926849,0.0001585207344292031,0.00016885842920066733,0.000500731453240845,0.6302518631914061,0.0002802218715079711,0.000603997807988336
0.65,0.225,0.02877380810858912,0.010431146003298213,22.702276185258423,0.00014922125300757518,0.00016826301432929395,0.0004989658146805709,0.6280295202865754,0.0002731365526730721,0.0006044006821121073
0.675,0.225,0.030112124764802562,0.010431146003298213,22.556049908033682,0.0001400964007665856,0.00016697125525755595,0.0004951352425244144,0.6232081230628113,0.00026837979111426634,0.0006048055234297764
0.7,0.225,0.031450441421016,0.010431146003298213,22.378860264405187,0.0001305036141846689,0.00016499923845648902,0.0004892874394666224,0.6158477131087414,0.0002661315204410091,0.0006036865883865752
0.725,0.225,0.03278875807722945,0.010431146003298213,22.186703030405987,0.00012044598316471491,0.0001627968940263447,0.0004827566246754193,0.6076276219527461,0.0002652725276972816,0.0006001366481637827
0.75,0.225,0.0341270747334429,0.010431146003298213,21.99245536389818,0.00011163319976936455,0.0001611880567921896,0.00047798579143896227,0.6016227534413081,0.00026451091835567566,0.0005957744830808136
0.775,0.225,0.03546539138965635,0.010431146003298213,21.804289861869798,0.00010722176371657068,0.00016124494730076258,0.0004781544941040777,0.6018350931462063,0.00026331064132671363,0.0005950318383879923
0.8,0.225,0.0368037080458698,0.010431146003298213,21.625672346223098,0.00011008310675398815,0.00016369369660598993,0.00048541599596710794,0.6109748726609981,0.0002684855003896035,0.0006016728995301453
0.825,0.225,0.038142024702083235,0.010431146003298213,21.456401350194263,0.00012060411502712364,0.0001682217226746094,0.0004988433687336626,0.6278754021746021,0.0002835245634933746,0.0006142225240706355
0.85,0.225,0.039480341358296686,0.010431146003298213,21.29395198481408,0.00013602529075003848,0.00017380440628286478,0.0005153982146443963,0.6487123646073734,0.00030563603236801715,0.0006263142202340528
0.875,0.225,0.04081865801451014,0.010431146003298213,21.134662821192506,0.000151879175300878,0.00017913512142523412,0.000531205875255046,0.6686088729814288,0.0003292621007049832,0.0006320606420780645
0.9,0.225,0.04215697467072358,0.010431146003298213,20.974665295080513,0.00016462970229695015,0.00018348323636386074,0.000544099740976664,0.6848378972262485,0.0003496364203048986,0.0006305478574466457
0.925,0.225,0.04349529132693703,0.010431146003298213,20.810669331432415,0.0001731681581363628,0.00018683497760276679,0.0005540389679929843,0.69734802876517,0.00036467940945554236,0.0006247177861244664
0.95,0.225,0.044833607983150475,0.010431146003298213,20.640758348933915,0.00017856439432001976,0.00018973226866762885,0.000562630572049931,0.7081619579274929,0.00037489808825325315,0.0006180403833491601
0.975,0.225,0.04617192463936392,0.010431146003298213,20.465251022619647,0.00018263690073399224,0.00019279834283492928,0.0005717226841867321,0.7196058578013198,0.00038176454569760807,0.0006123907790356222
0.0,0.25,-0.0066915832810672355,0.011590162225886902,19.93047917686008,0.00020076248426219154,0.0002070247997897003,0.0006139097073584642,0.7727050785201239,0.00041637149502145743,0.0006117718098132292
0.025,0.25,-0.005353266624853788,0.011590162225886902,19.64111259189798,0.00020560170397322542,0.00021152289899722745,0.0006272483352473327,0.7894939081911307,0.00042340150078112084,0.0006115142392557344
0.05,0.25,-0.004014949968640341,0.011590162225886902,19.363493219392446,0.00021038856124979349,0.0002160287561829034,0.0006406099685833741,0.8063116939539716,0.00042869481230650036,0.0006115929726372454
0.075,0.25,-0.0026766333124268946,0.011590162225886902,19.11728012263803,0.00021478903231158256,0.00022013040719116395,0.0006527729721110948,0.8216208094204259,0.0004325720897987199,0.0006117319243613484
0.1,0.25,-0.0013383166562134464,0.011590162225886902,18.922503420379652,0.00021855685801325234,0.0002235033986469753,0.0006627752143529093,0.8342102558556258,0.0004352784992753098,0.0006118691056309915
0.125,0.25,0.0,0.011590162225886902,18.79484444400232,0.00022156523581184597,0.00022598287741639166,0.0006701278411265141,0.8434647308709721,0.00043690673606845037,0.00061201375099231
0.15,0.25,0.0013383166562134464,0.011590162225886902,18.742195018034938,0.00022379339850396774,0.00022755914680975934,0.000674802097944941,0.8493480422742837,0.0004374020599995296,0.0006121771687571358
0.175,0.25,0.0026766333124268937,0.011590162225886902,18.76395098191245,0.00022529172298776213,0.00022833571935739654,0.0006771049400486254,0.8522465430916163,0.00043660657352928925,0.0006123626653369067
0.2,0.25,0.004014949968640343,0.011590162225886902,18.85296320691706,0.00022613810931385687,0.0002284881597848363,0.0006775569856890231,0.8528155159517478,0.000434279941524575,0.0006125614180289856
0.225,0.25,0.005353266624853788,0.011590162225886902,18.998843701734337,0.00022639546122901546,0.00022819996769953525,0.00067670238315382,0.8517398598558229,0.00043009784748615894,0.000612739193643061
0.25,0.25,0.0066915832810672355,0.011590162225886902,19.191083614108976,0.00022610224882501067,0.000227448581827796,0.0006744742294200581,0.8489353664829952,0.00042370376139263627,0.0006128613362219264
0.275,0.25,0.008029899937280684,0.011590162225886902,19.420994026094384,0.00022529689507311477,0.00022559509158838795,0.0006689779040927416,0.8420173483400821,0.00041483479700575674,0.0006129125052675788
0.3,0.25,0.009368216593494127,0.011590162225886902,19.68225359896006,0.00022403677980654203,0.00022128484246924712,0.0006561963253733717,0.8259296555253554,0.00040362806557694086,0.0006128968608929759
0.325,0.25,0.010706533249707578,0.011590162225886902,19.97039460383268,0.00022238503721177315,0.00021329446380104466,0.0006325017195345426,0.7961061455763503,0.0003910839911165973,0.0006128446600572152
0.35,0.25,0.012044849905921022,0.011590162225886902,20.281749971897547,0.0002203715781462892,0.00020185744626481346,0.0005985864779989696,0.7534183055574405,0.00037891475583458985,0.000612798363642308
0.375,0.25,0.01338316656213447,0.011590162225886902,20.612316620155518,0.00021796645577847816,0.0001890722898092212,0.0005606734759520752,0.7056986346148968,0.0003682671757235617,0.0006127814661842132
0.4,0.25,0.01472148321834792,0.011590162225886902,20.95682390634837,0.00021509610605076112,0.0001777267367737444,0.0005270294625251581,0.6633521792238627,0.0003589828005431103,0.0006127942403841825
0.425,0.25,0.016059799874561364,0.011590162225886902,21.30814192712407,0.00021167400218132095,0.00016950657487078657,0.0005026534592955435,0.6326710199853298,0.00035022215848096313,0.0006128220113255863
0.45,0.25,0.01739811653077481,0.011590162225886902,21.65706455307317,0.00020760938015235218,0.00016434372148846078,0.00048734357462328233,0.6134010434789866,0.00034089492707165323,0.0006128391858112788
0.475,0.25,0.01873643318698826,0.011590162225886902,21.99245536333116,0.00020281700554278665,0.0001611880567921896,0.00047798579143896227,0.6016227534413081,0.000328959640629297,0.0006128406832404694
0.5,0.25,0.020074749843201706,0.011590162225886902,22.30173445711145,0.00019721918556703488,0.000159199098640494,0.00047208775063372526,0.5941991111224151,0.0003154332617637856,0.0006128561491591061
0.525,0.25,0.021413066499415153,0.011590162225886902,22.57169142037987,0.00019069482429364047,0.0001581619744931874,0.00046901227087277797,0.5903281203208602,0.0003059416002836973,0.0006129062416463731
0.55,0.25,0.022751383155628604,0.011590162225886902,22.789613519332995,0.0001830124871607869,0.0001579661911278339,0.0004684316964263739,0.5895973730825966,0.0002973318582558367,0.0006129049774734798
0.575,0.25,0.024089699811842044,0.011590162225886902,22.94469301816379,0.00017388084869131615,0.000158334988437412,0.00046952532505747344,0.5909738823430573,0.0002880320854819939,0.0006126009072862902
0.6,0.25,0.02542801646805549,0.011590162225886902,23.029597032372266,0.0001632948110752897,0.00015863836138805962,0.00047042494481096074,0.5921061999199331,0.00027772273303263003,0.0006118661126210573
0.625,0.25,0.026766333124268942,0.011590162225886902,23.041937865937427,0.0001519050204595858,0.000158595264929199,0.00047029714691199315,0.5919453455070237,0.00026725936903503836,0.0006111228097500889
0.65,0.25,0.028104649780482393,0.011590162225886902,22.985211312479308,0.0001408539360713448,0.00015828362345720497,0.00046937300775056433,0.5907821662727876,0.000258624374379473,0.0006111388204775104
0.675,0.25,0.029442966436695837,0.011590162225886902,22.868693795819674,0.00013108785375378344,0.00015787582790265754,0.0004681637340316253,0.5892600988860938,0.00025412548617630577,0.0006120185311530583
0.7,0.25,0.03078128309290928,0.011590162225886902,22.70597570539679,0.00012287930910745662,0.00015757393818300886,0.000467268512639636,0.5881333173615493,0.0002542639479634772,0.0006125691029028251
0.725,0.25,0.032119599749122735,0.011590162225886902,22.51232937851489,0.00011640514693118667,0.00015782307678801488,0.0004680073062926008,0.5890632091693865,0.0002572238031581347,0.0006113329214043008
0.75,0.25,0.03345791640533618,0.011590162225886902,22.301734457296362,0.00011261507677197153,0.000159199098640494,0.00047208775063372526,0.5941991111224151,0.0002598460770340699,0.0006085194186037232
0.775,0.25,0.03479623306154963,0.011590162225886902,22.084617692506207,0.00011326732864294563,0.00016226878650420573,0.00048119057879734343,0.6056564988564987,0.0002628906726554604,0.000607112518670553
0.8,0.25,0.03613454971776308,0.011590162225886902,21.866937294894733,0.00011988898588949095,0.00016722848947222805,0.0004958980428343886,0.6241682311476793,0.0002716229468969425,0.0006106539573625753
0.825,0.25,0.03747286637397652,0.011590162225886902,21.65049968832063,0.00013240719058709097,0.00017362493139818727,0.0005148660012378745,0.6480424875926486,0.00028835720848822884,0.0006191020878400463
0.85,0.25,0.03881118303018997,0.011590162225886902,21.43394095602524,0.00014853116686404204,0.00018047837766482707,0.0005351891567063196,0.6736224796562894,0.00031192073463113623,0.0006276726456877102
0.875,0.25,0.04014949968640342,0.011590162225886902,21.21384547799977,0.00016449392296594758,0.00018672656968912962,0.0005537174960214914,0.696943404075257,0.00033786967796096593,0.000630975120170021
0.9,0.25,0.04148781634261686,0.011590162225886902,20.985776311021397,0.0001772248927403597,0.00019177585108130958,0.0005686905952105381,0.7157894813499505,0.0003616445171835227,0.0006279744077583142
0.925,0.25,0.04282613299883031,0.011590162225886902,20.745271792438885,0.00018583795959088416,0.00019573433091204192,0.0005804290400583914,0.7305642207605596,0.00038089875978952043,0.0006218322380758528
0.95,0.25,0.04416444965504376,0.011590162225886902,20.488998169237234,0.00019153732172207458,0.00019922525193153827,0.0005907809896976015,0.743593830755196,0.00039576113753217717,0.0006163094638776921
0.975,0.25,0.0455027663112572,0.011590162225886902,20.216214411109455,0.0001961368521437614,0.0002028855971331536,0.0006016353484692912,0.7572558042448361,0.00040729466269470184,0.0006130548477930645
0.0,0.275,-0.00736074160917396,0.012749178448475593,19.719339308333552,0.0002116067768162799,0.00021589516970877543,0.0006402138323073228,0.8058130921097233,0.00044360439693103915,0.0006149991143000258
0.025,0.275,-0.006022424952960513,0.012749178448475593,19.325902692472667,0.00021673894304489574,0.00022065694913464217,0.0006543343754345663,0.8235860891076555,0.00045430361574557386,0.0006167959204107264
0.05,0.275,-0.0046841082967470655,0.012749178448475593,18.930937020840865,0.0002216028756567091,0.00022532969170209984,0.0006681908893646046,0.8410267624770271,0.00046269157658101735,0.0006182400049358709
0.075,0.275,-0.003345791640533619,0.012749178448475593,18.560917273409963,0.00022578981523542154,0.00022945431158390237,0.0006804220046086454,0.8564216076012413,0.00046914478591098636,0.0006191157812598252
0.1,0.275,-0.002007474984320171,0.012749178448475593,18.246823483768488,0.00022910192248822887,0.00023271230340665184,0.00069008322784621,0.8685818262309555,0.00047403521785975013,0.0006195152532062221
0.125,0.275,-0.0006691583281067245,0.012749178448475593,18.016945332372146,0.00023150095196406987,0.00023498935683038524,0.0006968355840973633,0.8770807632972767,0.00047759079783065984,0.0006195834829614675
0.15,0.275,0.0006691583281067219,0.012749178448475593,17.89001676005651,0.00023307036070707027,0.00023635157743172411,0.0007008751023172825,0.8821651530795083,0.0004798863065276517,0.0006194710686731218
0.175,0.275,0.002007474984320169,0.012749178448475593,17.871803853276873,0.00023395928659136322,0.0002369677472079659,0.0007027022873086458,0.8844649621642956,0.0004808724375630263,0.0006193114608519273
0.2,0.275,0.003345791640533618,0.012749178448475593,17.9560998714154,0.00023430415616213727,0.00023703399768051984,0.0007028987459370771,0.8847122372571772,0.00048040256354421216,0.0006191774554024777
0.225,0.275,0.004684108296747064,0.012749178448475593,18.12876993352888,0.00023420494326041428,0.00023671897664095964,0.0007019645850326607,0.88353644403165,0.0004782758993469681,0.0006190998666640178
0.25,0.275,0.006022424952960511,0.012749178448475593,18.372581271987116,0.0002337221203550493,0.0002360877903546419,0.0007000928702008356,0.8811805869100616,0.00047422178165424175,0.00061908592168857
0.275,0.275,0.00736074160917396,0.012749178448475593,18.671028803057414,0.00023286561512789061,0.00023489753332369063,0.0006965632913953257,0.876738038705718,0.0004678246986134038,0.0006191211783756448
0.3,0.275,0.008699058265387404,0.012749178448475593,19.010392055539803,0.00023160932179575283,0.00023234465089643104,0.0006889929939940891,0.8672095898512229,0.0004584375123941338,0.0006191849498686279
0.325,0.275,0.010037374921600855,0.012749178448475593,19.380135904593644,0.0002299188817674483,0.00022725175481426988,0.0006738905601475999,0.8482007239034778,0.00044513371669388014,0.0006192584748949449
0.35,0.275,0.011375691577814298,0.012749178448475593,19.77221476593538,0.0002277658527937629,0.0002189206130168692,0.0006491854580149105,0.8171053402428625,0.00042705467705654875,0.0006193210774080825
0.375,0.275,0.012714008234027746,0.012749178448475593,20.179901123457856,0.00022512811723164106,0.0002079687067734181,0.0006167087616782193,0.7762281430066504,0.0004048766460789302,0.0006193581856553266
0.4,0.275,0.014052324890241196,0.012749178448475593,20.596609526043746,0.00022197169059643145,0.00019617997750246056,0.0005817505569403646,0.7322275643985753,0.0003822407173109318,0.0006193701267502717
0.425,0.275,0.01539064154645464,0.012749178448475593,21.014987999514478,0.00021821752723133583,0.00018540962185830374,0.0005498122293179373,0.6920279916316323,0.00036300078781527855,0.000619352639624115
0.45,0.275,0.016728958202668086,0.012749178448475593,21.426388226992472,0.0002137339861360484,0.00017644411467253527,0.0005232259850692945,0.6585648850811647,0.00034767017230104773,0.0006192880102903046
0.475,0.275,0.018067274858881537,0.012749178448475593,21.82072677639998,0.00020837773940306003,0.00016904365578554331,0.0005012807226937401,0.6309432080107514,0.0003347188136051156,0.0006191632934045876
0.5,0.275,0.01940559151509498,0.012749178448475593,22.186703030263452,0.00020204161288811572,0.0001627968940263447,0.0004827566246754193,0.6076276219527461,0.0003224875898176332,0.0006189945625494052
0.525,0.275,0.02074390817130843,0.012749178448475593,22.5123293785932,0.00019468145186367063,0.00015782307678801488,0.0004680073062926008,0.5890632091693865,0.00030918609494686193,0.0006188907235913489
0.55,0.275,0.022082224827521882,0.012749178448475593,22.785739881683973,0.00018624070367703955,0.0001545396294287113,0.0004582705974078459,0.5768079795922313,0.0002947818911303884,0.0006189844509369355
0.575,0.275,0.02342054148373532,0.012749178448475593,22.996253585110495,0.00017649670946121073,0.00015292890688216223,0.0004534941734808956,0.5707960742887621,0.0002831918907461982,0.0006191158034400087
0.6,0.275,0.02475885813994877,0.012749178448475593,23.13564574456271,0.0001652224354710622,0.0001524706473198529,0.0004521352541916253,0.5690856536462279,0.000272274959727915,0.000618874479891086
0.625,0.275,0.02609717479616222,0.012749178448475593,23.19949184431926,0.00015267354818191098,0.00015225942983541847,0.00045150891153031205,0.5682972996757831,0.0002609518784347378,0.0006181976644141049
0.65,0.275,0.02743549145237567,0.012749178448475593,23.188295429357137,0.00013991209103355617,0.00015204946578742718,0.0004508862857995345,0.5675136240661252,0.00025129262014218377,0.0006177298117066886
0.675,0.275,0.028773808108589115,0.012749178448475593,23.107964128919598,0.0001285253692838119,0.00015202472596281618,0.0004508129225188915,0.5674212844617008,0.00024707566517147224,0.0006181284003137154
0.7,0.275,0.03011212476480256,0.012749178448475593,22.969208260626793,0.00011986367568458383,0.00015266955647188604,0.000452725097821179,0.569828067656995,0.00024805291959121103,0.0006190149843916125
0.725,0.275,0.03145044142101601,0.012749178448475593,22.785739881517024,0.00011481501283612369,0.00015453962942871128,0.00045827059740784584,0.5768079795922312,0.0002518005866286022,0.0006191177176701738
0.75,0.275,0.03278875807722945,0.012749178448475593,22.571691420347605,0.00011417456739630599,0.0001581619744931874,0.00046901227087277797,0.5903281203208602,0.00025601296962898156,0.0006177092087640724
0.775,0.275,0.034127074733442904,0.012749178448475593,22.339109487905624,0.00011871660963336398,0.00016377461088826998,0.0004856559385411673,0.6112768793621572,0.00026303887921280813,0.0006162730841190804
0.8,0.275,0.035465391389656355,0.012749178448475593,22.096326676390554,0.0001286459156239355,0.00017101960093911077,0.0005071401748570327,0.6383182802561528,0.00027505273114408383,0.0006175285520682407
0.825,0.275,0.03680370804586979,0.012749178448475593,21.847487577361832,0.000143047307711606,0.000179160784374849,0.0005312819759632898,0.6687046580831043,0.00029379203756827664,0.0006222482498124098
0.85,0.275,0.03814202470208324,0.012749178448475593,21.59295236457983,0.0001596996284661503,0.00018713027628937097,0.0005549146443876031,0.6984502097360062,0.0003187573673026231,0.0006273554858847112
0.875,0.275,0.03948034135829669,0.012749178448475593,21.330107881026127,0.00017546540309823266,0.00019405089313761776,0.0005754369869686034,0.7242809111329617,0.00034651387164723904,0.0006284962973879743
0.9,0.275,0.04081865801451014,0.012749178448475593,21.054274576785062,0.00018783276665927754,0.0001995200881386109,0.0005916552946590675,0.7446942855546599,0.0003729629473936153,0.0006246594803388632
0.925,0.275,0.04215697467072359,0.012749178448475593,20.759679990402937,0.0001961954539424731,0.00020377481235081912,0.0006042722202576483,0.7605747356737542,0.0003957150557808218,0.0006188499489574844
0.95,0.275,0.04349529132693703,0.012749178448475593,20.440699144583434,0.00020186875086457035,0.000207535458738464,0.0006154240113747653,0.7746110760793645,0.0004146254308104795,0.0006147794256440963
0.975,0.275,0.044833607983150475,0.012749178448475593,20.093655390700714,0.00020665922000324524,0.00021146951999435881,0.0006270900455735184,0.7892946749270733,0.00043041655827953597,0.00061380422197094
0.0,0.3,-0.008029899937280682,0.013908194671064283,19.64736121058044,0.00021986295771045332,0.00022331058986171384,0.0006622034607028334,0.8334906110222234,0.0004671183664207016,0.0006191965749533992
0.025,0.3,-0.006691583281067235,0.013908194671064283,19.17466751357727,0.00022518314466869632,0.00022817920591901102,0.0006766408163337153,0.8516623680129785,0.00048048166497915003,0.0006220112897656796
0.05,0.3,-0.005353266624853787,0.013908194671064283,18.678272890102235,0.00023019300405417958,0.00023297414927970822,0.0006908597035315594,0.869559146996901,0.0004910163487516846,0.000623946942135739
0.075,0.3,-0.004014949968640341,0.013908194671064283,18.186960225141302,0.00023437792569807936,0.00023716494272233238,0.0007032870493305876,0.8852009801465236,0.0004991109074538006,0.000624930449178842
0.1,0.3,-0.002676633312426893,0.013908194671064283,17.740709244112754,0.0002374631040744461,0.00024036424935194395,0.0007127742479595924,0.8971421605411197,0.0005052538145866898,0.0006252735352133332
0.125,0.3,-0.0013383166562134464,0.013908194671064283,17.381983541244992,0.0002394522086079718,0.00024245709995854438,0.0007189803706306357,0.9049535739270852,0.0005098491754906477,0.0006252849410815656
0.15,0.3,0.0,0.013908194671064283,17.144706179813113,0.0002405346141052689,0.0002435756188613678,0.0007222972177571865,0.9091283647613735,0.0005130686374351344,0.0006251258383640686
0.175,0.3,0.0013383166562134473,0.013908194671064283,17.04640484657169,0.00024097132476107015,0.00024398145587694909,0.0007235006836401331,0.9106431220431564,0.0005149175455680297,0.0006248725451720369
0.2,0.3,0.0026766333124268963,0.013908194671064283,17.086679154142914,0.0002410127253260434,0.00024394967198810907,0.0007234064319470204,0.9105244909789229,0.0005153488100782463,0.0006246017653562068
0.225,0.3,0.004014949968640342,0.013908194671064283,17.251163529780563,0.00024081244330551366,0.00024367914924168418,0.0007226042259298658,0.9095147844112553,0.0005142701680788762,0.0006243615229368103
0.25,0.3,0.005353266624853789,0.013908194671064283,17.51791526895392,0.00024040271440960297,0.00024324456021573726,0.0007213154990623055,0.9078927123321642,0.0005115541613392755,0.0006241540213145897
0.275,0.3,0.006691583281067238,0.013908194671064283,17.863331521218093,0.000239752601661883,0.00024253882691021152,0.0007192227230880815,0.9052586138579017,0.0005070681585777998,0.0006239731302203835
0.3,0.3,0.008029899937280682,0.013908194671064283,18.26605392195369,0.00023881060738567566,0.00024115734399606344,0.0007151260845577852,0.9001023288875245,0.0005006373937349217,0.0006238181581002508
0.325,0.3,0.009368216593494133,0.013908194671064283,18.70863168530734,0.00023750804842047552,0.00023831117036129726,0.0007066860637246019,0.8894791918326018,0.0004919503115675649,0.0006236901591813708
0.35,0.3,0.010706533249707577,0.013908194671064283,19.177476354586794,0.0002357654576525305,0.00023313286226764313,0.0006913303497733435,0.8701515317350047,0.00048043556276446104,0.0006235946978455932
0.375,0.3,0.012044849905921024,0.013908194671064283,19.661866731489177,0.000233496925318848,0.0002253136270497288,0.0006681432513712534,0.8409668023249856,0.00046512784033619225,0.0006235381686705144
0.4,0.3,0.013383166562134475,0.013908194671064283,20.15265906071675,0.00023060151841775944,0.00021547925193150504,0.0006389804730132255,0.8042607091146903,0.00044478099610675966,0.0006235195625230954
0.425,0.3,0.014721483218347918,0.013908194671064283,20.64113353025622,0.00022696399522339553,0.00020480404077776409,0.0006073242861117519,0.7644162562706369,0.00041900956330140007,0.0006235358892295713
0.45,0.3,0.016059799874561367,0.013908194671064283,21.118194015935963,0.000222469933096083,0.0001942521684433258,0.0005760338471715899,0.7250321566410326,0.0003904598452635404,0.0006235956036271128
0.475,0.3,0.01739811653077481,0.013908194671064283,21.57398393144969,0.00021700283158532485,0.00018405035599180922,0.0005457814730454053,0.6869546301833116,0.0003640372748315338,0.0006236891250866716
0.5,0.3,0.018736433186988262,0.013908194671064283,21.997889462519154,0.00021043882637254225,0.00017415961821793408,0.0005164515573131496,0.6500381674409365,0.0003422989664492737,0.0006237656818587664
0.525,0.3,0.020074749843201706,0.013908194671064283,22.378860264580098,0.0002027017645293805,0.00016499923845648902,0.0004892874394666224,0.6158477131087414,0.00032458760049594343,0.0006238485605386976
0.55,0.3,0.021413066499415156,0.013908194671064283,22.705975705685567,0.0001937776740380097,0.00015757393818300886,0.000467268512639636,0.5881333173615493,0.00030927562801060594,0.000624095178054261
0.575,0.3,0.0227513831556286,0.013908194671064283,22.96920826092032,0.000183588945551114,0.00015266955647188604,0.000452725097821179,0.569828067656995,0.0002941872412008912,0.0006245158287045075
0.6,0.3,0.024089699811842044,0.013908194671064283,23.160357691089494,0.0001719641789865738,0.00015015397470836663,0.000445265411513803,0.5604388408296844,0.00027748178151837144,0.0006247504216949343
0.625,0.3,0.025428016468055495,0.013908194671064283,23.27410902455301,0.00015889020752032036,0.00014924585468890334,0.00044257247957540046,0.5570493485965902,0.00026224414268569054,0.0006243836901419204
0.65,0.3,0.026766333124268946,0.013908194671064283,23.30907191839556,0.00014505059305711863,0.00014892602753654628,0.00044162406666202844,0.5558556169029671,0.0002508916912746908,0.0006236168722718367
0.675,0.3,0.02810464978048239,0.013908194671064283,23.268508794782328,0.00013207849125392745,0.00014907103819872998,0.00044205408013517507,0.5563968587021272,0.0002481038357873583,0.0006232240220126888
0.7,0.3,0.029442966436695833,0.013908194671064283,23.16035769089871,0.0001219931183760629,0.0001501539747083666,0.00044526541151380293,0.5604388408296843,0.00024873327836534483,0.000623577104933897
0.725,0.3,0.030781283092909284,0.013908194671064283,22.996253584983194,0.00011652414302454467,0.00015292890688216226,0.00045349417348089564,0.5707960742887622,0.0002499634230556195,0.0006239670316589246
0.75,0.3,0.03211959974912273,0.013908194671064283,22.78961351924501,0.00011683925957040414,0.0001579661911278339,0.0004684316964263739,0.5895973730825966,0.0002546167643740432,0.0006233014538357878
0.775,0.3,0.03345791640533618,0.013908194671064283,22.55330997639324,0.00012334004828227818,0.0001654165301834291,0.0004905248730602263,0.6174052242714552,0.000263814442113998,0.0006219147102077464
0.8,0.3,0.03479623306154963,0.013908194671064283,22.297671485622097,0.00013533850780432827,0.00017450273495815428,0.0005174690329865586,0.6513188258353063,0.0002782604617196692,0.0006216008231467265
0.825,0.3,0.036134549717763066,0.013908194671064283,22.029324237462383,0.00015108319300264614,0.0001841622234413091,0.0005461132038972413,0.6873721673403935,0.00029889966901332313,0.0006235196977956445
0.85,0.3,0.03747286637397652,0.013908194671064283,21.750916878384032,0.00016811880180995454,0.00019316004435196755,0.0005727952710106375,0.7209558825297959,0.00032529329045016017,0.0006260424551782902
0.875,0.3,0.03881118303018997,0.013908194671064283,21.46143130503282,0.00018369968499268893,0.00020067737829011274,0.0005950871137404483,0.749013787267958,0.0003547037331568316,0.0006260380658253485
0.9,0.3,0.04014949968640341,0.013908194671064283,21.156757053883872,0.00019581035803885273,0.00020648481703796875,0.0006123084467682794,0.7706896319890798,0.0003835080603955619,0.0006225548132940575
0.925,0.3,0.04148781634261686,0.013908194671064283,20.830409111766798,0.00020407529948969833,0.0002109347180258557,0.0006255041480370302,0.7872985652943882,0.0004092973244786661,0.0006180285526981935
0.95,0.3,0.042826132998830306,0.013908194671064283,20.47454071092131,0.0002098077111413446,0.00021480839468929498,0.0006369911182418994,0.8017567830220469,0.00043160184486678243,0.0006156675056365262
0.975,0.3,0.04416444965504375,0.013908194671064283,20.081637814025775,0.0002147391246063495,0.00021881483540022855,0.0006488717859053715,0.8167105329460798,0.0004508045951266259,0.0006164860449639891
0.0,0.325,-0.008699058265387407,0.015067210893652974,19.690594202833985,0.0002263258882051646,0.00022955625117089464,0.0006807242954553566,0.8568020897301997,0.00048663080338956895,0.0006238969325667895
0.025,0.325,-0.00736074160917396,0.015067210893652974,19.174680528865515,0.00023160846551745418,0.0002343209857970547,0.0006948536019102261,0.8745861167992974,0.000501277814308678,0.0006265950682383317
0.05,0.325,-0.006022424952960513,0.015067210893652974,18.608662681934902,0.00023665904779086888,0.00023913624737693676,0.0007091327405948801,0.8925587320654749,0.0005127036476289089,0.0006281626062515851
0.075,0.325,-0.004684108296747066,0.015067210893652974,18.016553034074235,0.00024097297015284388,0.00024344659672734644,0.0007219146165392635,0.9086467989861567,0.0005214228553230296,0.0006287294038246247
0.1,0.325,-0.003345791640533618,0.015067210893652974,17.44177481285711,0.0002441437922830518,0.00024675071824976593,0.000731712632424152,0.9209791933805225,0.0005280081495259867,0.0006287120769590431
0.125,0.325,-0.002007474984320172,0.015067210893652974,16.939704443337604,0.0002460420294116838,0.0002488253610250166,0.0007378647617358156,0.9287226473540549,0.0005329384721445758,0.000628490097315021
0.15,0.325,-0.0006691583281067254,0.015067210893652974,16.562902355528205,0.00024688354167239567,0.00024980060955506495,0.0007407567560296969,0.9323626918934198,0.0005364988045670953,0.0006282964648423377
0.175,0.325,0.0006691583281067219,0.015067210893652974,16.346771628943557,0.0002470499927568846,0.00025002323352758636,0.0007414169234007579,0.9331936197549242,0.0005387541847019647,0.0006281772071569052
0.2,0.325,0.002007474984320171,0.015067210893652974,16.30288564984484,0.0002468823038220355,0.00024986463014576644,0.0007409466021840823,0.93260164411371,0.0005396266545334647,0.0006280671456240538
0.225,0.325,0.0033457916405336165,0.015067210893652974,16.421284389228305,0.00024662336141315403,0.0002496025364854955,0.0007401693917124823,0.9316233984999237,0.000539054684164833,0.0006279581291084627
0.25,0.325,0.004684108296747064,0.015067210893652974,16.678073152017213,0.000246390758428772,0.00024936350376353187,0.000739460565965331,0.9307312261689691,0.0005370153930980494,0.0006279002360945298
0.275,0.325,0.006022424952960513,0.015067210893652974,17.043760013354508,0.0002461463220200947,0.00024909326807003815,0.000738659211172673,0.9297225910055872,0.0005334536050997823,0.0006278994341402033
0.3,0.325,0.007360741609173957,0.015067210893652974,17.489491335417412,0.00024575216361252664,0.00024853481374407263,0.0007370031751220412,0.9276382006608872,0.0005282905396489345,0.0006279272411282569
0.325,0.325,0.008699058265387407,0.015067210893652974,17.99038525094681,0.00024506108784451864,0.00024720119100101444,0.0007330484607653597,0.9226605503144659,0.000521442463583604,0.0006279658728845312
0.35,0.325,0.010037374921600851,0.015067210893652974,18.52643111359685,0.00024393966071230188,0.0002444070959760744,0.0007247628734307257,0.9122317929007061,0.0005127655594395754,0.000628002741485841
0.375,0.325,0.011375691577814298,0.015067210893652974,19.08187179514679,0.00024225268486744548,0.00023954112716799918,0.0007103333679317933,0.8940699165760354,0.0005019762033833218,0.0006280242543470749
0.4,0.325,0.01271400823402775,0.015067210893652974,19.643932256454693,0.0002398667863576882,0.00023245641503139383,0.0006893244184778122,0.8676267413942741,0.000488587968727022,0.0006280267990798599
0.425,0.325,0.014052324890241193,0.015067210893652974,20.201504098728552,0.0002366594803283496,0.00022357308719850533,0.0006629818682336013,0.8344703633294003,0.000471888033419325,0.0006280258021126219
0.45,0.325,0.01539064154645464,0.015067210893652974,20.744125377660374,0.00023250983812148993,0.00021348717007911144,0.0006330731692105924,0.7968254078090692,0.0004511002875788628,0.0006280469084432055
0.475,0.325,0.016728958202668086,0.015067210893652974,21.261384408889967,0.00022728360471599803,0.0002025323807839055,0.0006005879234949817,0.7559374497908885,0.0004260432019222349,0.0006280902075596554
0.5,0.325,0.018067274858881537,0.015067210893652974,21.742738839694614,0.00022084406719316457,0.00019072354357179381,0.00056557009082713,0.7118618197480859,0.0003981551383265813,0.0006281124770195401
0.525,0.325,0.01940559151509498,0.015067210893652974,22.17766732783928,0.00021309002741466912,0.00017845930918552382,0.0005292018269732399,0.666086452719312,0.00037043185767146353,0.0006280909417715662
0.55,0.325,0.02074390817130843,0.015067210893652974,22.556049908485267,0.00020398047614476428,0.00016697125525755595,0.0004951352425244144,0.6232081230628113,0.0003455420055653106,0.0006281142721709269
0.575,0.325,0.022082224827521875,0.015067210893652974,22.868693796314204,0.00019352040946087756,0.00015787582790265754,0.0004681637340316253,0.5892600988860938,0.00032428941646028755,0.0006283191499290232
0.6,0.325,0.02342054148373532,0.015067210893652974,23.107964129363566,0.00018168675517567457,0.00015202472596281618,0.0004508129225188915,0.5674212844617008,0.0003055118540084451,0.0006286182302511021
0.625,0.325,0.02475885813994877,0.015067210893652974,23.268508795082607,0.00016842498035253708,0.00014907103819872998,0.00044205408013517507,0.5563968587021272,0.0002865326342728747,0.000628584545597838
0.65,0.325,0.02609717479616222,0.015067210893652974,23.34804079831796,0.00015410195724923351,0.00014802751041756245,0.00043895961108891704,0.5525019668007507,0.00026592493340328225,0.000628009554920052
0.675,0.325,0.027435491452375664,0.015067210893652974,23.34804079825458,0.0001400516736953607,0.00014802751041756245,0.00043895961108891704,0.5525019668007507,0.0002587389150467935,0.000627376845150565
0.7,0.325,0.028773808108589108,0.015067210893652974,23.274109024566272,0.00012845380738899802,0.00014924585468890334,0.00044257247957540046,0.5570493485965902,0.00025584063086207576,0.0006273364507120612
0.725,0.325,0.03011212476480256,0.015067210893652974,23.135645744593777,0.0001216477060629615,0.0001524706473198529,0.0004521352541916253,0.5690856536462279,0.0002533979298484899,0.0006276569805105439
0.75,0.325,0.031450441421016,0.015067210893652974,22.94469301816565,0.00012137756300338703,0.000158334988437412,0.00046952532505747344,0.5909738823430573,0.000256761528182719,0.0006272231868127327
0.775,0.325,0.03278875807722945,0.015067210893652974,22.7141154228849,0.00012816010030732415,0.0001670294638166115,0.0004953078537260281,0.6234253822957209,0.0002663217598502494,0.0006257012664866921
0.8,0.325,0.034127074733442904,0.015067210893652974,22.455622630961827,0.00014093144042047029,0.00017758234264183067,0.000526601277306008,0.6628132385793042,0.00028204508777697284,0.0006242143497765314
0.825,0.325,0.03546539138965634,0.015067210893652974,22.17818514530781,0.00015735721402617672,0.00018857870301430336,0.0005592097975660469,0.7038563576340187,0.0003041511067484761,0.0006241422809601115
0.85,0.325,0.03680370804586979,0.015067210893652974,21.887129549675443,0.00017462507110003924,0.00019859733752007245,0.0005889189772576391,0.7412501856696387,0.0003319320883480572,0.0006249917704734644
0.875,0.325,0.03814202470208324,0.015067210893652974,21.583851926088194,0.00019009834300523894,0.00020674356399957297,0.0006130757329660668,0.771655386292363,0.00036292410207057664,0.0006247246156138828
0.9,0.325,0.039480341358296686,0.015067210893652974,21.265909981343896,0.00020209007394091297,0.00021288749134084739,0.0006312948866130933,0.7945871503297339,0.000393819988005385,0.0006224391239148444
0.925,0.325,0.04081865801451014,0.015067210893652974,20.92731382475779,0.00021039132577250968,0.00021748047536308457,0.000644914885182627,0.8117301307028565,0.0004221430316517844,0.0006197292170102906
0.95,0.325,0.04215697467072358,0.015067210893652974,20.559060422705556,0.0002162341414164202,0.0002213416111401475,0.0006563646667420146,0.8261415404799605,0.00044703890332829647,0.0006189778455960088
0.975,0.325,0.043495291326937024,0.015067210893652974,20.150268890568167,0.00022122441686083443,0.0002252234123697443,0.0006678757294712443,0.8406300825626579,0.00046853079464922364,0.000620813157491108
0.0,0.35,-0.00936821659349413,0.01622622711624166,19.808268214507102,0.0002317069999077187,0.0002348810599301586,0.0006965144413241616,0.8766765529568821,0.000502413315677553,0.0006285695961074488
0.025,0.35,-0.008029899937280682,0.01622622711624166,19.29177590868059,0.0002366933247511539,0.00023927858831951414,0.0007095548373025768,0.8930900093294675,0.0005172592492932259,0.0006304138318689722
0.05,0.35,-0.006691583281067235,0.01622622711624166,18.702047168786084,0.0002415846582133826,0.00024391539140949058,0.0007233047765897437,0.9103965412008285,0.0005286708236660975,0.0006311550781956226
0.075,0.35,-0.005353266624853788,0.01622622711624166,18.04992681017837,0.00024595505936556494,0.000248277703724944,0.0007362407431005515,0.9266785561268946,0.0005373413546575175,0.0006311218787484337
0.1,0.35,-0.00401494996864034,0.01622622711624166,17.372349503577396,0.0002493519865714467,0.00025178510587944034,0.0007466415657674134,0.9397696807648356,0.0005439512787364852,0.0006307476999506212
0.125,0.35,-0.0026766333124268937,0.01622622711624166,16.731097850198985,0.00025147257520140434,0.0002540499120845227,0.0007533576042130399,0.9482229059741282,0.0005489678924947949,0.0006303074916517971
0.15,0.35,-0.0013383166562134473,0.01622622711624166,16.197691022472213,0.0002523492227785927,0.00025506818743763427,0.0007563771899084449,0.9520235450158296,0.0005526197569040972,0.0006299341966660618
0.175,0.35,0.0,0.01622622711624166,15.8315070638767,0.00025237674279940495,0.0002551946613618884,0.000756752234685236,0.9524955997825572,0.0005550190695849454,0.0006297036481954985
0.2,0.35,0.001338316656213449,0.01622622711624166,15.664104597293504,0.00025207400755290586,0.00025492056995813587,0.0007559394461998075,0.9514725734597522,0.0005561737236679441,0.0006296160663088998
0.225,0.35,0.0026766333124268946,0.01622622711624166,15.696575648685716,0.00025179687693905326,0.00025463179968694395,0.0007550831291167269,0.9503947593268449,0.0005559769406813975,0.0006295693046022454
0.25,0.35,0.004014949968640342,0.01622622711624166,15.907165228163905,0.00025168829007874376,0.0002545163353944635,0.0007547407322151044,0.9499637972137164,0.0005543388473967928,0.0006294944599250111
0.275,0.35,0.005353266624853791,0.01622622711624166,16.26235434530901,0.0002517532620411009,0.0002545703572173868,0.0007549009281024354,0.9501654297570937,0.0005512580559711979,0.0006294221752838868
0.3,0.35,0.006691583281067235,0.01622622711624166,16.726215831516505,0.0002518755429227418,0.00025461067643675796,0.00075502049039734,0.9503159183246551,0.0005467374973848625,0.0006293780863409919
0.325,0.35,0.008029899937280685,0.01622622711624166,17.26607889231566,0.0002518407276095821,0.0002542877518075504,0.0007540628922505624,0.9491106255229166,0.0005407393343957305,0.0006293450507670987
0.35,0.35,0.00936821659349413,0.01622622711624166,17.854780484382367,0.0002514198098265019,0.0002531035399572175,0.0007505512397759468,0.9446906405176154,0.0005332175832048017,0.0006293188509335995
0.375,0.35,0.010706533249707577,0.01622622711624166,18.470647870740514,0.00025042357813362485,0.0002504850939529528,0.000742786520660918,0.9349174803581496,0.0005241062210723041,0.0006293152729512912
0.4,0.35,0.012044849905921027,0.01622622711624166,19.096368912572224,0.0002486896029088903,0.0002459733688284517,0.000729407486585397,0.9180777929384288,0.0005132560589838334,0.0006293370576657212
0.425,0.35,0.013383166562134471,0.01622622711624166,19.71758835718768,0.0002460593288976104,0.00023942337543154317,0.0007099841878618591,0.8936304167438581,0.0005003944676023493,0.0006293660886011048
0.45,0.35,0.014721483218347918,0.01622622711624166,20.321712639841277,0.00024238119062692043,0.0002309951329850673,0.0006849911442307666,0.8621726119397654,0.00048514285290462517,0.0006293871291487131
0.475,0.35,0.016059799874561367,0.01622622711624166,20.897125366780095,0.00023752329801059424,0.00022084460500197933,0.0006548908486624988,0.8242865010479294,0.0004671101431224724,0.0006294119956919416
0.5,0.35,0.01739811653077481,0.01622622711624166,21.432830995559865,0.00023137526823747558,0.00020896599060334244,0.0006196660992764399,0.7799504327076492,0.00044610805266648973,0.0006294586457060123
0.525,0.35,0.018736433186988262,0.01622622711624166,21.918442797672334,0.00022383370890186426,0.00019546447985987675,0.0005796288258780933,0.729557021243092,0.0004225009336927128,0.0006294923913623357
0.55,0.35,0.020074749843201713,0.01622622711624166,22.344395475854007,0.0002148210118092958,0.00018128468105430375,0.000537580162413745,0.6766319486885479,0.00039752929095130047,0.0006294927457295414
0.575,0.35,0.02141306649941515,0.01622622711624166,22.702276185986825,0.00020434956717682584,0.00016826301432929395,0.0004989658146805709,0.6280295202865754,0.00037308427961390113,0.0006296090634863268
0.6,0.35,0.0227513831556286,0.01622622711624166,22.985211313205458,0.00019247149692268328,0.00015828362345720497,0.00046937300775056433,0.5907821662727876,0.00035069376792628155,0.0006299804766236974
0.625,0.35,0.02408969981184205,0.01622622711624166,23.188295429996934,0.00017917334539861897,0.00015204946578742718,0.0004508862857995345,0.5675136240661252,0.0003305996562351545,0.0006303101032775688
0.65,0.35,0.025428016468055502,0.01622622711624166,23.30907191886065,0.00016465679104748829,0.00014892602753654628,0.00044162406666202844,0.5558556169029671,0.0003119435271632546,0.0006301436672201865
0.675,0.35,0.026766333124268946,0.01622622711624166,23.348040798518625,0.00014992890030809315,0.00014802751041756245,0.00043895961108891704,0.5525019668007507,0.0002904730363604223,0.0006296310046267541
0.7,0.35,0.02810464978048239,0.01622622711624166,23.309071918707858,0.00013707069850503193,0.00014892602753654628,0.00044162406666202844,0.5558556169029671,0.000272367530105759,0.0006294773986627757
0.725,0.35,0.02944296643669584,0.01622622711624166,23.19949184461604,0.00012876720197450037,0.00015225942983541845,0.00045150891153031194,0.568297299675783,0.00026221898552999023,0.0006298470956018591
0.75,0.35,0.030781283092909284,0.01622622711624166,23.029597032594314,0.0001272958191513228,0.00015863836138805962,0.00047042494481096074,0.5921061999199331,0.0002621325732243055,0.0006297588119209122
0.775,0.35,0.032119599749122735,0.01622622711624166,22.81150675029783,0.00013349236603251176,0.00016826417890627144,0.0004989692681079486,0.6280338669858393,0.0002705705499871999,0.000628436877487396
0.8,0.35,0.033457916405336185,0.01622622711624166,22.557552242466883,0.00014625363229129232,0.00018010016767506067,0.0005340676157876789,0.6722108382484174,0.00028655269277035267,0.0006264704276074968
0.825,0.35,0.03479623306154962,0.01622622711624166,22.278609854074112,0.00016294032433071372,0.0001924087893844419,0.0005705675054591974,0.7181518777474694,0.00030967480692215075,0.0006253293954749221
0.85,0.35,0.03613454971776307,0.01622622711624166,21.982761153401256,0.00018039833412574572,0.00020354168280203714,0.0006035808997336591,0.7597045965093646,0.0003388178871498132,0.0006253604471917421
0.875,0.35,0.037472866373976524,0.01622622711624166,21.67443735169793,0.0001958812498906946,0.0002124366435267111,0.0006299579460633583,0.7929043935007131,0.00037140317075314597,0.0006253950006466886
0.9,0.35,0.03881118303018997,0.01622622711624166,21.353968348940178,0.00020783417214401324,0.00021897560332374496,0.0006493485258369104,0.817310587582483,0.00040414380670365227,0.0006245599829738453
0.925,0.35,0.04014949968640342,0.01622622711624166,21.01736742386798,0.00021615950605268403,0.0002236751204251958,0.0006632844367587346,0.8348511949617535,0.0004344173071715385,0.0006235999509997467
0.95,0.35,0.04148781634261686,0.01622622711624166,20.656280414245014,0.00022201743083167733,0.00022740886730340392,0.0006743564602828717,0.8487871348956687,0.00046102785700525434,0.0006239873732362827
0.975,0.35,0.042826132998830306,0.01622622711624166,20.25829789851734,0.00022688274797677443,0.00023096566956652622,0.0006849037736419641,0.8620626418629417,0.0004837045136964309,0.0006260177790277964
0.0,0.375,-0.010037374921600853,0.017385243338830354,19.947023695616267,0.0002363713298050915,0.00023951090895281212,0.000710243759074974,0.8939571292753711,0.0005149501483678485,0.0006313713329324482
0.025,0.375,-0.008699058265387406,0.017385243338830354,19.47113213565965,0.00024071308734084938,0.00024322184824089984,0.0007212481491513763,0.9078079415302219,0.0005296494723250243,0.0006326308272303588
0.05,0.375,-0.007360741609173958,0.017385243338830354,18.91093247016369,0.00024512296448578016,0.00024735125785825725,0.0007334934678394286,0.9232206639956618,0.0005408414423943447,0.0006328726666801109
0.075,0.375,-0.006022424952960512,0.017385243338830354,18.257777864383005,0.00024932605304329585,0.0002515280918491004,0.0007458794183903201,0.9388103945020482,0.0005493517581943425,0.000632546510384083
0.1,0.375,-0.004684108296747064,0.017385243338830354,17.52946598411428,0.00025286242891567725,0.0002551593426174645,0.0007566475007592735,0.9523637751257478,0.0005559150690450422,0.000632083748636067
0.125,0.375,-0.0033457916405336173,0.017385243338830354,16.780441706471308,0.0002552987778747425,0.0002577067407225302,0.0007642015349947613,0.9618717541446689,0.0005610162037424497,0.0006316908014245412
0.15,0.375,-0.002007474984320171,0.017385243338830354,16.094306229770833,0.000256474552067829,0.0002589746700602095,0.0007679614426456157,0.966604208611113,0.0005648508127722367,0.0006313886110112626
0.175,0.375,-0.0006691583281067236,0.017385243338830354,15.55756483274897,0.00025661378914627203,0.00025919633381900646,0.0007686187626064768,0.9674315525444014,0.000567445138852473,0.000631147425230761
0.2,0.375,0.0006691583281067254,0.017385243338830354,15.231145350789177,0.0002562352909465312,0.0002588800641908906,0.0007676808991474118,0.9662510990524764,0.0005688045417707848,0.0006309811601337039
0.225,0.375,0.002007474984320171,0.017385243338830354,15.136926728540448,0.0002558862406936206,0.0002585426063179037,0.0007666802042342342,0.964991561970405,0.0005689367951199116,0.0006309176029251284
0.25,0.375,0.003345791640533618,0.017385243338830354,15.261981865016452,0.0002558683124611601,0.00025849370679173743,0.000766535197965279,0.9648090480288661,0.0005677794248276264,0.0006309066935547826
0.275,0.375,0.004684108296747067,0.017385243338830354,15.572046858855172,0.00025619103822064243,0.0002587805381907244,0.0007673857655320255,0.965879625461625,0.0005652470551410311,0.0006308782611506746
0.3,0.375,0.006022424952960511,0.017385243338830354,16.025068202700297,0.00025670619065116986,0.00025924862576116723,0.0007687738287190474,0.96762672843306,0.0005613251429982284,0.000630840290775684
0.325,0.375,0.007360741609173962,0.017385243338830354,16.580331119377913,0.00025720027429135234,0.00025961010966857225,0.0007698457702450639,0.9689759409493328,0.0005560329009266208,0.000630826968113455
0.35,0.375,0.008699058265387406,0.017385243338830354,17.20278364397347,0.00025741339475655363,0.00025947346097049477,0.0007694405532742812,0.9684659095758699,0.0005493540719032461,0.0006308298210978842
0.375,0.375,0.010037374921600853,0.017385243338830354,17.863976124400047,0.0002570760326920856,0.0002583722612227984,0.0007661750642336532,0.9643557612343455,0.0005412432324621609,0.0006308267949982562
0.4,0.375,0.011375691577814304,0.017385243338830354,18.541228464109057,0.00025595772736975304,0.00025581977495648235,0.0007586059416049519,0.9548287910218937,0.0005316375556615755,0.0006308178933292443
0.425,0.375,0.012714008234027747,0.017385243338830354,19.21620539801004,0.00025388011871282,0.0002514267132096191,0.0007455787909729305,0.9384320060690668,0.0005204322038616566,0.0006308139585210064
0.45,0.375,0.014052324890241195,0.017385243338830354,19.87357508352112,0.0002506990248301819,0.00024500402062071835,0.0007265329890607404,0.9144597709249753,0.0005074568544464643,0.0006308161479802553
0.475,0.375,0.015390641546454642,0.017385243338830354,20.500040058358515,0.0002462913314945865,0.00023651540083693268,0.000701360902950116,0.8827766120801387,0.0004925040577553313,0.0006308310588663061
0.5,0.375,0.01672895820266809,0.017385243338830354,21.083788034417545,0.00024055291904762606,0.00022584597978431327,0.0006697218859688099,0.8429537703693712,0.0004753930169113426,0.0006308855585879619
0.525,0.375,0.018067274858881537,0.017385243338830354,21.614286479771074,0.00023338771173748318,0.00021287005649354813,0.0006312431854545161,0.7945220760243124,0.00045605326198997886,0.0006309633774303286
0.55,0.375,0.019405591515094987,0.017385243338830354,22.08230409062008,0.00022471697611508245,0.00019797467037081188,0.0005870725250076063,0.7389261256104089,0.0004347569213938718,0.0006310005917510225
0.575,0.375,0.020743908171308428,0.017385243338830354,22.480051854964238,0.00021452364548038504,0.00018258892216616333,0.0005414477487131639,0.6814999342234808,0.0004123640925512026,0.0006310560420764048
0.6,0.375,0.022082224827521875,0.017385243338830354,22.80137104030038,0.0002028480950247603,0.0001688584292006673,0.000500731453240845,0.630251863191406,0.0003901160867089496,0.0006313210874120477
0.625,0.375,0.023420541483735326,0.017385243338830354,23.041937866937097,0.00018973206183264265,0.00015859526492919898,0.00047029714691199304,0.5919453455070236,0.00036889375439738106,0.0006317025537403605
0.65,0.375,0.024758858139948776,0.017385243338830354,23.199491845206545,0.00017533753934984405,0.00015225942983541845,0.00045150891153031194,0.568297299675783,0.0003486262331208011,0.0006317715237723083
0.675,0.375,0.02609717479616222,0.017385243338830354,23.27410902524147,0.0001603935491573916,0.00014924585468890334,0.00044257247957540046,0.5570493485965902,0.00032652661971872235,0.0006314049732080101
0.7,0.375,0.027435491452375664,0.017385243338830354,23.26850879548137,0.00014670964298972542,0.00014907103819872998,0.00044205408013517507,0.5563968587021272,0.0002990705366099955,0.0006311603771646751
0.725,0.375,0.028773808108589115,0.017385243338830354,23.188295430014062,0.00013706296093010637,0.00015204946578742718,0.0004508862857995345,0.5675136240661252,0.00027845619664525076,0.0006314622537571719
0.75,0.375,0.03011212476480256,0.017385243338830354,23.041937866487356,0.00013414871249536848,0.00015859526492919898,0.00047029714691199304,0.5919453455070236,0.00027062188421303674,0.0006315059474928473
0.775,0.375,0.03145044142101601,0.017385243338830354,22.840278641410592,0.00013923228209602307,0.0001688778328304424,0.0005007889926114373,0.6303242858348969,0.00027596728988647876,0.0006301717785143345
0.8,0.375,0.03278875807722946,0.017385243338830354,22.5955012620802,0.00015143243034839156,0.00018183860242210122,0.0005392227564660014,0.6786994200950301,0.00029110667471615785,0.0006275219647353435
0.825,0.375,0.0341270747334429,0.017385243338830354,22.31971443880971,0.00016805322771635845,0.00019546152735631586,0.0005796200705473365,0.7295460012372851,0.00031453831021405676,0.0006250766387583093
0.85,0.375,0.03546539138965635,0.017385243338830354,22.023467501702292,0.00018568760919545317,0.0002078331910872428,0.0006163069045319891,0.7757223405180926,0.0003446460722552251,0.0006239799335539662
0.875,0.375,0.0368037080458698,0.017385243338830354,21.714478441645817,0.0002013438160661408,0.00021765840619220842,0.0006454425198589963,0.8123942446420027,0.00037858379876083936,0.0006239730431250977
0.9,0.375,0.03814202470208324,0.017385243338830354,21.39667818665579,0.0002133996734972624,0.00022473486742124527,0.0006664270021367938,0.8388066239085546,0.00041290955932823383,0.0006243550994630591
0.925,0.375,0.03948034135829669,0.017385243338830354,21.06949781268563,0.00022177323370974086,0.00022959872160502407,0.0006808502369455273,0.8569606075511182,0.0004447796924316199,0.000625116277671079
0.95,0.375,0.04081865801451014,0.017385243338830354,20.727269613033574,0.00022755738970028642,0.00023316252027986154,0.0006914182974087008,0.8702622281186422,0.0004726736485772024,0.0006267639171152925
0.975,0.375,0.04215697467072358,0.017385243338830354,20.358736186103087,0.00023211146519137843,0.00023625791527112644,0.0007005973572854723,0.881815565845358,0.0004960736071039914,0.0006291559428373385
0.0,0.4,-0.010706533249707578,0.018544259561419044,20.049686590380524,0.00024085969837402856,0.00024382800791218487,0.0007230456502565054,0.910070388622898,0.0005245147965830038,0.0006331559940303585
0.025,0.4,-0.009368216593494131,0.018544259561419044,19.64435829752355,0.00024423616917244363,0.0002465689415123521,0.0007311735931216933,0.9203007248670924,0.0005387927350025962,0.0006337047980709464
0.05,0.4,-0.008029899937280684,0.018544259561419044,19.162141712134115,0.0002477485686168882,0.0002497873126470497,0.000740717325483614,0.932313062146827,0.0005496903500800831,0.0006335274704579127
0.075,0.4,-0.006691583281067237,0.018544259561419044,18.57500505869293,0.00025138291166472177,0.0002533539417231268,0.0007512937791962846,0.9456252469820827,0.0005581111386532063,0.0006330681196978537
0.1,0.4,-0.005353266624853789,0.018544259561419044,17.87191235984151,0.0002547789854849987,0.00025679939662161266,0.0007615109039590904,0.9584851579713772,0.0005647401095412519,0.0006326415079925097
0.125,0.4,-0.004014949968640343,0.018544259561419044,17.080794284589878,0.00025740144677419705,0.00025950596646743325,0.0007695369448183538,0.9685872339900932,0.0005699991075880624,0.0006323669817173824
0.15,0.4,-0.0026766333124268963,0.018544259561419044,16.27902955285216,0.00025889822757495706,0.0002610766939065728,0.0007741947675694522,0.9744498604504348,0.000574064042908047,0.000632211400803286
0.175,0.4,-0.001338316656213449,0.018544259561419044,15.57432827550797,0.0002593382592658811,0.0002615722118783366,0.0007756641726520578,0.9762993454090912,0.000576958910336532,0.0006321040120012388
0.2,0.4,0.0,0.018544259561419044,15.064383174376182,0.00025913072405972005,0.0002614147241135886,0.0007751971596774422,0.9757115337278377,0.0005786519585405023,0.0006320085469417517
0.225,0.4,0.0013383166562134455,0.018544259561419044,14.804774843499851,0.00025880345566810903,0.0002611309302063213,0.0007743555994646679,0.974652293513036,0.0005791183388823866,0.0006319253164054392
0.25,0.4,0.002676633312426893,0.018544259561419044,14.802373629503421,0.0002587895411403808,0.00026113092065801786,0.0007743555711502042,0.9746522578746846,0.0005783571507992139,0.0006318822991617786
0.275,0.4,0.004014949968640342,0.018544259561419044,15.028452884748264,0.0002592570232722728,0.0002615735314911255,0.000775668085821407,0.9763042707682978,0.0005763427165577733,0.0006318733157901999
0.3,0.4,0.005353266624853786,0.018544259561419044,15.437189357842485,0.00026008812309363387,0.0002623563580864629,0.0007779894736287817,0.9792261143659358,0.000573021294510197,0.0006318573516932015
0.325,0.4,0.006691583281067236,0.018544259561419044,15.979970896609503,0.0002610082763567131,0.0002632033349754998,0.0007805010922107884,0.982387394290915,0.0005683672215022211,0.0006318254268968084
0.35,0.4,0.00802989993728068,0.018544259561419044,16.613097866345107,0.0002617135776497029,0.00026375765961944174,0.0007821448821349409,0.9844563708964129,0.0005623894970623154,0.0006318028767156846
0.375,0.4,0.009368216593494127,0.018544259561419044,17.300370675464976,0.00026191626533022297,0.0002636247309811056,0.0007817506965999548,0.9839602243766364,0.0005550842187064517,0.000631801956878275
0.4,0.4,0.010706533249707578,0.018544259561419044,18.012847396513994,0.0002613564727673232,0.0002623972348730961,0.0007781106893292449,0.9793786840129403,0.0005464145465302423,0.0006318159187196083
0.425,0.4,0.012044849905921022,0.018544259561419044,18.72750200318299,0.00025981947230602513,0.00025966997322274146,0.0007700232891561257,0.9691993773316977,0.0005363124766632585,0.0006318402846249013
0.45,0.4,0.01338316656213447,0.018544259561419044,19.425758871676557,0.0002571420138106536,0.00025509477509485286,0.0007564560327373185,0.9521227815216957,0.0005246683075408963,0.0006318696986496108
0.475,0.4,0.014721483218347917,0.018544259561419044,20.09231822902406,0.00025320598296068713,0.00024844615242383455,0.0007367402595427644,0.9273072787013642,0.0005113440844892326,0.0006318974986731663
0.5,0.4,0.016059799874561364,0.018544259561419044,20.71436360358945,0.0002479225272389538,0.00023956426277075974,0.0007104019740656223,0.894156268538534,0.0004962103781739611,0.0006319373144526939
0.525,0.4,0.01739811653077481,0.018544259561419044,21.28109671809234,0.00024122065904192357,0.0002281956318311009,0.0006766895256037855,0.8517236765407686,0.00047917921541512296,0.0006320128956396277
0.55,0.4,0.018736433186988262,0.018544259561419044,21.783505967668976,0.0002330378746704511,0.00021428123791287552,0.0006354278916976765,0.7997892085153724,0.0004602734900328939,0.0006320868354796577
0.575,0.4,0.020074749843201702,0.018544259561419044,22.21428341142058,0.00022332332086060516,0.0001985304962073684,0.0005887207665564899,0.7410007053086682,0.00043981184219826964,0.0006321176761016104
0.6,0.4,0.02141306649941515,0.018544259561419044,22.56782613550194,0.00021207178736734562,0.00018269991537494973,0.000541776887098488,0.6819142083403866,0.0004185368262285846,0.0006322379419690804
0.625,0.4,0.0227513831556286,0.018544259561419044,22.840278642404407,0.00019934930005838822,0.0001688778328304424,0.0005007889926114373,0.6303242858348969,0.0003972760778767617,0.0006325511267306621
0.65,0.4,0.02408969981184205,0.018544259561419044,23.029597033695694,0.00018532445393756639,0.00015863836138805962,0.00047042494481096074,0.5921061999199331,0.00037631326979607407,0.0006328061906415793
0.675,0.4,0.025428016468055495,0.018544259561419044,23.13564574575207,0.00017054180042553498,0.0001524706473198529,0.0004521352541916253,0.5690856536462279,0.000354641335382199,0.0006326691056556783
0.7,0.4,0.02676633312426894,0.018544259561419044,23.160357692056845,0.00015650462676246316,0.0001501539747083666,0.00044526541151380293,0.5604388408296843,0.0003257312785573355,0.0006324204187930806
0.725,0.4,0.02810464978048239,0.018544259561419044,23.10796413001554,0.00014586205342896207,0.00015202472596281618,0.0004508129225188915,0.5674212844617008,0.00030241924482172426,0.0006326232396548576
0.75,0.4,0.029442966436695833,0.018544259561419044,22.98521131344726,0.00014152543737758688,0.00015828362345720497,0.00046937300775056433,0.5907821662727876,0.00028492648137936325,0.0006327615408388812
0.775,0.4,0.030781283092909284,0.018544259561419044,22.801371040041687,0.00014520645814803851,0.0001688584292006673,0.000500731453240845,0.630251863191406,0.0002833164706843784,0.000631648178248289
0.8,0.4,0.032119599749122735,0.018544259561419044,22.567826134661722,0.000156445548106254,0.00018269991537494976,0.0005417768870984881,0.6819142083403867,0.00029601767417053595,0.0006289392106399077
0.825,0.4,0.03345791640533617,0.018544259561419044,22.29713893986388,0.0001727273328911425,0.0001975733819916898,0.000585882547615316,0.7374283457849304,0.0003191237972910119,0.0006259950868497616
0.85,0.4,0.03479623306154962,0.018544259561419044,22.001726868488575,0.00019052690217150468,0.00021127846966823344,0.0006265235064442861,0.7885815934151,0.00034998302419508517,0.0006243811260549985
0.875,0.4,0.03613454971776307,0.018544259561419044,21.69241417979671,0.00020655788086051057,0.00022225306479562433,0.0006590674842183409,0.8295434752681505,0.00038519419700254335,0.00062445542363138
0.9,0.4,0.03747286637397652,0.018544259561419044,21.377099758036323,0.0002189507410266532,0.00023009106259766038,0.0006823102210393024,0.8587982346651652,0.0004208957124064709,0.0006256525897414408
0.925,0.4,0.03881118303018997,0.018544259561419044,21.05961901076529,0.00022750265379653926,0.0002352950634540241,0.0006977421241063203,0.8782217911396557,0.0004539057040901151,0.0006274226338300131
0.95,0.4,0.04014949968640341,0.018544259561419044,20.738712622527718,0.0002332174936002421,0.00023876450047840658,0.0007080303652759816,0.8911712136777736,0.00048245087496277404,0.0006295513237381141
0.975,0.4,0.041487816342616855,0.018544259561419044,20.406960310547994,0.00023736209329659917,0.00024137910940977915,0.0007157837059653399,0.9009300522404383,0.0005059453324329231,0.0006316679460098402
0.0,0.425,-0.0113756915778143,0.019703275784007733,20.06691317988104,0.0002452921305256068,0.0002480664918366705,0.0007356144170340495,0.9258902230437154,0.0005314667669303431,0.0006338175387378494
0.025,0.425,-0.010037374921600853,0.019703275784007733,19.743198435155712,0.00024755791525284435,0.0002497157912005997,0.0007405052363507923,0.9320461135254484,0.0005453817003744674,0.000633898795078658
0.05,0.425,-0.008699058265387406,0.019703275784007733,19.368756069504727,0.0002498404326593303,0.00025170318746343734,0.0007463986455431372,0.9394639262072456,0.0005561068611879238,0.0006335590697568301
0.075,0.425,-0.007360741609173959,0.019703275784007733,18.90446583585232,0.00025239863556156294,0.00025415158614762424,0.0007536591076773013,0.9486023970543859,0.0005645598971950219,0.0006331541691422039
0.1,0.425,-0.006022424952960511,0.019703275784007733,18.311450714620424,0.00025512223538907465,0.000256857944115439,0.0007616845202351986,0.9587036822537831,0.0005713522728100042,0.000632842394536863
0.125,0.425,-0.004684108296747065,0.019703275784007733,17.57566331061019,0.00025754349252903296,0.0002593047144649194,0.0007689401537184754,0.9678360754595076,0.0005768303486131787,0.0006326611728388157
0.15,0.425,-0.003345791640533618,0.019703275784007733,16.73947473443453,0.0002591650916661702,0.00026097096928613314,0.0007738812526144294,0.9740552509581358,0.0005811423119558007,0.0006325778760149521
0.175,0.425,-0.002007474984320171,0.019703275784007733,15.908953811201844,0.00025987488828945,0.00026173017951731275,0.0007761326086419221,0.9768889481861628,0.0005843206039652847,0.0006325348789415616
0.2,0.425,-0.0006691583281067219,0.019703275784007733,15.215791136801503,0.00025998241291210573,0.0002618810680544457,0.0007765800523190523,0.9774521287280666,0.000586354641921626,0.0006324979488779155
0.225,0.425,0.0006691583281067236,0.019703275784007733,14.762107614753162,0.00025994414987436836,0.00026187466145904275,0.0007765610542516082,0.9774282165745038,0.0005872226497915628,0.0006324628954379361
0.25,0.425,0.002007474984320171,0.019703275784007733,14.590702126903798,0.0002601475664374606,0.00026209717901452134,0.0007772209060544104,0.9782587472420995,0.0005868960541955764,0.0006324283223995756
0.275,0.425,0.00334579164053362,0.019703275784007733,14.68990963004703,0.00026080447528577016,0.0002627526627724755,0.000779164672416859,0.980705292917657,0.0005853601140518715,0.0006324069420218869
0.3,0.425,0.004684108296747064,0.019703275784007733,15.015701580494927,0.00026189404302897484,0.00026381320954567454,0.0007823096094477653,0.9846637069747722,0.0005826015715280812,0.0006324069172313269
0.325,0.425,0.0060224249529605145,0.019703275784007733,15.51306189601538,0.00026318545232443044,0.00026504945945904053,0.0007859755751837901,0.9892779202832663,0.0005785929596755731,0.000632413860804658
0.35,0.425,0.007360741609173958,0.019703275784007733,16.129190479843256,0.00026434115396441486,0.0002661197555433204,0.0007891494227448292,0.9932727229382301,0.0005733069632932903,0.0006324133350919525
0.375,0.425,0.008699058265387406,0.019703275784007733,16.819065549319912,0.0002650230763751949,0.0002666498855061975,0.0007907214659527078,0.9952513946481264,0.0005667278271799919,0.000632406968207747
0.4,0.425,0.010037374921600856,0.019703275784007733,17.54641923053371,0.00026494614818050254,0.00026628460626598125,0.0007896382697767276,0.9938880163268828,0.0005588377239351377,0.0006324032775885607
0.425,0.425,0.0113756915778143,0.019703275784007733,18.282720092011132,0.00026388547552143917,0.0002646909351773448,0.0007849124101084932,0.9879397543557036,0.0005495961755716283,0.0006324059140567028
0.45,0.425,0.012714008234027747,0.019703275784007733,19.00564160654045,0.0002616767763109429,0.0002615428471100345,0.0007755770945998954,0.9761897435371432,0.0005389299460219152,0.0006324167723391772
0.475,0.425,0.014052324890241195,0.019703275784007733,19.697647744809842,0.00025820628987449347,0.0002565397509619975,0.0007607409527693144,0.9575160493428259,0.000526729933320884,0.0006324322915439503
0.5,0.425,0.015390641546454642,0.019703275784007733,20.344871626884974,0.00025339478247210625,0.0002494465809715602,0.0007397069224623334,0.9310413058339077,0.0005128779295105827,0.0006324495536813475
0.525,0.425,0.01672895820266809,0.019703275784007733,20.936284634457877,0.0002471889774880669,0.00024004675431732648,0.0007118327506897592,0.8959571333081359,0.0004972917538634445,0.0006324945393393417
0.55,0.425,0.01806727485888154,0.019703275784007733,21.4631140078452,0.00023954117927603465,0.00022804245450468126,0.0006762352947689689,0.8511519532585395,0.00047993438935583794,0.0006325657570841532
0.575,0.425,0.01940559151509498,0.019703275784007733,21.918469556240687,0.00023040232236472294,0.00021355981902774747,0.0006332886018294978,0.7970965647507362,0.0004609048934278591,0.000632611230744896
0.6,0.425,0.020743908171308428,0.019703275784007733,22.297138941351545,0.00021974266741591953,0.0001975733819916898,0.000585882547615316,0.7374283457849304,0.0004406333263055019,0.000632677074162638
0.625,0.425,0.02208222482752188,0.019703275784007733,22.595501263676326,0.0002075976855888915,0.00018183860242210125,0.0005392227564660015,0.6786994200950303,0.00041979808415524477,0.0006328825635955562
0.65,0.425,0.02342054148373533,0.019703275784007733,22.811506751962703,0.00019411325694236652,0.00016826417890627142,0.0004989692681079485,0.6280338669858392,0.00039885342655836823,0.0006331298296588844
0.675,0.425,0.024758858139948773,0.019703275784007733,22.944693019857347,0.00017974655361753275,0.000158334988437412,0.00046952532505747344,0.5909738823430573,0.0003776246224707256,0.0006331186506185118
0.7,0.425,0.026097174796162217,0.019703275784007733,22.996253586651946,0.00016576586816073133,0.00015292890688216226,0.00045349417348089564,0.5707960742887622,0.0003533413302071136,0.0006329697077372907
0.725,0.425,0.027435491452375668,0.019703275784007733,22.969208262217816,0.0001545560481799603,0.00015266955647188604,0.000452725097821179,0.569828067656995,0.00032373398969652903,0.0006331665880150585
0.75,0.425,0.02877380810858911,0.019703275784007733,22.86869379726947,0.00014901922049331162,0.00015787582790265754,0.0004681637340316253,0.5892600988860938,0.00030662361147267437,0.0006333565875829066
0.775,0.425,0.030112124764802562,0.019703275784007733,22.702276186500562,0.00015121822280348083,0.00016826301432929395,0.0004989658146805709,0.6280295202865754,0.000294941777636208,0.0006324925300467204
0.8,0.425,0.03145044142101601,0.019703275784007733,22.480051854940893,0.00016120472607201948,0.00018258892216616336,0.000541447748713164,0.6814999342234809,0.0003020129622620763,0.0006300422306319451
0.825,0.425,0.032788758077229446,0.019703275784007733,22.214283410776442,0.00017684525381678843,0.00019853049620736842,0.00058872076655649,0.7410007053086684,0.00032364439157161654,0.0006271144346475463
0.85,0.425,0.0341270747334429,0.019703275784007733,21.918469554899957,0.00019468072329715597,0.00021355981902774747,0.0006332886018294978,0.7970965647507362,0.00035475740896579507,0.0006253539176307391
0.875,0.425,0.03546539138965635,0.019703275784007733,21.605983538516067,0.00021117824442812094,0.00022586000859621015,0.0006697634868968868,0.8430061318942192,0.00039088993927388713,0.0006254659728563373
0.9,0.425,0.0368037080458698,0.019703275784007733,21.288553982847954,0.00022411817109397458,0.00023473521105704317,0.0006960819422269337,0.8761321825960983,0.0004275750013347813,0.0006270178688169677
0.925,0.425,0.03814202470208325,0.019703275784007733,20.974812549693333,0.00023304078289633582,0.0002405387639934642,0.0007132917523002041,0.8977935238073361,0.0004612605652722652,0.0006291759085225122
0.95,0.425,0.039480341358296686,0.019703275784007733,20.668950822129293,0.0002388046913308811,0.00024412963563796137,0.0007239400947339339,0.9111961922742805,0.0004900129997157897,0.0006313087997775451
0.975,0.425,0.04081865801451014,0.019703275784007733,20.369342715496828,0.00024258414846656983,0.0002463886641286274,0.0007306389999908307,0.9196278525827676,0.0005133012760740823,0.00063296318410106
0.0,0.45,-0.012044849905921024,0.020862292006596426,19.96801370580107,0.000249806702491955,0.00025235828993442917,0.0007483412812402369,0.9419090487568178,0.000536573309791848,0.0006339007900810459
0.025,0.45,-0.010706533249707577,0.020862292006596426,19.71593365300484,0.0002510705339260757,0.0002530377251031778,0.0007503560729272196,0.9444449913393035,0.0005502489453369556,0.0006337268899985984
0.05,0.45,-0.00936821659349413,0.020862292006596426,19.451383955630238,0.0002520335213003733,0.0002537090347885375,0.0007523467693698908,0.9469506061432502,0.0005609365774093063,0.0006333869510939043
0.075,0.45,-0.008029899937280684,0.020862292006596426,19.13687094743522,0.0002531242193157576,0.0002546655662744829,0.0007551832602889129,0.950520790670443,0.0005695103996664196,0.0006331311972666321
0.1,0.45,-0.006691583281067235,0.020862292006596426,18.720037913521367,0.0002545162918879405,0.0002559888121459239,0.0007591072031524,0.9554597100947434,0.0005765020163704742,0.0006329736721002132
0.125,0.45,-0.005353266624853788,0.020862292006596426,18.14714211212615,0.00025602536013242714,0.00025746170964009783,0.0007634749217568179,0.960957193367491,0.0005822021003911743,0.0006328745753791213
0.15,0.45,-0.004014949968640342,0.020862292006596426,17.400214672603617,0.000257225315748622,0.0002586517527180177,0.000767003866107697,0.965398943007633,0.0005867531497844153,0.0006328127422861273
0.175,0.45,-0.0026766333124268946,0.020862292006596426,16.54151813032427,0.00025787936321846873,0.00025932120260722816,0.0007689890475255457,0.9678976162570849,0.0005902043204592769,0.0006327743490779301
0.2,0.45,-0.0013383166562134455,0.020862292006596426,15.71090731619681,0.0002581976953956708,0.000259674174166107,0.000770035746600426,0.9692150570486997,0.0005925561712003201,0.0006327426929261307
0.225,0.45,0.0,0.020862292006596426,15.060349060732811,0.000258557993691432,0.0002600712697483532,0.0007712132907059523,0.9706971875633592,0.000593791710093408,0.0006327075341642789
0.25,0.45,0.0013383166562134473,0.020862292006596426,14.687401531437931,0.0002592275886942763,0.00026076310395222943,0.0007732648503938431,0.9732794086468821,0.0005938950927934015,0.0006326796143020787
0.275,0.45,0.0026766333124268963,0.020862292006596426,14.615948528466177,0.0002603272400829256,0.00026186462456238683,0.0007765312909174808,0.9773907545843148,0.0005928419963858731,0.0006326591147232349
0.3,0.45,0.00401494996864034,0.020862292006596426,14.81515431262395,0.0002618249189274581,0.00026334391820583925,0.0007809179766124875,0.9829121110212217,0.0005906086049188487,0.0006326434438203188
0.325,0.45,0.005353266624853791,0.020862292006596426,15.228327977842218,0.00026352824504374307,0.0002650100776085799,0.0007858587925552543,0.9891309303773065,0.0005871760454392355,0.0006326342759451903
0.35,0.45,0.006691583281067235,0.020862292006596426,15.79437498614198,0.00026513030896479714,0.0002665583433457129,0.0007904500075525009,0.9949097201609296,0.0005825266298156879,0.0006326316952229129
0.375,0.45,0.008029899937280682,0.020862292006596426,16.458616562876507,0.00026629058407068887,0.0002676397302935811,0.0007936567438728907,0.9989459186613603,0.0005766402204361674,0.0006326336576173192
0.4,0.45,0.009368216593494133,0.020862292006596426,17.17625570470614,0.0002667027250904186,0.00026792214202369665,0.000794494205388448,1.0,0.0005694897759088019,0.000632636496549787
0.425,0.45,0.010706533249707577,0.020862292006596426,17.912252240431584,0.00026613044003196654,0.00026712435691437564,0.000792128459721766,0.9970223248317772,0.000561039471596074,0.0006326410390787309
0.45,0.45,0.012044849905921024,0.020862292006596426,18.63991447909674,0.00026440796331652044,0.0002649992448165022,0.0007858266690791248,0.9890904977650712,0.0005512338188493242,0.0006326553306967964
0.475,0.45,0.013383166562134471,0.020862292006596426,19.339235577839123,0.00026142668773629395,0.0002612917906690797,0.0007748326138113447,0.9752526935454611,0.0005399796254549724,0.0006326803734281452
0.5,0.45,0.014721483218347918,0.020862292006596426,19.99533111598795,0.00025712161937441267,0.00025574730885558603,0.0007583910512012907,0.9545583165461785,0.0005271590476926464,0.0006327037428884081
0.525,0.45,0.016059799874561367,0.020862292006596426,20.59709386245627,0.00025144628778286016,0.0002481527986214808,0.000735870350492552,0.9262123568702011,0.0005126712894543471,0.0006327314191417428
0.55,0.45,0.017398116530774818,0.020862292006596426,21.13612590073349,0.00024436401427596675,0.00023825154933206807,0.0007065092639950831,0.889256660657019,0.0004964681976409677,0.0006327954645735099
0.575,0.45,0.018736433186988255,0.020862292006596426,21.605983540619427,0.00023584423843398965,0.00022586000859621015,0.0006697634868968868,0.8430061318942192,0.0004785669727273633,0.0006328712213170023
0.6,0.45,0.020074749843201706,0.020862292006596426,22.001726870676226,0.00022584542179981411,0.00021127846966823341,0.000626523506444286,0.7885815934150999,0.000459181829740423,0.0006329153952276213
0.625,0.45,0.021413066499415156,0.020862292006596426,22.31971444104518,0.00021436624109993476,0.00019546152735631586,0.0005796200705473365,0.7295460012372851,0.00043883716156656116,0.000633003602075541
0.65,0.45,0.022751383155628607,0.020862292006596426,22.557552244721577,0.00020152780328029619,0.00018010016767506067,0.0005340676157876789,0.6722108382484174,0.0004180971174998328,0.0006331745143481123
0.675,0.45,0.02408969981184205,0.020862292006596426,22.71411542512839,0.00018773239881146516,0.0001670294638166115,0.0004953078537260281,0.6234253822957209,0.0003972238647808959,0.0006332241796960815
0.7,0.45,0.025428016468055495,0.020862292006596426,22.78961352144258,0.00017404682665231067,0.0001579661911278339,0.0004684316964263739,0.5895973730825966,0.00037556091782071476,0.0006331277834027364
0.725,0.45,0.026766333124268946,0.020862292006596426,22.785739883624984,0.00016256317177297067,0.00015453962942871128,0.00045827059740784584,0.5768079795922312,0.0003465193697261686,0.0006332376200563134
0.75,0.45,0.02810464978048239,0.020862292006596426,22.705975707360402,0.00015606483140356026,0.00015757393818300884,0.00046726851263963594,0.5881333173615492,0.00032706680295402997,0.0006334092669270334
0.775,0.45,0.02944296643669584,0.020862292006596426,22.556049909789316,0.00015683688886131798,0.00016697125525755595,0.0004951352425244144,0.6232081230628113,0.00031324965686504633,0.0006328604998805423
0.8,0.45,0.03078128309290929,0.020862292006596426,22.344395476682294,0.00016542118210640172,0.00018128468105430375,0.000537580162413745,0.6766319486885479,0.00031050082372040554,0.0006308879999405051
0.825,0.45,0.03211959974912273,0.020862292006596426,22.08230409087473,0.00018019841513638543,0.00019797467037081188,0.0005870725250076063,0.7389261256104089,0.000328401371799983,0.0006282335281250133
0.85,0.45,0.03345791640533618,0.020862292006596426,21.783505967261213,0.00019794641069190177,0.00021428123791287552,0.0006354278916976765,0.7997892085153724,0.00035904018058328805,0.0006264602613609098
0.875,0.45,0.03479623306154963,0.020862292006596426,21.463114006693978,0.00021495527029607764,0.00022804245450468126,0.0006762352947689689,0.8511519532585395,0.0003957200704040118,0.0006265124592092191
0.9,0.45,0.03613454971776307,0.020862292006596426,21.13612589876025,0.00022860212858865806,0.00023825154933206807,0.0007065092639950831,0.889256660657019,0.0004330739730483725,0.0006281309710628929
0.925,0.45,0.037472866373976524,0.020862292006596426,20.815788309316048,0.00023808287604515035,0.00024499003488329384,0.0007264915158653639,0.9144075701724773,0.00046712644683235665,0.0006303553973996069
0.95,0.45,0.03881118303018997,0.020862292006596426,20.512028322111874,0.00024408493991137894,0.0002490291112641445,0.0007384689610868318,0.9294831303719528,0.0004958355586073178,0.0006323064791259495
0.975,0.45,0.04014949968640341,0.020862292006596426,20.22993068018191,0.00024769892871417926,0.0002512227343824979,0.0007449739137688829,0.9376706698630315,0.0005187911222418235,0.0006335127358727093
0.0,0.475,-0.012714008234027747,0.02202130822918511,19.74727821358809,0.0002543108221722689,0.0002566034500519959,0.0007609298455480521,0.9577538015850154,0.0005403694126152416,0.0006337916388828586
0.025,0.475,-0.0113756915778143,0.02202130822918511,19.539955760122076,0.00025486921869128266,0.0002566452906137397,0.0007610539192196216,0.9579099684528516,0.0005539204505516449,0.0006335155555905604
0.05,0.475,-0.010037374921600853,0.02202130822918511,19.360583281077588,0.0002547091412043245,0.0002562137149583484,0.0007597741281773241,0.9562991435612191,0.0005646560152033633,0.0006332305852337631
0.075,0.475,-0.008699058265387406,0.02202130822918511,19.183481922470445,0.0002542787544552525,0.00025564153321881353,0.000758077384962837,0.9541635166391103,0.0005733858614920824,0.0006330956190336111
0.1,0.475,-0.007360741609173958,0.02202130822918511,18.962351051093684,0.0002538888424725396,0.0002551574028729206,0.0007566417486561125,0.9523565351696575,0.0005805768241105357,0.0006330439212490146
0.125,0.475,-0.006022424952960512,0.02202130822918511,18.628206483685986,0.0002536696062674228,0.00025486099269109576,0.0007557627762423388,0.9512502056233721,0.0005864840513773019,0.0006329940769917821
0.15,0.475,-0.0046841082967470655,0.02202130822918511,18.106831954123216,0.00025353406545997915,0.00025466189981907195,0.0007551723878109748,0.9505071058910395,0.0005912546190103748,0.0006329346997870575
0.175,0.475,-0.003345791640533618,0.02202130822918511,17.374646583415778,0.0002533554110505076,0.0002544408977152403,0.0007545170299165258,0.9496822315370113,0.0005949595824647134,0.0006328794754559727
0.2,0.475,-0.002007474984320169,0.02202130822918511,16.520110058295188,0.00025335313901272944,0.00025442874163571135,0.0007544809823742323,0.949636859850158,0.0005976177648398119,0.0006328380298808568
0.225,0.475,-0.0006691583281067236,0.02202130822918511,15.720052917694744,0.00025393612808340626,0.00025502912336137,0.000756261349605003,0.9518777411790537,0.0005992201306117045,0.0006328107759908447
0.25,0.475,0.0006691583281067236,0.02202130822918511,15.13926633279468,0.00025522259563427784,0.0002563391441902499,0.0007601460750316578,0.9567672990893665,0.0005997387361459084,0.0006327847278401234
0.275,0.475,0.0020074749843201727,0.02202130822918511,14.861614314625811,0.00025707365728708925,0.00025820115943859487,0.0007656676803531924,0.9637171362110042,0.0005991505176419838,0.0006327647383028239
0.3,0.475,0.0033457916405336165,0.02202130822918511,14.88909304934133,0.0002592950988190261,0.00026041250481708745,0.0007722251864855878,0.9719708227551234,0.0005974337942214531,0.0006327534133075785
0.325,0.475,0.004684108296747067,0.02202130822918511,15.174058829367752,0.00026165992524259746,0.0002627473535170915,0.0007791489283928463,0.9806854765062775,0.0005945666526384557,0.0006327478402831101
0.35,0.475,0.006022424952960511,0.02202130822918511,15.65103410977671,0.0002638814895571759,0.00026492504391721443,0.0007856066343180053,0.9888135482799434,0.0005905270243408819,0.0006327450069623527
0.375,0.475,0.007360741609173958,0.02202130822918511,16.25600019425919,0.0002656409625870175,0.0002666327457538475,0.0007906706398663643,0.9951874217632408,0.0005852933278355231,0.0006327437614506986
0.4,0.475,0.008699058265387409,0.02202130822918511,16.934622000746234,0.00026664161185036147,0.0002675667770553691,0.0007934404089160784,0.9986736259808787,0.0005788417565522289,0.0006327473578605215
0.425,0.475,0.010037374921600853,0.02202130822918511,17.644212910507918,0.00026664676458435486,0.00026747388854377963,0.0007931649580569312,0.9983269263356465,0.0005711362728469576,0.0006327553586177156
0.45,0.475,0.0113756915778143,0.02202130822918511,18.35294853324183,0.00026548930058025946,0.0002661589646437596,0.0007892656931018147,0.9934190680672405,0.0005621204307282607,0.000632764393738511
0.475,0.475,0.012714008234027747,0.02202130822918511,19.038052275491864,0.00026306779655379387,0.0002634547542895218,0.0007812466490602687,0.9833257986800518,0.000551716808514076,0.0006327814164848283
0.5,0.475,0.014052324890241195,0.02202130822918511,19.683678183500117,0.0002593252871305158,0.0002591623784735303,0.0007685180716929935,0.967304816675467,0.0005398139471755468,0.0006328070320354866
0.525,0.475,0.015390641546454642,0.02202130822918511,20.278860814452557,0.0002542246824884779,0.000253076299829672,0.0007504704621167154,0.9445889687134871,0.0005262839951240489,0.0006328298702771196
0.55,0.475,0.016728958202668093,0.02202130822918511,20.815788312198464,0.00024774099690277624,0.00024499003488329384,0.0007264915158653639,0.9144075701724773,0.0005110518837807402,0.0006328747844725877
0.575,0.475,0.018067274858881533,0.02202130822918511,21.288553985777174,0.00023985241527963572,0.00023473521105704317,0.0006960819422269337,0.8761321825960983,0.0004940957852613884,0.0006329572232453954
0.6,0.475,0.01940559151509498,0.02202130822918511,21.692414182717055,0.00023052349136863534,0.00022225306479562433,0.0006590674842183409,0.8295434752681505,0.0004754964813767777,0.0006330136334479957
0.625,0.475,0.02074390817130843,0.02202130822918511,22.023467504584115,0.0002197382566216858,0.0002078331910872428,0.0006163069045319891,0.7757223405180926,0.00045561690220390354,0.0006330296045509276
0.65,0.475,0.022082224827521882,0.02202130822918511,22.278609856903703,0.00020758235014275414,0.00019240878938444193,0.0005705675054591975,0.7181518777474694,0.0004350619899714326,0.0006330877306799704
0.675,0.475,0.023420541483735326,0.02202130822918511,22.45562263372928,0.0001944103611793867,0.00017758234264183065,0.000526601277306008,0.6628132385793041,0.00041440081356558555,0.0006331546094712796
0.7,0.475,0.02475885813994877,0.02202130822918511,22.55330997908682,0.00018114699324572116,0.00016541653018342908,0.0004905248730602262,0.617405224271455,0.00039380072427600335,0.0006331593191005512
0.725,0.475,0.02609717479616222,0.02202130822918511,22.57169142294314,0.00016961653178961574,0.0001581619744931874,0.00046901227087277797,0.5903281203208602,0.00037105328245249747,0.0006332330206389855
0.75,0.475,0.027435491452375664,0.02202130822918511,22.512329380974034,0.00016238263156918728,0.00015782307678801485,0.0004680073062926007,0.5890632091693864,0.0003425405267503518,0.0006333249803005638
0.775,0.475,0.028773808108589115,0.02202130822918511,22.378860266672383,0.00016179233665541764,0.00016499923845648902,0.0004892874394666224,0.6158477131087414,0.00033314085020573454,0.0006329585070514343
0.8,0.475,0.030112124764802566,0.02202130822918511,22.177667329531214,0.00016880826348859864,0.00017845930918552382,0.0005292018269732399,0.666086452719312,0.0003239478357982672,0.0006313979599709735
0.825,0.475,0.031450441421016,0.02202130822918511,21.918442798854464,0.0001824175767844796,0.00019546447985987675,0.0005796288258780933,0.729557021243092,0.00033383015658712436,0.0006290607360537111
0.85,0.475,0.03278875807722945,0.02202130822918511,21.61428648034147,0.00019983179489742832,0.0002128700564935481,0.0006312431854545161,0.7945220760243124,0.00036267697712911057,0.0006273210401360438
0.875,0.475,0.034127074733442904,0.02202130822918511,21.281096717960025,0.0002173211461394407,0.0002281956318311009,0.0006766895256037855,0.8517236765407686,0.00039950987754653515,0.0006272615069284582
0.9,0.475,0.03546539138965635,0.02202130822918511,20.936284633541597,0.00023186174832748067,0.00024004675431732648,0.0007118327506897592,0.8959571333081359,0.00043732964447006534,0.0006288091988668396
0.925,0.475,0.0368037080458698,0.02202130822918511,20.597093860672018,0.0002421910570645008,0.0002481527986214808,0.000735870350492552,0.9262123568702011,0.0004716169265785872,0.0006309860031943145
0.95,0.475,0.03814202470208324,0.02202130822918511,20.278860811698365,0.00024873335500161166,0.000253076299829672,0.0007504704621167154,0.9445889687134871,0.0005002203198454318,0.0006327699214191334
0.975,0.475,0.039480341358296686,0.02202130822918511,19.99338246766661,0.0002524879399273812,0.00025562951343678593,0.0007580417415960782,0.954118653672814,0.0005228727834076147,0.000633675294031433
0.0,0.5,-0.013383166562134471,0.023180324451773805,19.42415331636098,0.0002585067061802397,0.00026047138793131817,0.0007723997980077941,0.9721905997163927,0.0005431069306593367,0.0006335965777239732
0.025,0.5,-0.012044849905921024,0.023180324451773805,19.225640483598205,0.00025880274086273437,0.0002603530482171589,0.0007720488743534193,0.971748905300002,0.0005566430447988924,0.0006333398304500046
0.05,0.5,-0.010706533249707577,0.023180324451773805,19.089404064002252,0.0002579513986495865,0.0002592784718947602,0.0007688623342080442,0.9677381269661095,0.0005674778277363468,0.0006331346333884925
0.075,0.5,-0.009368216593494131,0.023180324451773805,19.00533597187213,0.00025633190202037544,0.0002575313577963621,0.0007636814558497077,0.9612171500688602,0.0005763616873515531,0.0006330612264873828
0.1,0.5,-0.008029899937280682,0.023180324451773805,18.945561889255337,0.00025420391324372765,0.00025531247718498705,0.0007571016047971942,0.9529353388134889,0.0005837308827794751,0.0006330433936724226
0.125,0.5,-0.0066915832810672355,0.023180324451773805,18.854997664799725,0.0002517843760335346,0.0002528068618855043,0.0007496714729636125,0.9435833110917147,0.0005898387846372013,0.0006330081101480468
0.15,0.5,-0.005353266624853789,0.023180324451773805,18.644451666574724,0.0002493014748215064,0.00025022965877179886,0.0007420290551907397,0.9339640870356547,0.0005948365250981759,0.0006329504703025422
0.175,0.5,-0.004014949968640342,0.023180324451773805,18.211325935599646,0.00024704294208921604,0.00024786914458022047,0.0007350292050373308,0.9251536386951453,0.0005988022013139971,0.0006328922247974735
0.2,0.5,-0.002676633312426893,0.023180324451773805,17.52295722236176,0.00024555695936396584,0.00024629995883207516,0.0007303759540045389,0.9192967664848354,0.0006017628314136872,0.0006328452510992289
0.225,0.5,-0.0013383166562134473,0.023180324451773805,16.700657192062188,0.00024558538672442596,0.0002462903152285029,0.0007303473569386176,0.9192607724326103,0.0006037126404193799,0.0006328130029838381
0.25,0.5,0.0,0.023180324451773805,15.95879105366124,0.0002472963528689641,0.00024800012508084565,0.0007354176135801245,0.9256425139319431,0.0006046348930751338,0.0006327983925430098
0.275,0.5,0.001338316656213449,0.023180324451773805,15.465320893847789,0.0002501557076692815,0.00025086807022770317,0.0007439221954834323,0.936346911579689,0.0006044975212838252,0.0006327859332305073
0.3,0.5,0.002676633312426893,0.023180324451773805,15.28379647827012,0.00025353215519727994,0.0002542424620205493,0.0007539285902736379,0.9489415846714998,0.0006032736349687125,0.0006327741592385957
0.325,0.5,0.004014949968640344,0.023180324451773805,15.395145624698248,0.00025698136990992494,0.0002576722613709898,0.0007640992901978308,0.9617430624610329,0.0006009421692550207,0.0006327665196608812
0.35,0.5,0.005353266624853787,0.023180324451773805,15.739168094834527,0.00026017911245860865,0.00026083494478867193,0.0007734778866432278,0.9735475493682867,0.0005974830074923571,0.0006327628184010018
0.375,0.5,0.006691583281067235,0.023180324451773805,16.245673651530723,0.0002628329062292344,0.000263446237105052,0.0007812213922686636,0.9832940089055843,0.0005928752377867654,0.0006327636927358447
0.4,0.5,0.008029899937280685,0.023180324451773805,16.850823405037545,0.0002646710468031898,0.00026524130033179556,0.0007865444585937587,0.9899939524533065,0.000587091063862966,0.0006327658630749983
0.425,0.5,0.00936821659349413,0.023180324451773805,17.50335140973358,0.0002654679252235625,0.0002659903482781667,0.000788765679462086,0.9927897196889419,0.0005800951799419878,0.0006327715718553869
0.45,0.5,0.010706533249707577,0.023180324451773805,18.165484290451374,0.00026506288754144116,0.0002655205719017386,0.000787372608303124,0.991036313371421,0.0005718347924866688,0.0006327812040404604
0.475,0.5,0.012044849905921024,0.023180324451773805,18.811331560199243,0.00026335414950505996,0.0002637177764924629,0.0007820266130249743,0.9843075100121367,0.0005622332523427988,0.0006327942255358839
0.5,0.5,0.013383166562134471,0.023180324451773805,19.424153317949383,0.0002602885699792418,0.00026047138793131817,0.0007723997980077941,0.9721905997163927,0.0005511871747499917,0.000632817849885627
0.525,0.5,0.014721483218347918,0.023180324451773805,19.99338247153512,0.0002558441208715456,0.00025562951343678593,0.0007580417415960782,0.954118653672814,0.0005385589303631469,0.0006328493543833623
0.55,0.5,0.016059799874561367,0.023180324451773805,20.512028326014374,0.0002500032371834811,0.0002490291112641445,0.0007384689610868318,0.9294831303719528,0.0005242207533775662,0.0006328812279663632
0.575,0.5,0.01739811653077481,0.023180324451773805,20.9748125535096,0.00024275314267333778,0.0002405387639934642,0.0007132917523002041,0.8977935238073361,0.0005081074247546223,0.000632938598227262
0.6,0.5,0.018736433186988255,0.023180324451773805,21.377099761701853,0.0002340785381474426,0.00023009106259766038,0.0006823102210393024,0.8587982346651652,0.0004902403577558516,0.0006330077269773786
0.625,0.5,0.020074749843201706,0.023180324451773805,21.71447844514049,0.00022396431528897226,0.00021765840619220842,0.0006454425198589963,0.8123942446420027,0.00047084043556889306,0.0006330243321291751
0.65,0.5,0.021413066499415156,0.023180324451773805,21.98276115673648,0.0002124662020950374,0.00020354168280203717,0.0006035808997336591,0.7597045965093647,0.0004504455366280096,0.0006330143631573214
0.675,0.5,0.0227513831556286,0.023180324451773805,22.178185148508206,0.0001998883832860233,0.00018857870301430336,0.0005592097975660469,0.7038563576340187,0.000429797162103593,0.0006330447188638427
0.7,0.5,0.024089699811842044,0.023180324451773805,22.29767148870989,0.00018705343796438596,0.00017450273495815428,0.0005174690329865586,0.6513188258353063,0.00040949886479252264,0.0006330953492130546
0.725,0.5,0.025428016468055495,0.023180324451773805,22.339109490889285,0.00017557522808008956,0.00016377461088827,0.00048565593854116735,0.6112768793621574,0.00038937063222790414,0.0006331415969534658
0.75,0.5,0.02676633312426894,0.023180324451773805,22.301734460163722,0.00016776303358247553,0.000159199098640494,0.00047208775063372526,0.5941991111224151,0.0003629896924880477,0.0006331376534027036
0.775,0.5,0.02810464978048239,0.023180324451773805,22.18670303311854,0.00016590308602620348,0.0001627968940263447,0.0004827566246754193,0.6076276219527461,0.0003478350899207926,0.0006328696616658384
0.8,0.5,0.02944296643669584,0.023180324451773805,21.997889465063622,0.00017126540386507288,0.00017415961821793408,0.0005164515573131496,0.6500381674409365,0.000341410830386965,0.0006317077933999532
0.825,0.5,0.030781283092909277,0.023180324451773805,21.74273884181008,0.00018343136666565374,0.0001907235435717938,0.00056557009082713,0.7118618197480858,0.00034158284541105995,0.0006298305847465124
0.85,0.5,0.03211959974912273,0.023180324451773805,21.432830997130587,0.00020017023927320065,0.0002089659906033425,0.0006196660992764401,0.7799504327076494,0.000365835975311207,0.0006282813894676993
0.875,0.5,0.03345791640533618,0.023180324451773805,21.083788035337996,0.00021792481355877437,0.00022584597978431327,0.0006697218859688099,0.8429537703693712,0.00040231871785303226,0.0006281050569294886
0.9,0.5,0.03479623306154962,0.023180324451773805,20.714363603770302,0.0002333856584101173,0.0002395642627707597,0.0007104019740656222,0.8941562685385339,0.0004404047090705185,0.000629405503929451
0.925,0.5,0.03613454971776307,0.023180324451773805,20.34487162624942,0.00024480469269051394,0.0002494465809715602,0.0007397069224623334,0.9310413058339077,0.00047480837166811524,0.0006313327914884662
0.95,0.5,0.03747286637397652,0.023180324451773805,19.995331114458082,0.0002522436651037606,0.00025574730885558603,0.0007583910512012907,0.9545583165461785,0.0005033036136244784,0.0006328834293299398
0.975,0.5,0.03881118303018996,0.023180324451773805,19.683678180978433,0.0002565409069120416,0.0002591623784735303,0.0007685180716929935,0.967304816675467,0.0005257553198748043,0.000633587249761947
0.0,0.525,-0.014052324890241195,0.024339340674362497,19.038052274357778,0.0002619185855008793,0.0002634547542895218,0.0007812466490602687,0.9833257986800518,0.0005449200550430237,0.000633414539756711
0.025,0.525,-0.012714008234027747,0.024339340674362497,18.811331558931748,0.00026245218652911804,0.0002637177764924629,0.0007820266130249743,0.9843075100121367,0.0005585252313766533,0.000633221049653915
0.05,0.525,-0.0113756915778143,0.024339340674362497,18.6709872417632,0.0002614628933603525,0.00026257553744897007,0.000778639426380493,0.9800441854699202,0.0005694949093320591,0.0006330954044201147
0.075,0.525,-0.010037374921600853,0.024339340674362497,18.62123365971964,0.0002592504143466085,0.00026027365138384437,0.0007718134316105459,0.9714525623672574,0.0005785349198131977,0.000633056029892964
0.1,0.525,-0.008699058265387406,0.024339340674362497,18.654213144579753,0.00025593960765578556,0.0002568981225633533,0.0007618036650875362,0.9588536454020725,0.000586072709811324,0.0006330290913889796
0.125,0.525,-0.007360741609173959,0.024339340674362497,18.741732754190302,0.0002515947123832314,0.0002524924908856711,0.0007487392396818721,0.9424099440924114,0.0005923732490865044,0.0006329790373696531
0.15,0.525,-0.006022424952960513,0.024339340674362497,18.821097017348194,0.0002463636548843273,0.0002471798517239382,0.0007329851814415376,0.9225809030075467,0.0005975994995035514,0.0006329186367764397
0.175,0.525,-0.0046841082967470655,0.024339340674362497,18.77971535572166,0.000240695371855562,0.00024138790888100916,0.0007158097998478758,0.9009628956298034,0.0006018343557479044,0.000632868508333633
0.2,0.525,-0.0033457916405336165,0.024339340674362497,18.47566240395426,0.00023573443069373136,0.00023626828595433485,0.0007006281104276082,0.8818542736696912,0.0006051023677487783,0.0006328331795484964
0.225,0.525,-0.002007474984320171,0.024339340674362497,17.860419563844054,0.00023335457379244665,0.0002337518256882006,0.0006931658190155117,0.8724617678949662,0.0006073982311240759,0.0006328088335119537
0.25,0.525,-0.0006691583281067236,0.024339340674362497,17.094967830776962,0.00023456005428222656,0.0002348885659407005,0.0006965366995885816,0.8767045685978635,0.0006087001920078712,0.0006327895136666855
0.275,0.525,0.0006691583281067254,0.024339340674362497,16.429789626777318,0.00023842220128845212,0.00023873276549987558,0.0007079362586211132,0.8910527651677278,0.0006089899851341864,0.0006327822862835076
0.3,0.525,0.002007474984320169,0.024339340674362497,16.02688384050817,0.00024343871679335791,0.00024374434693597783,0.0007227975626579531,0.9097581300854918,0.000608240585103007,0.0006327783998012221
0.325,0.525,0.00334579164053362,0.024339340674362497,15.926866484510477,0.0002485933833559579,0.0002488859670599937,0.000738044482393605,0.9289488549922862,0.0006064258765623822,0.0006327742813030822
0.35,0.525,0.004684108296747064,0.024339340674362497,16.09314193717342,0.000253356327773942,0.0002536226779084493,0.0007520906873592466,0.9466282853397664,0.0006035252361819828,0.0006327732244210705
0.375,0.525,0.006022424952960511,0.024339340674362497,16.457728363609505,0.00025741953218717513,0.0002576507521588417,0.0007640355069498878,0.9616627808837597,0.000599514626678133,0.0006327726429455223
0.4,0.525,0.007360741609173962,0.024339340674362497,16.94985836287219,0.0002605435049647212,0.00026074063688698285,0.0007731982267358816,0.9731955519522585,0.0005943697905508511,0.0006327757608500841
0.425,0.525,0.008699058265387406,0.024339340674362497,17.509750035471793,0.00026252225363077275,0.00026269152556675115,0.0007789833766295278,0.9804771027230632,0.0005880555621423473,0.0006327809259402504
0.45,0.525,0.010037374921600853,0.024339340674362497,18.0931970408708,0.0002631955213831155,0.00026333763903866285,0.0007808993564197008,0.9828886744842898,0.0005805211017428217,0.0006327905415423158
0.475,0.525,0.0113756915778143,0.024339340674362497,18.67098724325142,0.00026246276207402946,0.00026257553744897007,0.000778639426380493,0.9800441854699202,0.0005716909834716233,0.0006328028326484218
0.5,0.525,0.012714008234027747,0.024339340674362497,19.225640485451898,0.0002602767707224782,0.0002603530482171589,0.0007720488743534193,0.971748905300002,0.0005614645657128893,0.0006328211525891611
0.525,0.525,0.014052324890241195,0.024339340674362497,19.747278215772788,0.000256622926823943,0.00025660345005199594,0.0007609298455480523,0.9577538015850157,0.0005497022257880944,0.0006328526570056966
0.55,0.525,0.015390641546454645,0.024339340674362497,20.22993068524302,0.0002515034308659999,0.0002512227343824979,0.0007449739137688829,0.9376706698630315,0.0005362381807641132,0.0006328831330737396
0.575,0.525,0.016728958202668086,0.024339340674362497,20.668950826882686,0.0002449251937345724,0.00024412963563796134,0.0007239400947339339,0.9111961922742804,0.0005209445957403785,0.0006329189044585992
0.6,0.525,0.018067274858881533,0.024339340674362497,21.05961901514035,0.00023688806453337003,0.00023529506345402407,0.0006977421241063203,0.8782217911396556,0.0005037900258798963,0.0006329867671175455
0.625,0.525,0.019405591515094984,0.024339340674362497,21.396678190659525,0.00022739313126949608,0.00022473486742124527,0.0006664270021367938,0.8388066239085546,0.00048488400280799986,0.0006330290198594313
0.65,0.525,0.020743908171308435,0.024339340674362497,21.674437355385717,0.00021649404823520182,0.0002124366435267111,0.0006299579460633583,0.7929043935007131,0.0004646294825966043,0.0006329920844501608
0.675,0.525,0.02208222482752188,0.024339340674362497,21.887129553123756,0.00020444979221545954,0.00019859733752007242,0.0005889189772576391,0.7412501856696386,0.0004438265991424409,0.0006329487097669572
0.7,0.525,0.023420541483735322,0.024339340674362497,22.02932424074526,0.00019198918245893915,0.0001841622234413091,0.0005461132038972413,0.6873721673403935,0.0004234039880509122,0.0006329908935227652
0.725,0.525,0.024758858139948773,0.024339340674362497,22.096326679564285,0.0001805503123295773,0.00017101960093911074,0.0005071401748570326,0.6383182802561527,0.0004040037993158172,0.0006330650332508137
0.75,0.525,0.026097174796162217,0.024339340674362497,22.084617695596826,0.00017220195461317803,0.00016226878650420573,0.00048119057879734343,0.6056564988564987,0.00038403839611589324,0.000633040038006577
0.775,0.525,0.027435491452375668,0.024339340674362497,21.99245536689761,0.00016911396506441763,0.0001611880567921896,0.00047798579143896227,0.6016227534413081,0.0003584156803596369,0.0006327855503736187
0.8,0.525,0.02877380810858912,0.024339340674362497,21.82072677976003,0.00017275827050207459,0.00016904365578554331,0.0005012807226937401,0.6309432080107514,0.00035589234901554017,0.0006318255984441395
0.825,0.525,0.030112124764802555,0.024339340674362497,21.57398393448024,0.00018324193706234602,0.00018405035599180922,0.0005457814730454053,0.6869546301833116,0.00035322526785324743,0.0006302791050217653
0.85,0.525,0.03145044142101601,0.024339340674362497,21.261384411462483,0.0001989431236767746,0.0002025323807839055,0.0006005879234949817,0.7559374497908885,0.0003685349149746349,0.0006289310959487193
0.875,0.525,0.03278875807722946,0.024339340674362497,20.897125368771775,0.00021664685325757785,0.00022084460500197933,0.0006548908486624988,0.8242865010479294,0.00040380008107921035,0.0006287285349931258
0.9,0.525,0.0341270747334429,0.024339340674362497,20.50004005966245,0.00023291743843513232,0.00023651540083693268,0.000701360902950116,0.8827766120801387,0.0004422079986838407,0.000629851869180285
0.925,0.525,0.03546539138965635,0.024339340674362497,20.092318229555012,0.00024554853062685897,0.00024844615242383455,0.0007367402595427644,0.9273072787013642,0.0004767967435502574,0.0006315497145218289
0.95,0.525,0.0368037080458698,0.024339340674362497,19.69764774449994,0.0002541632844897889,0.0002565397509619975,0.0007607409527693144,0.9575160493428259,0.0005052566069900168,0.0006328819562523081
0.975,0.525,0.038142024702083235,0.024339340674362497,19.339235576628834,0.00025937145920213676,0.0002612917906690797,0.0007748326138113447,0.9752526935454611,0.0005276044703888202,0.0006334372026735467
0.0,0.55,-0.01472148321834792,0.025498356896951187,18.639914478256912,0.00026400827596172226,0.00026499924481650217,0.0007858266690791246,0.989090497765071,0.000545854167564328,0.0006332788217513268
0.025,0.55,-0.013383166562134473,0.025498356896951187,18.352948532379784,0.0002652466759148426,0.0002661589646437596,0.0007892656931018147,0.9934190680672405,0.000559597300699034,0.0006331420809495079
0.05,0.55,-0.012044849905921026,0.025498356896951187,18.165484289515124,0.00026466687889641565,0.0002655205719017386,0.000787372608303124,0.991036313371421,0.0005707375989689276,0.0006330791837179553
0.075,0.55,-0.010706533249707578,0.025498356896951187,18.093197039771454,0.00026251924269698015,0.00026333763903866285,0.0007808993564197008,0.9828886744842898,0.000579949343775693,0.0006330588324436244
0.1,0.55,-0.009368216593494131,0.025498356896951187,18.144290688811388,0.0002588252616310879,0.0002596215952990891,0.0007698798296431485,0.9690188102337827,0.0005876608019381753,0.0006330167862765014
0.125,0.55,-0.008029899937280684,0.025498356896951187,18.314658957145056,0.0002534613066325922,0.00025423891272286376,0.0007539180652142938,0.9489283371748249,0.00059415888999458,0.0006329538509659181
0.15,0.55,-0.006691583281067238,0.025498356896951187,18.577933418854403,0.00024625211042589355,0.00024699261773061343,0.0007324299592354717,0.9218820656814841,0.0005996172523128776,0.0006328916584608579
0.175,0.55,-0.005353266624853791,0.025498356896951187,18.866059824745697,0.00023714911421566853,0.0002378034048042809,0.0007051803397493522,0.8875839936486031,0.0006041174316138517,0.0006328455412203649
0.2,0.55,-0.004014949968640342,0.025498356896951187,19.041062730821274,0.00022686169950750582,0.0002273492928330717,0.0006741797986187385,0.8485647774977985,0.0006076854344380458,0.000632817571396377
0.225,0.55,-0.0026766333124268963,0.025498356896951187,18.90749258922532,0.00021831575391092578,0.00021856698397525626,0.0006481368092459196,0.8157854454445385,0.0006103155211401384,0.0006327994415383997
0.25,0.55,-0.001338316656213449,0.025498356896951187,18.389437431986153,0.0002159548445578263,0.00021600221644685948,0.0006405312678595737,0.806212636310421,0.0006119922338436341,0.0006327882177961478
0.275,0.55,0.0,0.025498356896951187,17.695544183279182,0.00022007197932472344,0.0002200187617959835,0.000652441899737385,0.8212041010650165,0.000612689423647752,0.0006327757869201672
0.3,0.55,0.0013383166562134438,0.025498356896951187,17.110819430365936,0.00022729324210658477,0.0002272056711103179,0.0006737539038956152,0.8480287198145141,0.0006123886750156442,0.0006327704001122378
0.325,0.55,0.0026766333124268946,0.025498356896951187,16.784648353215196,0.0002350808500494534,0.0002349758602455423,0.0006967955614311914,0.8770303882713792,0.0006110670476882209,0.000632769262603768
0.35,0.55,0.004014949968640338,0.025498356896951187,16.735506237972523,0.00024233382767659467,0.00024220832056818283,0.0007182426421899425,0.9040250228619047,0.0006086982961949844,0.0006327672945251752
0.375,0.55,0.005353266624853786,0.025498356896951187,16.914009419651464,0.000248635544871862,0.00024848273870397376,0.000736848752209133,0.927443834343473,0.0006052624453329485,0.0006327694939165043
0.4,0.55,0.006691583281067236,0.025498356896951187,17.24959707592452,0.0002537697799583868,0.0002535907457944249,0.000751995996120342,0.9465091010357621,0.000600730786175905,0.0006327719305950424
0.425,0.55,0.00802989993728068,0.025498356896951187,17.676357250615723,0.0002575530289686423,0.0002573568508944345,0.0007631639744600227,0.960565815690113,0.0005950719489935499,0.0006327774561199161
0.45,0.55,0.009368216593494127,0.025498356896951187,18.14429069022033,0.00025982465321539646,0.0002596215952990891,0.0007698798296431485,0.9690188102337827,0.000588237052936215,0.0006327863469112769
0.475,0.55,0.010706533249707575,0.025498356896951187,18.621233661568247,0.0002604788826787407,0.00026027365138384437,0.0007718134316105459,0.9714525623672574,0.0005801544493273124,0.0006328000900312371
0.5,0.55,0.012044849905921022,0.025498356896951187,19.08940406625098,0.0002594755324575428,0.0002592784718947602,0.0007688623342080442,0.9677381269661095,0.0005707222617685865,0.0006328170112207107
0.525,0.55,0.01338316656213447,0.025498356896951187,19.539955762716005,0.0002568211624169527,0.0002566452906137397,0.0007610539192196216,0.9579099684528516,0.0005598006985296276,0.0006328436753747016
0.55,0.55,0.01472148321834792,0.025498356896951187,19.968013708685955,0.0002525503164624211,0.00025235828993442917,0.0007483412812402369,0.9419090487568178,0.0005472089275257671,0.0006328790946929103
0.575,0.55,0.01605979987456136,0.025498356896951187,20.369342721179457,0.00024670092488861104,0.0002463886641286274,0.0007306389999908307,0.9196278525827676,0.000532752924185205,0.0006329137697831829
0.6,0.55,0.017398116530774808,0.025498356896951187,20.73871262747556,0.00023930025843647588,0.00023876450047840655,0.0007080303652759815,0.8911712136777735,0.0005163159312252588,0.0006329676582498423
0.625,0.55,0.01873643318698826,0.025498356896951187,21.069497816964997,0.0002303787749726526,0.00022959872160502407,0.0006808502369455273,0.8569606075511182,0.0004979140103684394,0.0006330110625303736
0.65,0.55,0.02007474984320171,0.025498356896951187,21.353968352683836,0.00022000291621399151,0.00021897560332374496,0.0006493485258369104,0.817310587582483,0.00047782409038224234,0.0006329799050073208
0.675,0.55,0.021413066499415153,0.025498356896951187,21.583851929454234,0.00020840713467814212,0.00020674356399957297,0.0006130757329660668,0.771655386292363,0.00045680910937104973,0.0006329078867170375
0.7,0.55,0.022751383155628597,0.025498356896951187,21.75091688152211,0.00019624208882114088,0.00019316004435196757,0.0005727952710106375,0.720955882529796,0.00043598374758344906,0.0006329142842103222
0.725,0.55,0.024089699811842048,0.025498356896951187,21.847487580393235,0.00018478568030745897,0.00017916078437484902,0.0005312819759632899,0.6687046580831044,0.0004164351820808694,0.0006329707428868925
0.75,0.55,0.02542801646805549,0.025498356896951187,21.86693729789913,0.00017588610273935057,0.00016722848947222808,0.0004958980428343886,0.6241682311476794,0.0003984515827482057,0.0006329280316290722
0.775,0.55,0.026766333124268942,0.025498356896951187,21.804289864878378,0.00017157332049227598,0.00016124494730076258,0.0004781544941040777,0.6018350931462063,0.0003761790121518298,0.000632681747791234
0.8,0.55,0.028104649780482393,0.025498356896951187,21.657064557178746,0.00017343954112176003,0.00016434372148846078,0.00048734357462328233,0.6134010434789866,0.0003655849614399618,0.0006318699214204782
0.825,0.55,0.02944296643669583,0.025498356896951187,21.426388230886104,0.00018203475921057993,0.00017644411467253527,0.0005232259850692945,0.6585648850811647,0.0003653541550641579,0.0006305935985118137
0.85,0.55,0.03078128309290928,0.025498356896951187,21.11819401948335,0.00019633833090956627,0.00019425216844332578,0.0005760338471715898,0.7250321566410325,0.00037170287106923336,0.0006294346640917365
0.875,0.55,0.032119599749122735,0.025498356896951187,20.744125380723688,0.00021359071246681037,0.00021348717007911144,0.0006330731692105924,0.7968254078090692,0.00040314597200810274,0.0006292402937537018
0.9,0.55,0.03345791640533617,0.025498356896951187,20.32171264228853,0.0002303869498517874,0.0002309951329850673,0.0006849911442307666,0.8621726119397654,0.0004423743120805109,0.0006302194938792514
0.925,0.55,0.03479623306154962,0.025498356896951187,19.873575085243182,0.0002441563687617105,0.00024500402062071835,0.0007265329890607404,0.9144597709249753,0.0004774881070979794,0.0006317134836037808
0.95,0.55,0.03613454971776307,0.025498356896951187,19.42575887258858,0.00025408157031633254,0.00025509477509485286,0.0007564560327373185,0.9521227815216957,0.0005060938932984179,0.0006328619745676281
0.975,0.55,0.03747286637397651,0.025498356896951187,19.00564160659026,0.0002604892370649911,0.0002615428471100345,0.0007755770945998954,0.9761897435371432,0.0005284703785386889,0.0006333104709316658
0.0,0.575,-0.01539064154645464,0.026657373119539873,18.282720091296362,0.0002643314021366475,0.0002646909351773448,0.0007849124101084932,0.9879397543557036,0.0005458793140914744,0.000633186120197036
0.025,0.575,-0.014052324890241193,0.026657373119539873,17.912252239787982,0.0002666401914696468,0.00026712435691437564,0.000792128459721766,0.9970223248317772,0.0005598323492058716,0.0006330902248871165
0.05,0.575,-0.012714008234027746,0.026657373119539873,17.644212909909868,0.00026692918783510484,0.00026747388854377963,0.0007931649580569312,0.9983269263356465,0.0005711899543313296,0.0006330662517285742
0.075,0.575,-0.0113756915778143,0.026657373119539873,17.503351409125987,0.00026541716425206523,0.0002659903482781667,0.000788765679462086,0.9927897196889419,0.0005806022289649136,0.000633055833614929
0.1,0.575,-0.010037374921600851,0.026657373119539873,17.50975003476389,0.00026208889663392884,0.00026269152556675115,0.0007789833766295278,0.9804771027230632,0.0005885093080201919,0.0006330064609398052
0.125,0.575,-0.008699058265387406,0.026657373119539873,17.67635724965689,0.0002567246605414726,0.0002573568508944345,0.0007631639744600227,0.960565815690113,0.0005952203080754284,0.000632935946851054
0.15,0.575,-0.007360741609173958,0.026657373119539873,18.00372714283401,0.0002489205723043247,0.00024957050184440047,0.0007400743964406116,0.9315038315210504,0.000600915935718421,0.0006328779920782327
0.175,0.575,-0.006022424952960511,0.026657373119539873,18.468691085414818,0.0002380938346122532,0.00023872592194310418,0.0007079159647918759,0.8910272220874892,0.0006056801730434463,0.0006328395971949279
0.2,0.575,-0.004684108296747062,0.026657373119539873,19.000025151602046,0.0002236633881326791,0.00022420723911787348,0.000664862377330268,0.8368372894616647,0.0006095381716645583,0.0006328146290697831
0.225,0.575,-0.0033457916405336165,0.026657373119539873,19.433865095670406,0.00020636941878918739,0.0002067004681386673,0.00061294793684027,0.7714945341112772,0.0006124894785804908,0.0006327981203474398
0.25,0.575,-0.002007474984320169,0.026657373119539873,19.50481162905443,0.00019259118436512466,0.00019258081536861662,0.0005710776299549586,0.7187939522802994,0.0006145199342343467,0.0006327850929042077
0.275,0.575,-0.0006691583281067202,0.026657373119539873,19.09376939479423,0.00019197286651510245,0.0001916666738050628,0.0005683668417772348,0.7153819850697918,0.0006156139597387456,0.0006327792209025857
0.3,0.575,0.0006691583281067236,0.026657373119539873,18.46909209401541,0.00020163257572463903,0.00020118733347083826,0.0005965993308085636,0.7509171580639424,0.0006157453907361804,0.0006327716097930858
0.325,0.575,0.0020074749843201744,0.026657373119539873,17.9493540632239,0.0002138041296060644,0.00021330695864415543,0.000632538771643688,0.7961527816737494,0.0006148936194446636,0.0006327674406855032
0.35,0.575,0.003345791640533618,0.026657373119539873,17.66682351845039,0.00022525334129415198,0.00022472928311585602,0.0006664104424816665,0.8387857808929416,0.0006130377933507628,0.0006327673828467572
0.375,0.575,0.0046841082967470655,0.026657373119539873,17.62066901735029,0.00023522566422785684,0.00023467965743225052,0.0006959172039464292,0.8759248327131322,0.0006101506482050958,0.0006327660323113296
0.4,0.575,0.006022424952960516,0.026657373119539873,17.75481453897125,0.00024356274171391897,0.000243000654887121,0.0007205922241258435,0.9069823533496106,0.0006062101090359478,0.000632769336087824
0.425,0.575,0.00736074160917396,0.026657373119539873,18.00372714428365,0.00025013747885415516,0.0002495705018444005,0.0007400743964406119,0.9315038315210507,0.0006011821236004985,0.0006327747451675587
0.45,0.575,0.008699058265387407,0.026657373119539873,18.314658959100246,0.0002547962351759788,0.00025423891272286376,0.0007539180652142938,0.9489283371748249,0.0005950218875821408,0.0006327833387831576
0.475,0.575,0.010037374921600855,0.026657373119539873,18.6542131470125,0.00025743468449529146,0.0002568981225633533,0.0007618036650875362,0.9588536454020725,0.0005876611381403049,0.0006327960325075326
0.5,0.575,0.011375691577814302,0.026657373119539873,19.005335974716314,0.0002580418706856659,0.0002575313577963621,0.0007636814558497077,0.9612171500688602,0.0005790025098996493,0.0006328140627207056
0.525,0.575,0.01271400823402775,0.026657373119539873,19.360583284254915,0.00025667544522646934,0.0002562137149583484,0.0007597741281773241,0.9562991435612191,0.0005689038877441097,0.0006328388030097684
0.55,0.575,0.0140523248902412,0.026657373119539873,19.715933656439887,0.00025342538922599973,0.00025303772510317776,0.0007503560729272194,0.9444449913393033,0.0005571739650295145,0.000632873174093176
0.575,0.575,0.01539064154645464,0.026657373119539873,20.066913183514735,0.00024838934035653577,0.0002480664918366705,0.0007356144170340495,0.9258902230437154,0.0005435734938324873,0.0006329086433895858
0.6,0.575,0.016728958202668086,0.026657373119539873,20.406960315686266,0.00024164405003876255,0.00024137910940977912,0.0007157837059653399,0.9009300522404382,0.0005278917773359837,0.0006329507012513135
0.625,0.575,0.018067274858881537,0.026657373119539873,20.727269617094105,0.00023325968441532678,0.00023316252027986157,0.0006914182974087009,0.8702622281186423,0.0005100357561110427,0.0006329866749302087
0.65,0.575,0.019405591515094987,0.026657373119539873,21.017367427116792,0.00022333205126114832,0.0002236751204251958,0.0006632844367587346,0.8348511949617535,0.0004901497231385966,0.0006329597590340912
0.675,0.575,0.02074390817130843,0.026657373119539873,21.265909984061818,0.000212091990720058,0.00021288749134084739,0.0006312948866130933,0.7945871503297339,0.00046890285124470856,0.0006328770727293338
0.7,0.575,0.022082224827521875,0.026657373119539873,21.46143130747496,0.0002001271846216721,0.00020067737829011274,0.0005950871137404483,0.749013787267958,0.0004475023976741311,0.0006328590789604782
0.725,0.575,0.023420541483735326,0.026657373119539873,21.592952366948403,0.0001885753680792545,0.00018713027628937094,0.0005549146443876031,0.6984502097360061,0.0004273388809709482,0.0006329031319266363
0.75,0.575,0.02475885813994877,0.026657373119539873,21.650499690759617,0.00017908775232430092,0.00017362493139818727,0.0005148660012378745,0.6480424875926486,0.0004094746989134083,0.0006328468169659673
0.775,0.575,0.02609717479616222,0.026657373119539873,21.625672348812973,0.00017354565693147105,0.00016369369660598993,0.00048541599596710794,0.6109748726609981,0.0003927556639406689,0.0006325779269093298
0.8,0.575,0.02743549145237567,0.026657373119539873,21.512422036674447,0.0001736015656975222,0.00016158906801667415,0.00047917494695907796,0.6031194988071655,0.0003717920841017686,0.0006318532542310929
0.825,0.575,0.028773808108589108,0.026657373119539873,21.30814193179122,0.00018015419360527693,0.00016950657487078657,0.0005026534592955435,0.6326710199853298,0.00037427384895128443,0.0006307958590398026
0.85,0.575,0.03011212476480256,0.026657373119539873,21.014988003970743,0.00019273370134449043,0.00018540962185830372,0.0005498122293179371,0.6920279916316322,0.00037698591295737304,0.0006298110040592821
0.875,0.575,0.03145044142101601,0.026657373119539873,20.641133534355657,0.0002091027669879075,0.00020480404077776406,0.0006073242861117518,0.7644162562706368,0.00039882946461341633,0.0006296329625151384
0.9,0.575,0.03278875807722945,0.026657373119539873,20.201504102319362,0.0002260260580636876,0.00022357308719850533,0.0006629818682336013,0.8344703633294003,0.00043970779364182317,0.0006304888467188994
0.925,0.575,0.034127074733442904,0.026657373119539873,19.71758836012902,0.00024068381342960349,0.00023942337543154317,0.0007099841878618591,0.8936304167438581,0.0004764118121279566,0.0006318231677384199
0.95,0.575,0.03546539138965635,0.026657373119539873,19.216205400183433,0.00025185962100410497,0.0002514267132096191,0.0007455787909729305,0.9384320060690668,0.0005056498983400218,0.0006328412313675563
0.975,0.575,0.03680370804586979,0.026657373119539873,18.727502004505375,0.0002595837230209797,0.0002596699732227414,0.0007700232891561256,0.9691993773316975,0.0005283003768622656,0.000633220728736722
0.0,0.6,-0.016059799874561364,0.027816389342128565,18.012847395758996,0.00026269299102251223,0.0002623972348730961,0.0007781106893292449,0.9793786840129403,0.0005449007382983498,0.0006331457551035444
0.025,0.6,-0.014721483218347917,0.027816389342128565,17.546419229925323,0.0002662725537966973,0.00026628460626598125,0.0007896382697767276,0.9938880163268828,0.0005591789245250436,0.0006330684156132281
0.05,0.6,-0.01338316656213447,0.027816389342128565,17.17625570423858,0.00026773773156526755,0.00026792214202369665,0.000794494205388448,1.0,0.000570803227309029,0.0006330455053630076
0.075,0.6,-0.012044849905921022,0.027816389342128565,16.93462200039179,0.00026727620585476313,0.00026756677705536906,0.0007934404089160783,0.9986736259808786,0.0005804555789790903,0.0006330338860675836
0.1,0.6,-0.010706533249707575,0.027816389342128565,16.850823404739792,0.0002648716270951811,0.00026524130033179556,0.0007865444585937587,0.9899939524533065,0.0005885964677765661,0.0006329859711737033
0.125,0.6,-0.009368216593494127,0.027816389342128565,16.949858362534425,0.00026029279751549176,0.00026074063688698285,0.0007731982267358816,0.9731955519522585,0.0005955421213193956,0.0006329202143984271
0.15,0.6,-0.008029899937280682,0.027816389342128565,17.249597075390334,0.00025307257599665154,0.0002535907457944249,0.000751995996120342,0.9465091010357621,0.0006014829731904234,0.0006328664603351535
0.175,0.6,-0.006691583281067235,0.027816389342128565,17.754814537999124,0.00024243104331716885,0.00024300065488712104,0.0007205922241258436,0.9069823533496107,0.0006065077773436997,0.000632830890580665
0.2,0.6,-0.005353266624853786,0.027816389342128565,18.44460241485008,0.00022713242000696652,0.00022771464094744308,0.0006752631990335948,0.8499284128868402,0.0006106482345945175,0.0006328090185717267
0.225,0.6,-0.00401494996864034,0.027816389342128565,19.244158993797864,0.0002054148796425418,0.00020592625163428626,0.0006106520813286624,0.7686048270548423,0.0006139088887817868,0.0006327931373230163
0.25,0.6,-0.002676633312426893,0.027816389342128565,19.96278582562397,0.00017707528398386207,0.00017733424335303092,0.0005258655656331185,0.66188722594397,0.0006162824145337443,0.0006327816816576882
0.275,0.6,-0.0013383166562134438,0.027816389342128565,20.248423173260907,0.00015485296870247783,0.0001546195162618395,0.0004585074931922995,0.5771061514138089,0.0006177511269055808,0.000632771107158398
0.3,0.6,0.0,0.027816389342128565,19.925712333420844,0.0001593835249399476,0.00015871539752891192,0.00047065338717503836,0.5923937317389548,0.0006182995719520516,0.0006327679018028418
0.325,0.6,0.0013383166562134508,0.027816389342128565,19.343053798397214,0.0001787948646372614,0.0001779364455532958,0.0005276513312849186,0.6641349020625478,0.0006179022446978216,0.0006327637639329768
0.35,0.6,0.0026766333124268946,0.027816389342128565,18.848708812498337,0.00019832771332776875,0.00019740087292557316,0.000585370990592177,0.7367844681837227,0.0006165369367836421,0.0006327610755815212
0.375,0.6,0.004014949968640342,0.027816389342128565,18.55396132494032,0.00021494254194265606,0.00021398826624635133,0.000634559115830037,0.7986957129785298,0.000614183091344095,0.0006327630266936727
0.4,0.6,0.005353266624853793,0.027816389342128565,18.44460241663902,0.00022867414415288925,0.0002277146409474431,0.0006752631990335949,0.8499284128868403,0.0006108112549137639,0.0006327644579046563
0.425,0.6,0.006691583281067236,0.027816389342128565,18.468691087739707,0.0002396703803861865,0.00023872592194310418,0.0007079159647918759,0.8910272220874892,0.0006063932250643726,0.0006327701599266136
0.45,0.6,0.008029899937280684,0.027816389342128565,18.577933421727572,0.00024790363036595654,0.00024699261773061343,0.0007324299592354717,0.9218820656814841,0.0006008845648797702,0.0006327790693437471
0.475,0.6,0.009368216593494131,0.027816389342128565,18.741732757551684,0.0002533556521197598,0.0002524924908856711,0.0007487392396818721,0.9424099440924114,0.0005942227301710472,0.0006327905770158687
0.5,0.6,0.010706533249707578,0.027816389342128565,18.9455618930021,0.0002561253179913968,0.0002553124771849871,0.0007571016047971945,0.952935338813489,0.0005863153159276792,0.0006328092389597769
0.525,0.6,0.012044849905921026,0.027816389342128565,19.183481926488604,0.00025639713606815816,0.00025564153321881353,0.000758077384962837,0.9541635166391103,0.0005770208895488108,0.0006328344651221156
0.55,0.6,0.013383166562134476,0.027816389342128565,19.45138395982277,0.00025437851698449784,0.0002537090347885375,0.0007523467693698908,0.9469506061432502,0.0005661419261711046,0.0006328648949712903
0.575,0.6,0.014721483218347917,0.027816389342128565,19.743198439451554,0.0002502611455793164,0.0002497157912005997,0.0007405052363507923,0.9320461135254484,0.0005534113717599778,0.0006329027567339556
0.6,0.6,0.016059799874561364,0.027816389342128565,20.04968659474168,0.0002442003437405782,0.00024382800791218487,0.0007230456502565054,0.910070388622898,0.0005385318041741536,0.0006329417299238396
0.625,0.6,0.017398116530774815,0.027816389342128565,20.358736188929228,0.00023632773056436745,0.00023625791527112644,0.0007005973572854723,0.881815565845358,0.0005212811762100309,0.0006329591143992703
0.65,0.6,0.018736433186988265,0.027816389342128565,20.656280415983314,0.00022678155437293296,0.00022740886730340392,0.0006743564602828717,0.8487871348956687,0.0005016625609702125,0.000632933655218644
0.675,0.6,0.02007474984320171,0.027816389342128565,20.92731382586355,0.0002158071717580075,0.0002174804753630846,0.0006449148851826271,0.8117301307028566,0.00048020964030151135,0.000632868022510065
0.7,0.6,0.021413066499415153,0.027816389342128565,21.15675705474178,0.00020395061299287846,0.00020648481703796875,0.0006123084467682794,0.7706896319890798,0.0004581221479830359,0.0006328233190163915
0.725,0.6,0.022751383155628604,0.027816389342128565,21.33010788193573,0.00019222272747273342,0.0001940508931376178,0.0005754369869686035,0.7242809111329618,0.00043702634451932027,0.0006328337883300085
0.75,0.6,0.024089699811842048,0.027816389342128565,21.433940957193514,0.0001820937029584614,0.00018047837766482707,0.0005351891567063196,0.6736224796562894,0.0004184796426735801,0.0006327903015393027
0.775,0.6,0.0254280164680555,0.027816389342128565,21.45640135174387,0.00017530118371046272,0.0001682217226746094,0.0004988433687336626,0.6278754021746021,0.0004029138373099378,0.000632514834600255
0.8,0.6,0.02676633312426895,0.027816389342128565,21.387872454753065,0.00017353309299692404,0.00016178119664537295,0.00047974468367825116,0.6038366050054349,0.0003852608805757465,0.0006318112925561862
0.825,0.6,0.028104649780482386,0.027816389342128565,21.22196249820191,0.000177969100468292,0.00016491968039592734,0.0004890515186217428,0.6155507684069682,0.0003798357701135038,0.0006308903129562175
0.85,0.6,0.029442966436695837,0.027816389342128565,20.956823911602115,0.00018860535995648956,0.00017772673677374438,0.000527029462525158,0.6633521792238626,0.00038267714574267986,0.0006300842982691304
0.875,0.6,0.030781283092909287,0.027816389342128565,20.59660953109661,0.00020370678991040613,0.00019617997750246056,0.0005817505569403646,0.7322275643985753,0.00039267412415372157,0.0006299697285391929
0.9,0.6,0.032119599749122735,0.027816389342128565,20.15265906540869,0.00022030864677369328,0.00021547925193150504,0.0006389804730132255,0.8042607091146903,0.00043122799349057037,0.0006307095033420484
0.925,0.6,0.033457916405336185,0.027816389342128565,19.643932260620808,0.0002354871995081256,0.00023245641503139383,0.0006893244184778122,0.8676267413942741,0.00047235402385342783,0.0006318746277986562
0.95,0.6,0.03479623306154962,0.027816389342128565,19.09636891605506,0.00024768650180082637,0.0002459733688284517,0.000729407486585397,0.9180777929384288,0.0005034277065833392,0.0006327893862525401
0.975,0.6,0.03613454971776307,0.027816389342128565,18.541228466775593,0.0002566471131385562,0.00025581977495648235,0.0007586059416049519,0.9548287910218937,0.0005268705902038315,0.0006331555849820024
0.0,0.625,-0.01672895820266809,0.028975405564717255,17.863976123444928,0.00025923345745910216,0.0002583722612227984,0.0007661750642336532,0.9643557612343455,0.0005426691112308546,0.0006331140726341159
0.025,0.625,-0.015390641546454642,0.028975405564717255,17.300370674712163,0.00026408741709535015,0.0002636247309811056,0.0007817506965999548,0.9839602243766364,0.0005575052145874442,0.0006330631050569231
0.05,0.625,-0.014052324890241195,0.028975405564717255,16.819065548785836,0.00026685035198860293,0.00026664988550619754,0.000790721465952708,0.9952513946481266,0.0005695177628741652,0.0006330392458032669
0.075,0.625,-0.012714008234027747,0.028975405564717255,16.458616562555203,0.00026767141526685094,0.0002676397302935811,0.0007936567438728907,0.9989459186613603,0.0005794781230937189,0.0006330145662315191
0.1,0.625,-0.0113756915778143,0.028975405564717255,16.256000194119217,0.0002665332892990179,0.0002666327457538475,0.0007906706398663643,0.9951874217632408,0.0005878940706004884,0.0006329647278214277
0.125,0.625,-0.010037374921600853,0.028975405564717255,16.245673651506117,0.000263228478426855,0.000263446237105052,0.0007812213922686636,0.9832940089055843,0.0005951031833899695,0.0006329074511328494
0.15,0.625,-0.008699058265387407,0.028975405564717255,16.45772836359132,0.0002573154088934894,0.0002576507521588417,0.0007640355069498878,0.9616627808837597,0.0006013018183738366,0.0006328584629468716
0.175,0.625,-0.00736074160917396,0.028975405564717255,16.91400941947532,0.00024803684577426446,0.00024848273870397376,0.000736848752209133,0.927443834343473,0.0006065881333033684,0.0006328253119448199
0.2,0.625,-0.006022424952960511,0.028975405564717255,17.620669016774404,0.00023413688355158245,0.00023467965743225052,0.0006959172039464292,0.8759248327131322,0.0006110059845514946,0.0006328029933740721
0.225,0.625,-0.0046841082967470655,0.028975405564717255,18.553961323607986,0.00021338050752595992,0.00021398826624635133,0.000634559115830037,0.7986957129785298,0.0006145675388672498,0.0006327878545392704
0.25,0.625,-0.003345791640533618,0.028975405564717255,19.62890543294479,0.0001816751740740246,0.00018226109646066213,0.0005404756169534266,0.680276348509269,0.0006172702511080801,0.0006327766482571754
0.275,0.625,-0.002007474984320169,0.028975405564717255,20.62021323770064,0.00013559007186585815,0.00013589979447278108,0.0004029961779439489,0.5072361449721512,0.0006191042013453357,0.0006327700692826549
0.3,0.625,-0.0006691583281067254,0.028975405564717255,21.072451168334453,0.00010006954196609191,9.966274162133456e-5,0.00029553910741827793,0.37198396843408255,0.0006200490602787304,0.0006327625198163885
0.325,0.625,0.0006691583281067254,0.028975405564717255,20.76835290288296,0.00011748356034626892,0.00011643751337422656,0.00034528288317984884,0.4345945896622763,0.0006200890024264942,0.0006327611053623174
0.35,0.625,0.002007474984320169,0.028975405564717255,20.166870025042044,0.00015327704694557943,0.00015198359493327006,0.000450690952888501,0.5672677658714288,0.0006191994746718467,0.0006327597345253942
0.375,0.625,0.0033457916405336165,0.028975405564717255,19.628905435576442,0.00018362330346652123,0.00018226109646066213,0.0005404756169534266,0.680276348509269,0.0006173568720526877,0.0006327595950912362
0.4,0.625,0.004684108296747067,0.028975405564717255,19.244158997008572,0.00020728541638745986,0.00020592625163428626,0.0006106520813286624,0.7686048270548423,0.0006145375572259455,0.0006327636753761729
0.425,0.625,0.006022424952960511,0.028975405564717255,19.0000251554102,0.0002255228493291564,0.00022420723911787348,0.000664862377330268,0.8368372894616647,0.000610708755980697,0.0006327683201754385
0.45,0.625,0.007360741609173958,0.028975405564717255,18.866059829105257,0.0002390510623887589,0.00023780340480428086,0.000705180339749352,0.887583993648603,0.0006058316725657443,0.0006327774047716906
0.475,0.625,0.008699058265387406,0.028975405564717255,18.821097022143253,0.0002483459358161371,0.0002471798517239382,0.0007329851814415376,0.9225809030075467,0.0005998466770500556,0.0006327902738323063
0.5,0.625,0.010037374921600853,0.028975405564717255,18.854997669876802,0.0002538924343308098,0.0002528068618855043,0.0007496714729636125,0.9435833110917147,0.0005926673819461054,0.0006328076038519319
0.525,0.625,0.0113756915778143,0.028975405564717255,18.962351056306588,0.0002561703008367374,0.0002551574028729206,0.0007566417486561125,0.9523565351696575,0.0005841582397502094,0.0006328335686354353
0.55,0.625,0.012714008234027751,0.028975405564717255,19.136870952667163,0.00025559820365742545,0.0002546655662744829,0.0007551832602889129,0.950520790670443,0.0005741177487776028,0.0006328649080299062
0.575,0.625,0.014052324890241191,0.028975405564717255,19.368756074679844,0.00025251351761737214,0.0002517031874634373,0.000746398645543137,0.9394639262072454,0.0005622583269765339,0.0006329006926941913
0.6,0.625,0.015390641546454639,0.028975405564717255,19.64435830260817,0.00024717783500224954,0.0002465689415123521,0.0007311735931216933,0.9203007248670924,0.0005482217136099301,0.0006329357416401565
0.625,0.625,0.01672895820266809,0.028975405564717255,19.947023700613038,0.0002398024591804821,0.00023951090895281212,0.000710243759074974,0.8939571292753711,0.0005316529314957727,0.0006329500344891615
0.65,0.625,0.01806727485888154,0.028975405564717255,20.258297896893914,0.0002305851713245835,0.00023096566956652622,0.0006849037736419641,0.8620626418629417,0.0005123765772498992,0.0006329120248715625
0.675,0.625,0.019405591515094984,0.028975405564717255,20.559060420560275,0.0002197966488481717,0.0002213416111401475,0.0006563646667420146,0.8261415404799605,0.000490759144175593,0.0006328390770641458
0.7,0.625,0.020743908171308428,0.028975405564717255,20.830409109623957,0.00020796119260523964,0.0002109347180258557,0.0006255041480370302,0.7872985652943882,0.00046794229145824453,0.0006328021659774206
0.725,0.625,0.02208222482752188,0.028975405564717255,21.054274575023275,0.00019598680729320046,0.00019952008813861084,0.0005916552946590673,0.7446942855546597,0.0004457057148084888,0.0006328035820650742
0.75,0.625,0.023420541483735322,0.028975405564717255,21.213845476868936,0.00018517588623643405,0.00018672656968912962,0.0005537174960214914,0.696943404075257,0.0004259959434494067,0.0006327370361606156
0.775,0.625,0.024758858139948773,0.028975405564717255,21.293951984452715,0.00017711847308574428,0.00017380440628286478,0.0005153982146443963,0.6487123646073734,0.00040997758810557477,0.0006324432231098769
0.8,0.625,0.026097174796162224,0.028975405564717255,21.28159008559316,0.00017350662828490777,0.0001645090029181646,0.00048783369887044656,0.614017944450498,0.0003965341951989703,0.0006317819433233988
0.825,0.625,0.02743549145237566,0.028975405564717255,21.166756343771045,0.00017576683136759965,0.0001635244313641579,0.0004849140581549008,0.6103431023991097,0.0003822423288169555,0.0006309577098638937
0.85,0.625,0.02877380810858911,0.028975405564717255,20.943674245149467,0.00018432841359265764,0.0001725826660497205,0.0005117752757995837,0.6441523076299392,0.00038680278631690466,0.0006302618428082838
0.875,0.625,0.030112124764802562,0.028975405564717255,20.612316626024967,0.00019790577622652933,0.00018907228980922123,0.0005606734759520752,0.7056986346148969,0.0003908120686321362,0.0006302030833616409
0.9,0.625,0.03145044142101601,0.028975405564717255,20.179901129150437,0.00021380685666608947,0.00020796870677341808,0.0006167087616782192,0.7762281430066503,0.00041408510470783384,0.0006308836525377528
0.925,0.625,0.03278875807722946,0.028975405564717255,19.661866736831925,0.000229107542822252,0.00022531362704972878,0.0006681432513712533,0.8409668023249854,0.0004620570891432031,0.0006319316684330712
0.95,0.625,0.0341270747334429,0.028975405564717255,19.081871799953472,0.0002420119580127911,0.00023954112716799918,0.0007103333679317933,0.8940699165760354,0.0004983004429850024,0.000632751545174372
0.975,0.625,0.03546539138965635,0.028975405564717255,18.470647874832604,0.00025199763271951985,0.0002504850939529528,0.000742786520660918,0.9349174803581496,0.000523703871434698,0.00063309512872836
0.0,0.65,-0.017398116530774815,0.030134421787305948,17.854780483077445,0.00025435035130040725,0.0002531035399572175,0.0007505512397759468,0.9446906405176154,0.0005386988788940359,0.00063308359926365
0.025,0.65,-0.016059799874561367,0.030134421787305948,17.20278364290317,0.00026034079183782975,0.00025947346097049477,0.0007694405532742812,0.9684659095758699,0.0005545599810019932,0.0006330595558434492
0.05,0.65,-0.01472148321834792,0.030134421787305948,16.61309786555063,0.0002643484544774772,0.00026375765961944174,0.0007821448821349409,0.9844563708964129,0.0005671947269605736,0.0006330430293682461
0.075,0.65,-0.013383166562134473,0.030134421787305948,16.129190479345034,0.0002664950425116912,0.0002661197555433204,0.0007891494227448292,0.9932727229382301,0.0005775865918048061,0.0006330067604655503
0.1,0.65,-0.012044849905921026,0.030134421787305948,15.794374985931434,0.0002667646153813296,0.0002665583433457129,0.0007904500075525009,0.9949097201609296,0.0005863466936607948,0.0006329527319538186
0.125,0.65,-0.010706533249707578,0.030134421787305948,15.651034109811778,0.0002649747104444357,0.00026492504391721443,0.0007856066343180053,0.9888135482799434,0.0005938583057140006,0.0006328981003572434
0.15,0.65,-0.009368216593494133,0.030134421787305948,15.739168095032372,0.00026072998909604846,0.00026083494478867193,0.0007734778866432278,0.9735475493682867,0.0006003358256118953,0.0006328553466848764
0.175,0.65,-0.008029899937280685,0.030134421787305948,16.093141937405726,0.000253358257567647,0.00025362267790844927,0.0007520906873592465,0.9466282853397662,0.0006058943877498612,0.0006328228666444406
0.2,0.65,-0.006691583281067236,0.030134421787305948,16.735506238058665,0.00024178250733583752,0.00024220832056818283,0.0007182426421899425,0.9040250228619047,0.0006105894818751851,0.0006328005991143508
0.225,0.65,-0.005353266624853791,0.030134421787305948,17.666823518154175,0.0002241422313253515,0.00022472928311585602,0.0006664104424816665,0.8387857808929416,0.0006144462041741698,0.0006327854295416149
0.25,0.65,-0.004014949968640344,0.030134421787305948,18.84870881151685,0.00019666533077899868,0.00019740087292557316,0.000585370990592177,0.7367844681837227,0.0006174692423145537,0.0006327747944217074
0.275,0.65,-0.0026766333124268946,0.030134421787305948,20.16687002300931,0.00015117405061778884,0.00015198359493327006,0.000450690952888501,0.5672677658714288,0.0006196516689535551,0.0006327668915769264
0.3,0.65,-0.0013383166562134508,0.030134421787305948,21.328301261807454,7.901482467167203e-5,7.954670156316131e-5,0.0002358871609951003,0.2969023051335777,0.0006209826892930739,0.0006327638193064697
0.325,0.65,0.0,0.030134421787305948,21.759649392757623,3.4859497763640716e-5,3.436754274399147e-5,0.00010191324000808422,0.1282743653973616,0.000621440624784165,0.0006327590151817048
0.35,0.65,0.0013383166562134438,0.030134421787305948,21.328301265049166,8.088574949237983e-5,7.954670156316131e-5,0.0002358871609951003,0.2969023051335777,0.000621008886421939,0.0006327590422077452
0.375,0.65,0.002676633312426891,0.030134421787305948,20.620213242359988,0.0001375115300879173,0.00013589979447278108,0.0004029961779439489,0.5072361449721512,0.0006196621121906391,0.000632759819818172
0.4,0.65,0.004014949968640342,0.030134421787305948,19.962785831115255,0.00017897839903383686,0.00017733424335303092,0.0005258655656331185,0.66188722594397,0.0006173751368465143,0.0006327622605817302
0.425,0.65,0.005353266624853786,0.030134421787305948,19.43386510179109,0.0002082859741144934,0.0002067004681386673,0.00061294793684027,0.7714945341112772,0.0006141192767730041,0.0006327685051587719
0.45,0.65,0.006691583281067233,0.030134421787305948,19.041062737399038,0.00022884156476696234,0.0002273492928330717,0.0006741797986187385,0.8485647774977985,0.0006098540948013059,0.0006327770435058683
0.475,0.65,0.00802989993728068,0.030134421787305948,18.779715362564097,0.00024277704653834646,0.00024138790888100916,0.0007158097998478758,0.9009628956298034,0.0006045255234453414,0.0006327898381957737
0.5,0.65,0.009368216593494127,0.030134421787305948,18.644451673486856,0.00025152094484191166,0.0002502296587717988,0.0007420290551907396,0.9339640870356545,0.0005980528621220072,0.0006328085373353715
0.525,0.65,0.010706533249707575,0.030134421787305948,18.62820649050032,0.0002560695556320923,0.00025486099269109576,0.0007557627762423388,0.9512502056233721,0.0005903070214757757,0.0006328344656450712
0.55,0.65,0.012044849905921026,0.030134421787305948,18.720037920116862,0.00025712399063672396,0.0002559888121459239,0.0007591072031524,0.9554597100947434,0.0005810891192143007,0.0006328659997974748
0.575,0.65,0.013383166562134466,0.030134421787305948,18.904465842159567,0.0002551887382432963,0.00025415158614762424,0.0007536591076773013,0.9486023970543859,0.0005700973955536557,0.0006329020692061878
0.6,0.65,0.014721483218347913,0.030134421787305948,19.1621417181329,0.0002506410442031914,0.0002497873126470497,0.000740717325483614,0.932313062146827,0.0005569274310485113,0.0006329336828367443
0.625,0.65,0.016059799874561364,0.030134421787305948,19.471132141373936,0.00024378004973699905,0.00024322184824089984,0.0007212481491513763,0.9078079415302219,0.0005411095944382566,0.000632939234614043
0.65,0.65,0.017398116530774815,0.030134421787305948,19.80826821999288,0.00023487004764837847,0.0002348810599301586,0.0006965144413241616,0.8766765529568821,0.0005222752116234588,0.0006328949594142492
0.675,0.65,0.01873643318698826,0.030134421787305948,20.150268882432016,0.00022421966272656024,0.0002252234123697443,0.0006678757294712443,0.8406300825626579,0.0005005676833435685,0.0006328134720570819
0.7,0.65,0.020074749843201702,0.030134421787305948,20.474540703526273,0.0002123431288999198,0.00021480839468929495,0.0006369911182418993,0.8017567830220468,0.00047700445901545705,0.0006327698501251531
0.725,0.65,0.021413066499415153,0.030134421787305948,20.759679984140824,0.00020006251241742016,0.00020377481235081914,0.0006042722202576483,0.7605747356737543,0.00045347391418131173,0.0006327667559348843
0.75,0.65,0.022751383155628597,0.030134421787305948,20.985776306108612,0.00018853239042811547,0.00019177585108130955,0.000568690595210538,0.7157894813499504,0.0004322807629746033,0.0006327040274632503
0.775,0.65,0.024089699811842048,0.030134421787305948,21.13466281771637,0.00017920469000659182,0.00017913512142523412,0.000531205875255046,0.6686088729814288,0.00041510559237853926,0.0006323980579854805
0.8,0.65,0.0254280164680555,0.030134421787305948,21.190286676079225,0.0001737515342258574,0.00016854180914997968,0.0004997925506414515,0.6290701017725994,0.0004020748213205964,0.0006317497398288835
0.825,0.65,0.026766333124268935,0.030134421787305948,21.139374343577323,0.00017379542609145351,0.0001645433364723304,0.00048793551132099314,0.6141460919559877,0.0003890991497872505,0.000630978573686209
0.85,0.65,0.028104649780482386,0.030134421787305948,20.97251480258319,0.00018016665227836521,0.000170171575407256,0.0005046254466378903,0.6351530863477681,0.0003889369282305323,0.0006303649880815528
0.875,0.65,0.029442966436695837,0.030134421787305948,20.68565036099459,0.0001920315384877785,0.00018414021362595447,0.0005460479361645005,0.687290017297891,0.00039137616526499676,0.0006303592864821776
0.9,0.65,0.03078128309290928,0.030134421787305948,20.281749978425243,0.00020697436592138826,0.0002018574462648135,0.0005985864779989697,0.7534183055574406,0.00039960918799657733,0.0006310139236077968
0.925,0.65,0.032119599749122735,0.030134421787305948,19.772214772329882,0.00022208547015090306,0.0002189206130168692,0.0006491854580149105,0.8171053402428625,0.0004389793382437259,0.0006319933489355197
0.95,0.65,0.03345791640533617,0.030134421787305948,19.17747636065917,0.0002353844979049142,0.00023313286226764313,0.0006913303497733435,0.8701515317350047,0.00048712381186115795,0.0006327429057591629
0.975,0.65,0.03479623306154962,0.030134421787305948,18.526431119138252,0.00024613111394374237,0.0002444070959760744,0.0007247628734307257,0.9122317929007061,0.0005177023934785809,0.000633051698870962
0.0,0.675,-0.018067274858881537,0.03129343800989464,17.990385249159964,0.0002485294206679181,0.00024720119100101444,0.0007330484607653597,0.9226605503144659,0.0005319177464450195,0.0006330746059606091
0.025,0.675,-0.01672895820266809,0.03129343800989464,17.266078890761488,0.00025546693063320926,0.0002542877518075504,0.0007540628922505624,0.9491106255229166,0.0005498549484171845,0.0006330567661032668
0.05,0.675,-0.015390641546454642,0.03129343800989464,16.580331118130474,0.0002605610330878646,0.00025961010966857225,0.0007698457702450639,0.9689759409493328,0.0005635629376536441,0.0006330404547036685
0.075,0.675,-0.014052324890241195,0.03129343800989464,15.979970895722118,0.00026393166340327856,0.0002632033349754998,0.0007805010922107884,0.982387394290915,0.0005746193144200042,0.0006330031554458067
0.1,0.675,-0.012714008234027747,0.03129343800989464,15.513061895511592,0.0002655813544588019,0.0002650494594590405,0.0007859755751837899,0.9892779202832661,0.0005838506720141127,0.0006329483644771681
0.125,0.675,-0.0113756915778143,0.03129343800989464,15.228327977704499,0.00026535675665927166,0.0002650100776085799,0.0007858587925552543,0.9891309303773065,0.0005917332998887373,0.0006328950624090807
0.15,0.675,-0.010037374921600855,0.03129343800989464,15.17405882953534,0.0002629069145770217,0.0002627473535170915,0.0007791489283928463,0.9806854765062775,0.0005985294746710568,0.0006328533817290979
0.175,0.675,-0.008699058265387407,0.03129343800989464,15.39514562505923,0.0002576358358697425,0.0002576722613709898,0.0007640992901978308,0.9617430624610329,0.0006043803375013804,0.0006328214603627052
0.2,0.675,-0.007360741609173958,0.03129343800989464,15.92686648490842,0.0002486387607241279,0.0002488859670599937,0.000738044482393605,0.9289488549922862,0.0006093630634799916,0.0006327995331666397
0.225,0.675,-0.006022424952960513,0.03129343800989464,16.78464835345526,0.00023450048496533716,0.0002349758602455423,0.0006967955614311914,0.8770303882713792,0.0006135154389191738,0.0006327846039105277
0.25,0.675,-0.0046841082967470655,0.03129343800989464,17.949354063097246,0.00021257931171522263,0.0002133069586441554,0.000632538771643688,0.7961527816737493,0.0006168522213872757,0.0006327743816603289
0.275,0.675,-0.0033457916405336165,0.03129343800989464,19.343053797738122,0.00017693242080683394,0.0001779364455532958,0.0005276513312849186,0.6641349020625478,0.0006193748165984355,0.0006327673525529064
0.3,0.675,-0.0020074749843201727,0.03129343800989464,20.768352901840178,0.00011521951196344162,0.00011643751337422656,0.00034528288317984884,0.4345945896622763,0.0006210740714628142,0.0006327615616166245
0.325,0.675,-0.0006691583281067219,0.03129343800989464,21.759649392805105,3.351089717364464e-5,3.436754274399148e-5,0.00010191324000808425,0.12827436539736162,0.0006219387564215928,0.0006327606426229115
0.35,0.675,0.0006691583281067219,0.03129343800989464,21.759649395907342,3.4732233294689074e-5,3.436754274399147e-5,0.00010191324000808422,0.1282743653973616,0.0006219463368390434,0.0006327581619671246
0.375,0.675,0.002007474984320169,0.03129343800989464,21.072451174913937,0.00010082848951666697,9.966274162133454e-5,0.0002955391074182779,0.3719839684340825,0.000621078715235789,0.0006327600627332701
0.4,0.675,0.00334579164053362,0.03129343800989464,20.248423181338374,0.00015606688643009096,0.0001546195162618395,0.0004585074931922995,0.5771061514138089,0.0006193081673337052,0.0006327630014136777
0.425,0.675,0.004684108296747064,0.03129343800989464,19.504811637884263,0.0001940894028827354,0.00019258081536861662,0.0005710776299549586,0.7187939522802994,0.0006166068417993629,0.0006327687856983002
0.45,0.675,0.006022424952960511,0.03129343800989464,18.9074925984144,0.00022005193792392334,0.00021856698397525626,0.0006481368092459196,0.8157854454445385,0.0006129372971742195,0.0006327786120282661
0.475,0.675,0.007360741609173958,0.03129343800989464,18.475662413207225,0.00023769752137377067,0.0002362682859543348,0.000700628110427608,0.8818542736696909,0.0006082463916466899,0.0006327918673359923
0.5,0.675,0.008699058265387406,0.03129343800989464,18.21132594467486,0.0002492350120806383,0.00024786914458022047,0.0007350292050373308,0.9251536386951453,0.0006024598886669402,0.000632812244544258
0.525,0.675,0.010037374921600853,0.03129343800989464,18.106831962830782,0.0002559690620439928,0.00025466189981907195,0.0007551723878109748,0.9505071058910395,0.0005954560324709714,0.0006328384682615947
0.55,0.675,0.011375691577814304,0.03129343800989464,18.14714212033924,0.0002587181116040809,0.00025746170964009783,0.0007634749217568179,0.960957193367491,0.0005870409755531013,0.0006328718724366961
0.575,0.675,0.012714008234027744,0.03129343800989464,18.311450722275417,0.00025805183175880395,0.000256857944115439,0.0007616845202351986,0.9587036822537831,0.0005769068864647375,0.0006329056118480658
0.6,0.675,0.014052324890241191,0.03129343800989464,18.57500506578385,0.00025440721873814793,0.0002533539417231268,0.0007512937791962846,0.9456252469820827,0.0005646158894317699,0.0006329319591031583
0.625,0.675,0.015390641546454642,0.03129343800989464,18.910932476734075,0.0002481470651426771,0.00024735125785825725,0.0007334934678394286,0.9232206639956618,0.0005496032116003554,0.0006329323343789264
0.65,0.675,0.016728958202668093,0.03129343800989464,19.291775914811815,0.0002395953428667796,0.00023927858831951414,0.0007095548373025768,0.8930900093294675,0.0005313122263645165,0.0006328779495533877
0.675,0.675,0.018067274858881537,0.03129343800989464,19.69059420863406,0.00022910107041553424,0.00022955625117089464,0.0006807242954553566,0.8568020897301997,0.000509626373177858,0.0006327848001369509
0.7,0.675,0.01940559151509498,0.03129343800989464,20.081637797888202,0.00021717576886767982,0.00021881483540022855,0.0006488717859053715,0.8167105329460798,0.0004853477675894158,0.0006327442524584732
0.725,0.675,0.02074390817130843,0.03129343800989464,20.440699131096004,0.00020457123843600953,0.000207535458738464,0.0006154240113747653,0.7746110760793645,0.0004603983157603774,0.0006327312819571324
0.75,0.675,0.022082224827521875,0.03129343800989464,20.745271781629363,0.0001923055066934647,0.00019573433091204194,0.0005804290400583915,0.7305642207605597,0.00043745763242922654,0.0006326557639394681
0.775,0.675,0.023420541483735326,0.03129343800989464,20.974665286843955,0.00018169699732575742,0.00018348323636386074,0.000544099740976664,0.6848378972262485,0.00041871435861623555,0.0006323539221506126
0.8,0.675,0.024758858139948776,0.03129343800989464,21.110233283696537,0.0001743944055805138,0.0001724032640396715,0.0005112432784949101,0.6434827026144899,0.0004048597080174043,0.0006317306626516408
0.825,0.675,0.026097174796162213,0.03129343800989464,21.135878861574867,0.00017219901376157637,0.00016644149898435769,0.0004935643074529601,0.6212308461225896,0.0003944274813439484,0.0006309766926110403
0.85,0.675,0.027435491452375664,0.03129343800989464,21.03897968747979,0.00017629833203812808,0.0001691953252829186,0.0005017304822242093,0.6315093034302254,0.0003884047179216422,0.0006304140005445982
0.875,0.675,0.028773808108589115,0.03129343800989464,20.811788544875675,0.00018629275505979242,0.00018062364621390314,0.0005356199349152215,0.6741646839996065,0.0003917246187750984,0.0006304664993708518
0.9,0.675,0.03011212476480256,0.03129343800989464,20.453183706995276,0.00020007655004522469,0.00019691581434470921,0.0005839326017047955,0.7349740221444362,0.00039400531868710373,0.0006311132285584254
0.925,0.675,0.03145044142101601,0.03129343800989464,19.970394611078135,0.00021478187433384414,0.00021329446380104466,0.0006325017195345426,0.7961061455763503,0.00041075151515461303,0.0006320317679356267
0.95,0.675,0.03278875807722945,0.03129343800989464,19.380135911777202,0.00022825081359609711,0.00022725175481426988,0.0006738905601475999,0.8482007239034778,0.0004622501778886519,0.0006327297919776246
0.975,0.675,0.0341270747334429,0.03129343800989464,18.708631692221502,0.00023953472605044902,0.00023831117036129726,0.0007066860637246019,0.8894791918326018,0.0005059088032317726,0.0006330293748046717
0.0,0.7,-0.01873643318698826,0.03245245423248332,18.266053919585126,0.00024216050940095019,0.00024115734399606344,0.0007151260845577852,0.9001023288875245,0.000519533112062471,0.0006330725458325228
0.025,0.7,-0.01739811653077481,0.03245245423248332,17.48949133323614,0.000249886065992252,0.00024853481374407263,0.0007370031751220412,0.9276382006608872,0.0005423001557313112,0.0006330570186283268
0.05,0.7,-0.016059799874561364,0.03245245423248332,16.72621582963164,0.00025589943769732166,0.00025461067643675796,0.00075502049039734,0.9503159183246551,0.0005581161176909825,0.0006330425190978133
0.075,0.7,-0.014721483218347917,0.03245245423248332,16.02506820120787,0.0002603310644774885,0.00025924862576116723,0.0007687738287190474,0.96762672843306,0.0005702964404236649,0.0006330049549053646
0.1,0.7,-0.01338316656213447,0.03245245423248332,15.43718935680863,0.0002632242104820777,0.0002623563580864629,0.0007779894736287817,0.9792261143659358,0.000580230564911949,0.0006329487999261303
0.125,0.7,-0.012044849905921022,0.03245245423248332,15.015701579942753,0.00026447663573455997,0.00026381320954567454,0.0007823096094477653,0.9846637069747722,0.000588611485026026,0.0006328964620958433
0.15,0.7,-0.010706533249707577,0.03245245423248332,14.815154312521187,0.00026379135681599183,0.00026334391820583925,0.0007809179766124875,0.9829121110212217,0.0005957987342115437,0.0006328529183874839
0.175,0.7,-0.00936821659349413,0.03245245423248332,14.88909304959461,0.00026063512264418387,0.00026041250481708745,0.0007722251864855878,0.9719708227551234,0.0006019850924347892,0.0006328228946786295
0.2,0.7,-0.00802989993728068,0.03245245423248332,15.28379647872773,0.0002542183038616124,0.0002542424620205493,0.0007539285902736379,0.9489415846714998,0.0006072783977609545,0.0006328000896425854
0.225,0.7,-0.006691583281067235,0.03245245423248332,16.026883840979366,0.00024344436857829519,0.00024374434693597783,0.0007227975626579531,0.9097581300854918,0.0006117362507676019,0.0006327856398818624
0.25,0.7,-0.005353266624853787,0.03245245423248332,17.11081943066226,0.00022658964135068233,0.0002272056711103179,0.0006737539038956152,0.8480287198145141,0.0006153878812475177,0.0006327753242834172
0.275,0.7,-0.004014949968640338,0.03245245423248332,18.469092094026017,0.00020019580897104888,0.00020118733347083826,0.0005965993308085636,0.7509171580639424,0.0006182439331077023,0.0006327682381701055
0.3,0.7,-0.0026766333124268946,0.03245245423248332,19.925712333370953,0.0001573019154418263,0.00015871539752891192,0.00047065338717503836,0.5923937317389548,0.0006203040812847646,0.000632764092199238
0.325,0.7,-0.0013383166562134438,0.03245245423248332,21.07245116958946,9.809019338124475e-5,9.966274162133453e-5,0.0002955391074182778,0.37198396843408243,0.0006215578383305875,0.000632760218653985
0.35,0.7,0.0,0.03245245423248332,21.32830126647544,7.873953052543208e-5,7.954670156316131e-5,0.0002358871609951003,0.2969023051335777,0.0006219930876998762,0.0006327610159983346
0.375,0.7,0.0013383166562134473,0.03245245423248332,20.768352909383417,0.00011660946781296916,0.00011643751337422656,0.00034528288317984884,0.4345945896622763,0.0006215860697818504,0.0006327610802398725
0.4,0.7,0.002676633312426898,0.03245245423248332,19.925712342538105,0.00015946075220496186,0.00015871539752891192,0.00047065338717503836,0.5923937317389548,0.0006203164211217111,0.0006327655250731103
0.425,0.7,0.004014949968640342,0.03245245423248332,19.093769405251933,0.00019270157218824764,0.0001916666738050628,0.0005683668417772348,0.7153819850697918,0.00061815297136543,0.0006327713493409203
0.45,0.7,0.005353266624853789,0.03245245423248332,18.389437443075124,0.00021718089793308455,0.00021600221644685948,0.0006405312678595737,0.806212636310421,0.0006150612118118552,0.0006327817473060736
0.475,0.7,0.006691583281067236,0.03245245423248332,17.860419575079856,0.00023499885773098196,0.00023375182568820057,0.0006931658190155116,0.8724617678949661,0.0006109913811617861,0.0006327970400378279
0.5,0.7,0.008029899937280684,0.03245245423248332,17.522957233375376,0.00024757563406774415,0.00024629995883207516,0.0007303759540045389,0.9192967664848354,0.0006058711820567031,0.0006328175581895485
0.525,0.7,0.009368216593494131,0.03245245423248332,17.37464659393251,0.0002557253677405911,0.0002544408977152403,0.0007545170299165258,0.9496822315370113,0.0005995885681536981,0.0006328472264780758
0.55,0.7,0.010706533249707582,0.03245245423248332,17.400214682440087,0.00025993586837364956,0.0002586517527180177,0.000767003866107697,0.965398943007633,0.0005919550257993274,0.0006328799668858011
0.575,0.7,0.012044849905921022,0.03245245423248332,17.575663319668863,0.00026057645734161347,0.0002593047144649193,0.0007689401537184753,0.9678360754595073,0.0005826626861483394,0.0006329132484746123
0.6,0.7,0.01338316656213447,0.03245245423248332,17.871912368105047,0.00025798928342097584,0.00025679939662161266,0.0007615109039590904,0.9584851579713772,0.0005712523388829414,0.0006329338622563445
0.625,0.7,0.01472148321834792,0.03245245423248332,18.257777871895705,0.00025251329870403015,0.0002515280918491004,0.0007458794183903201,0.9388103945020482,0.0005570856026319814,0.0006329249218046313
0.65,0.7,0.01605979987456137,0.03245245423248332,18.702047175639954,0.00024448663881187555,0.00024391539140949058,0.0007233047765897437,0.9103965412008285,0.0005394329428543758,0.0006328586402334121
0.675,0.7,0.017398116530774815,0.03245245423248332,19.174680535186088,0.00023427997315713446,0.0002343209857970547,0.0006948536019102261,0.8745861167992974,0.0005178978436830499,0.0006327607614717815
0.7,0.7,0.01873643318698826,0.03245245423248332,19.64736121651567,0.00022239612234207687,0.0002233105898617138,0.0006622034607028333,0.8334906110222233,0.0004929843619373709,0.0006327105079007852
0.725,0.7,0.02007474984320171,0.03245245423248332,20.09365536604882,0.00020952420353473645,0.00021146951999435881,0.0006270900455735184,0.7892946749270733,0.00046654685544020617,0.0006326935783566403
0.75,0.7,0.021413066499415153,0.03245245423248332,20.488998149570868,0.00019655720558117387,0.00019922525193153827,0.0005907809896976015,0.743593830755196,0.00044162618073943587,0.0006326200740165158
0.775,0.7,0.022751383155628604,0.03245245423248332,20.8106693162246,0.00018468066884604027,0.00018683497760276679,0.0005540389679929843,0.69734802876517,0.0004209930947787183,0.0006323013921155141
0.8,0.7,0.024089699811842055,0.03245245423248332,21.037895167029355,0.00017551424423644928,0.00017536078601542647,0.0005200134908196477,0.6545214392915555,0.0004057921365545777,0.0006316779754337064
0.825,0.7,0.02542801646805549,0.03245245423248332,21.152214768557897,0.00017103746551634219,0.00016782045194427972,0.000497653443676962,0.6263776882219636,0.0003951957742247819,0.000630958480373925
0.85,0.7,0.026766333124268942,0.03245245423248332,21.13825095660561,0.0001727855720803013,0.0001679243793185971,0.0004979616290925186,0.6267655896232155,0.0003867557402571558,0.0006304621803959945
0.875,0.7,0.028104649780482393,0.03245245423248332,20.984986995227644,0.00018077482794507207,0.00017680998493822218,0.0005243109338675408,0.6599304693621927,0.00039103445278573367,0.0006305408731212797
0.9,0.7,0.029442966436695837,0.03245245423248332,20.687517273070803,0.00019322625039431635,0.00019152372484240344,0.0005679429420515857,0.7148484384148583,0.0003913760779241916,0.0006311605838269362
0.925,0.7,0.030781283092909287,0.03245245423248332,20.248998111156865,0.00020736247444419557,0.00020746291656505882,0.0006152088953862869,0.7743403176685171,0.0003962136802924471,0.0006320464272081461
0.95,0.7,0.032119599749122735,0.03245245423248332,19.682253607010598,0.00022085817539444706,0.00022128484246924712,0.0006561963253733717,0.8259296555253554,0.00042466714678569253,0.0006327274588112494
0.975,0.7,0.03345791640533617,0.03245245423248332,19.010392063635454,0.000232537773637985,0.00023234465089643102,0.0006889929939940891,0.8672095898512228,0.0004809374170183185,0.0006330238452854964
0.0,0.725,-0.019405591515094984,0.03361147045507201,18.67102880005426,0.0002354328838594068,0.00023489753332369063,0.0006965632913953257,0.876738038705718,0.0004947969526844552,0.0006330767303597588
0.025,0.725,-0.018067274858881537,0.03361147045507201,17.863331518302196,0.00024385731105873595,0.00024253882691021152,0.0007192227230880815,0.9052586138579017,0.0005292351097446095,0.0006330627879780783
0.05,0.725,-0.01672895820266809,0.03361147045507201,17.043760010673438,0.0002506796535567757,0.00024909326807003815,0.000738659211172673,0.9297225910055872,0.0005497461446674505,0.0006330496921314926
0.075,0.725,-0.015390641546454642,0.03361147045507201,16.26235434300453,0.00025602951013445227,0.0002545703572173868,0.0007549009281024354,0.9501654297570937,0.0005640732726057357,0.0006330114742283894
0.1,0.725,-0.014052324890241195,0.03361147045507201,15.572046857047596,0.00025999943660094595,0.00025878053819072437,0.0007673857655320253,0.9658796254616248,0.0005751792625708723,0.0006329536773813913
0.125,0.725,-0.012714008234027747,0.03361147045507201,15.028452883517037,0.0002625641152248602,0.0002615735314911255,0.000775668085821407,0.9763042707682978,0.0005843002423871046,0.0006328995744773978
0.15,0.725,-0.011375691577814302,0.03361147045507201,14.689909629409478,0.0002635059807815458,0.0002627526627724755,0.000779164672416859,0.980705292917657,0.0005920143445135419,0.0006328569292336949
0.175,0.725,-0.010037374921600855,0.03361147045507201,14.615948528361415,0.0002623643232826779,0.00026186462456238683,0.0007765312909174808,0.9773907545843148,0.0005986160144936146,0.0006328252706852696
0.2,0.725,-0.008699058265387406,0.03361147045507201,14.86161431491037,0.00025842891252670513,0.00025820115943859487,0.0007656676803531924,0.9637171362110042,0.000604265992125605,0.0006328036172325388
0.225,0.725,-0.00736074160917396,0.03361147045507201,15.465320894321714,0.00025078749061067474,0.00025086807022770317,0.0007439221954834323,0.936346911579689,0.0006090556786452143,0.0006327878725969074
0.25,0.725,-0.006022424952960513,0.03361147045507201,16.429789627230903,0.00023829722424238537,0.00023873276549987558,0.0007079362586211132,0.8910527651677278,0.0006130335057079122,0.0006327780509193757
0.275,0.725,-0.004684108296747064,0.03361147045507201,17.69554418359292,0.0002191631238770681,0.0002200187617959835,0.000652441899737385,0.8212041010650165,0.0006162250628395369,0.00063277071611821
0.3,0.725,-0.00334579164053362,0.03361147045507201,19.09376939514883,0.00019032558271183834,0.0001916666738050628,0.0005683668417772348,0.7153819850697918,0.0006186397990721002,0.0006327660920478256
0.325,0.725,-0.002007474984320169,0.03361147045507201,20.248423174700946,0.0001529386936529497,0.0001546195162618395,0.0004585074931922995,0.5771061514138089,0.0006202758815213059,0.0006327645205747395
0.35,0.725,-0.0006691583281067254,0.03361147045507201,20.620213241994456,0.00013459778146456778,0.00013589979447278108,0.0004029961779439489,0.5072361449721512,0.000621121605830621,0.0006327628342801168
0.375,0.725,0.0006691583281067219,0.03361147045507201,20.16687003024996,0.00015149968723644192,0.00015198359493327006,0.000450690952888501,0.5672677658714288,0.0006211633155955453,0.0006327657182025307
0.4,0.725,0.0020074749843201727,0.03361147045507201,19.343053807004956,0.000178082051215792,0.00017793644555329577,0.0005276513312849185,0.6641349020625477,0.000620375513325732,0.0006327686366518705
0.425,0.725,0.0033457916405336165,0.03361147045507201,18.469092104621577,0.00020173361571682686,0.00020118733347083826,0.0005965993308085636,0.7509171580639424,0.0006187347070829683,0.000632776689862995
0.45,0.725,0.004684108296747064,0.03361147045507201,17.695544195015668,0.0002208211821861589,0.0002200187617959835,0.000652441899737385,0.8212041010650165,0.0006162034810102776,0.0006327873217582371
0.475,0.725,0.006022424952960511,0.03361147045507201,17.094967843007204,0.00023586115470397893,0.0002348885659407005,0.0006965366995885816,0.8767045685978635,0.000612736020036427,0.0006328037745500252
0.5,0.725,0.007360741609173958,0.03361147045507201,16.7006572042818,0.00024738066460107546,0.0002462903152285029,0.0007303473569386176,0.9192607724326103,0.0006082650284033786,0.0006328276834071287
0.525,0.725,0.008699058265387406,0.03361147045507201,16.52011007010698,0.0002556023995353131,0.00025442874163571135,0.0007544809823742323,0.949636859850158,0.0006026819496953973,0.0006328581813611472
0.55,0.725,0.010037374921600856,0.03361147045507201,16.54151814144592,0.0002605554504506987,0.00025932120260722816,0.0007689890475255457,0.9678976162570849,0.0005958082121174878,0.0006328942951857268
0.575,0.725,0.011375691577814297,0.03361147045507201,16.739474744696928,0.0002622472807059769,0.00026097096928613314,0.0007738812526144294,0.9740552509581358,0.0005873385441477763,0.0006329259498444234
0.6,0.725,0.012714008234027744,0.03361147045507201,17.080794293926324,0.00026076194471731846,0.00025950596646743325,0.0007695369448183538,0.9685872339900932,0.0005768021028128253,0.0006329393205774429
0.625,0.725,0.014052324890241195,0.03361147045507201,17.529465992538768,0.0002562754436736354,0.0002551593426174645,0.0007566475007592735,0.9523637751257478,0.0005635067831655888,0.0006329203088236622
0.65,0.725,0.015390641546454645,0.03361147045507201,18.049926817767123,0.0002490403594136491,0.000248277703724944,0.0007362407431005515,0.9266785561268946,0.0005465766900169715,0.0006328335735265787
0.675,0.725,0.01672895820266809,0.03361147045507201,18.608662688806852,0.00023938340909908452,0.0002391362473769368,0.0007091327405948801,0.892558732065475,0.0005253293062819134,0.0006327247048181462
0.7,0.725,0.018067274858881533,0.03361147045507201,19.17466751988311,0.00022776590396680218,0.00022817920591901102,0.0006766408163337153,0.8516623680129785,0.0004999023029419822,0.0006326689807109451
0.725,0.725,0.019405591515094984,0.03361147045507201,19.719339314244895,0.00021479876485668072,0.00021589516970877543,0.0006402138323073228,0.8058130921097233,0.0004719637623176368,0.0006326521656479377
0.75,0.725,0.020743908171308428,0.03361147045507201,20.21621437859295,0.00020124904676366607,0.00020288559713315364,0.0006016353484692913,0.7572558042448362,0.00044487712893533224,0.0006325802551452144
0.775,0.725,0.02208222482752188,0.03361147045507201,20.64075832385486,0.00018816996700753307,0.00018973226866762885,0.000562630572049931,0.7081619579274929,0.0004220916179471474,0.0006322516674670366
0.8,0.725,0.02342054148373533,0.03361147045507201,20.970331180801917,0.0001771475013398834,0.00017739674385680725,0.0005260509041337333,0.6621205045498525,0.00040524113082393613,0.0006316156695688893
0.825,0.725,0.024758858139948766,0.03361147045507201,21.18442147321413,0.00017033149752799902,0.00016819538268764137,0.0004987652603441954,0.6277770900800171,0.00039367919146980054,0.0006309077314951529
0.85,0.725,0.026097174796162217,0.03361147045507201,21.26526363350809,0.0001696175427444249,0.0001654336810182709,0.0004905757320105037,0.6174692385209392,0.0003856195234308399,0.0006304757197062663
0.875,0.725,0.027435491452375668,0.03361147045507201,21.19896085304412,0.00017545993019741322,0.00017116081790517087,0.0005075589385336361,0.6388453623591602,0.0003883811725944862,0.0006305864522953115
0.9,0.725,0.02877380810858911,0.03361147045507201,20.977164189422496,0.00018641833667501793,0.0001839145804918272,0.0005453788454493632,0.6864478579585284,0.0003889555132107144,0.0006311865703965228
0.925,0.725,0.030112124764802562,0.03361147045507201,20.59915249893313,0.0001998405567581062,0.00019943897125731863,0.0005914147512994963,0.744391522667354,0.0003896487173717231,0.000632050582935925
0.95,0.725,0.03145044142101601,0.03361147045507201,20.073840572426235,0.00021325987168042973,0.0002138701811849813,0.0006342089473210336,0.7982549690352406,0.00040014102158337074,0.0006327277723109179
0.975,0.725,0.032788758077229446,0.03361147045507201,19.42099403507165,0.000225259055011525,0.00022559509158838795,0.0006689779040927416,0.8420173483400821,0.0004394693169272922,0.0006330268250987856
0.0,0.75,-0.020074749843201706,0.03477048667766071,19.191083610478053,0.00022832913154580614,0.000227448581827796,0.0006744742294200581,0.8489353664829952,0.00045285457223394543,0.0006330952259562434
0.025,0.75,-0.01873643318698826,0.03477048667766071,18.37258126829231,0.00023742720365665322,0.00023608779035464187,0.0007000928702008356,0.8811805869100615,0.0005046138561329976,0.0006330810779269125
0.05,0.75,-0.01739811653077481,0.03477048667766071,17.517915265368668,0.0002450151557625174,0.00024324456021573726,0.0007213154990623055,0.9078927123321642,0.0005358798741815392,0.0006330593263502767
0.075,0.75,-0.016059799874561364,0.03477048667766071,16.67807314872796,0.000251204694415364,0.00024936350376353187,0.000739460565965331,0.9307312261689691,0.0005548072992587645,0.0006330204054739502
0.1,0.75,-0.014721483218347917,0.03477048667766071,15.907165225351108,0.00025612347329032216,0.0002545163353944635,0.0007547407322151044,0.9499637972137164,0.0005681166589816705,0.0006329645821641086
0.125,0.75,-0.01338316656213447,0.03477048667766071,15.261981862830694,0.00025982711949928787,0.00025849370679173743,0.000766535197965279,0.9648090480288661,0.0005784662637309478,0.0006329077877464456
0.15,0.75,-0.012044849905921024,0.03477048667766071,14.802373628033031,0.000262201231114171,0.00026113092065801786,0.0007743555711502042,0.9746522578746846,0.0005869647455377875,0.0006328633829134926
0.175,0.75,-0.010706533249707577,0.03477048667766071,14.590702126146537,0.0002628868955136339,0.00026209717901452134,0.0007772209060544104,0.9782587472420995,0.0005941290269777449,0.00063283016042129
0.2,0.75,-0.009368216593494127,0.03477048667766071,14.687401531281687,0.0002612584326430988,0.00026076310395222943,0.0007732648503938431,0.9732794086468821,0.0006002243358838789,0.0006328089652677693
0.225,0.75,-0.008029899937280682,0.03477048667766071,15.139266333033415,0.0002565065523630279,0.0002563391441902499,0.0007601460750316578,0.9567672990893665,0.0006053975211040575,0.0006327931274068313
0.25,0.75,-0.006691583281067235,0.03477048667766071,15.95879105405475,0.00024779115286317397,0.00024800012508084565,0.0007354176135801245,0.9256425139319431,0.0006097320678739444,0.00063278230440682
0.275,0.75,-0.005353266624853786,0.03477048667766071,17.094967831156374,0.000234244488835896,0.0002348885659407005,0.0006965366995885816,0.8767045685978635,0.0006132738457215613,0.0006327758185711806
0.3,0.75,-0.004014949968640342,0.03477048667766071,18.389437432449924,0.00021487090684966758,0.00021600221644685948,0.0006405312678595737,0.806212636310421,0.0006160462872259604,0.0006327706265144812
0.325,0.75,-0.002676633312426891,0.03477048667766071,19.5048116303479,0.00019106185885798974,0.00019258081536861662,0.0005710776299549586,0.7187939522802994,0.0006180588130211963,0.000632768316864175
0.35,0.75,-0.0013383166562134473,0.03477048667766071,19.96278582914385,0.0001759490470413938,0.00017733424335303092,0.0005258655656331185,0.66188722594397,0.0006193085581655095,0.0006327692554960139
0.375,0.75,0.0,0.03477048667766071,19.628905439195357,0.00018148481184144052,0.00018226109646066213,0.0005404756169534266,0.680276348509269,0.0006197824834025445,0.0006327705194772435
0.4,0.75,0.0013383166562134508,0.03477048667766071,18.848708819980367,0.0001972095746699521,0.00019740087292557316,0.000585370990592177,0.7367844681837227,0.0006194645122356467,0.0006327765041860067
0.425,0.75,0.0026766333124268946,0.03477048667766071,17.949354073192218,0.0002135374346111792,0.0002133069586441554,0.000632538771643688,0.7961527816737493,0.0006183268058768493,0.0006327832671815145
0.45,0.75,0.004014949968640342,0.03477048667766071,17.11081944189829,0.00022773412987368656,0.0002272056711103179,0.0006737539038956152,0.8480287198145141,0.0006163399346279649,0.0006327967250501078
0.475,0.75,0.005353266624853789,0.03477048667766071,16.429789639171165,0.0002394788709687892,0.00023873276549987558,0.0007079362586211132,0.8910527651677278,0.0006134567978847712,0.000632814771069361
0.5,0.75,0.006691583281067236,0.03477048667766071,15.9587910663296,0.0002489128695103989,0.00024800012508084565,0.0007354176135801245,0.9256425139319431,0.0006096145759489581,0.0006328409862931151
0.525,0.75,0.008029899937280684,0.03477048667766071,15.720052930152203,0.0002560749030721824,0.00025502912336137004,0.0007562613496050032,0.9518777411790539,0.0006047122554541126,0.0006328766585571724
0.55,0.75,0.009368216593494134,0.03477048667766071,15.71090732807711,0.00026082638852865334,0.000259674174166107,0.000770035746600426,0.9692150570486997,0.000598574956753777,0.000632915727988663
0.575,0.75,0.010706533249707575,0.03477048667766071,15.90895382226636,0.00026296709087360293,0.00026173017951731275,0.0007761326086419221,0.9768889481861628,0.0005909068258224656,0.0006329465708685707
0.6,0.75,0.012044849905921022,0.03477048667766071,16.279029562979503,0.00026233911968836284,0.0002610766939065728,0.0007741947675694522,0.9744498604504348,0.0005812307284238092,0.0006329532259480418
0.625,0.75,0.013383166562134473,0.03477048667766071,16.780441715630076,0.00025888909086109544,0.00025770674072253015,0.0007642015349947611,0.9618717541446686,0.0005688173710234881,0.0006329118697897351
0.65,0.75,0.014721483218347924,0.03477048667766071,17.372349511807258,0.0002526807979682748,0.00025178510587944034,0.0007466415657674134,0.9397696807648356,0.000552674338126071,0.0006327969252206199
0.675,0.75,0.016059799874561367,0.03477048667766071,18.016553041464366,0.00024389747806087585,0.00024344659672734644,0.0007219146165392635,0.9086467989861567,0.0005318527754550886,0.0006326649263277407
0.7,0.75,0.01739811653077481,0.03477048667766071,18.678272896780822,0.00023288617703564967,0.00023297414927970822,0.0006908597035315594,0.869559146996901,0.0005060738885862594,0.0006325998315365527
0.725,0.75,0.018736433186988262,0.03477048667766071,19.325902698600046,0.00022012797215066113,0.00022065694913464215,0.0006543343754345663,0.8235860891076554,0.00047668215173235284,0.0006326022480898551
0.75,0.75,0.020074749843201706,0.03477048667766071,19.930479182618072,0.00020623175140207223,0.00020702479978970033,0.0006139097073584642,0.7727050785201239,0.00044729092050756333,0.0006325472099133077
0.775,0.75,0.021413066499415156,0.03477048667766071,20.465250984024358,0.00019210245111188796,0.00019279834283492928,0.0005717226841867321,0.7196058578013198,0.00042214990504112974,0.000632198866978567
0.8,0.75,0.022751383155628607,0.03477048667766071,20.905485654869928,0.00017927849900649894,0.00017907056402902529,0.0005310144372618459,0.6683679171734421,0.00040346003658039184,0.0006315444507406963
0.825,0.75,0.024089699811842044,0.03477048667766071,21.22856661887628,0.0001700690326430752,0.00016781118590265207,0.0004976259662302514,0.6263431033923648,0.00039060208375687317,0.000630838256935758
0.85,0.75,0.025428016468055495,0.03477048667766071,21.414448084258183,0.00016675621990357934,0.00016186161710770385,0.0004799831618825307,0.6041367685593818,0.0003818359810730454,0.0006304401739252454
0.875,0.75,0.026766333124268946,0.03477048667766071,21.446585771570508,0.000170283877224213,0.00016365410354954784,0.00048529858703002176,0.6108270944440019,0.00037872103858177205,0.0006305886234283813
0.9,0.75,0.02810464978048239,0.03477048667766071,21.313460246454554,0.00017957643208459765,0.0001732754623864741,0.0005138296885887155,0.6467381198047774,0.00038588606870553616,0.0006312105789323755
0.925,0.75,0.02944296643669584,0.03477048667766071,21.010667523548957,0.00019213045945341102,0.00018779983327334333,0.0005569001433834135,0.7009492827089042,0.00038511146082978784,0.0006320586405905062
0.95,0.75,0.030781283092909284,0.03477048667766071,20.54322926599184,0.0002053669991994887,0.00020318125785183394,0.0006025120984309712,0.7583593364741887,0.00038879606276287585,0.0006327200368260066
0.975,0.75,0.03211959974912273,0.03477048667766071,19.927393972335114,0.00021763187986463856,0.0002166022845170064,0.0006423107049787655,0.8084523469428249,0.00040659704912768393,0.0006330303262148736
0.0,0.775,-0.02074390817130843,0.0359295029002494,19.809382833491288,0.00022067437567843158,0.00021734292378425453,0.0006445069908163867,0.8112167293923449,0.0004147652301961364,0.0006331153117131343
0.025,0.775,-0.019405591515094984,0.0359295029002494,18.998843697290376,0.00023045257125817463,0.00022819996769953525,0.00067670238315382,0.8517398598558229,0.00046364320505973733,0.0006331115684033181
0.05,0.775,-0.018067274858881537,0.0359295029002494,18.128769929004616,0.00023880898721029116,0.00023671897664095964,0.0007019645850326607,0.88353644403165,0.0005111523129798881,0.0006330811839995676
0.075,0.775,-0.01672895820266809,0.0359295029002494,17.251163525397885,0.0002458209448778624,0.00024367914924168418,0.0007226042259298658,0.9095147844112553,0.0005400131192440615,0.0006330341937610572
0.1,0.775,-0.015390641546454642,0.0359295029002494,16.421284385225434,0.0002516252562882932,0.0002496025364854955,0.0007401693917124823,0.9316233984999237,0.0005578658493316235,0.0006329769670000687
0.125,0.775,-0.014052324890241195,0.0359295029002494,15.69657564529083,0.00025633748259184456,0.00025463179968694395,0.0007550831291167269,0.9503947593268449,0.0005704880695641395,0.0006329200093469552
0.15,0.775,-0.01271400823402775,0.0359295029002494,15.136926725928873,0.0002599469990026988,0.0002585426063179037,0.0007666802042342342,0.964991561970405,0.0005802858891625817,0.0006328727703024311
0.175,0.775,-0.011375691577814302,0.0359295029002494,14.804774841756016,0.00026222057909953045,0.00026113093020632125,0.0007743555994646677,0.9746522935130358,0.0005882911728310571,0.0006328391104305673
0.2,0.775,-0.010037374921600853,0.0359295029002494,14.762107613829393,0.0002626476125022044,0.00026187466145904275,0.0007765610542516082,0.9774282165745038,0.0005949944703338515,0.0006328152426646348
0.225,0.775,-0.008699058265387407,0.0359295029002494,15.060349060446814,0.00026050386420898414,0.0002600712697483532,0.0007712132907059523,0.9706971875633592,0.0006006498157994605,0.000632800576751349
0.25,0.775,-0.00736074160917396,0.0359295029002494,15.720052917779558,0.00025507633892852134,0.00025502912336137004,0.0007562613496050032,0.9518777411790539,0.00060540003357192,0.0006327886379822353
0.275,0.775,-0.006022424952960511,0.0359295029002494,16.700657192291942,0.00024590489436000725,0.0002462903152285029,0.0007303473569386176,0.9192607724326103,0.0006093266883164884,0.0006327814073384772
0.3,0.775,-0.004684108296747067,0.0359295029002494,17.860419564218127,0.00023290204554117316,0.00023375182568820057,0.0006931658190155116,0.8724617678949661,0.0006124763091626014,0.0006327781319852845
0.325,0.775,-0.0033457916405336165,0.0359295029002494,18.907492590253298,0.00021733326009091967,0.00021856698397525626,0.0006481368092459196,0.8157854454445385,0.0006148706211640238,0.0006327751176554254
0.35,0.775,-0.0020074749843201727,0.0359295029002494,19.433865098423603,0.00020544601151232107,0.0002067004681386673,0.00061294793684027,0.7714945341112772,0.0006165189343173964,0.0006327751485352279
0.375,0.775,-0.0006691583281067254,0.0359295029002494,19.244158998974605,0.00020507845887285706,0.00020592625163428626,0.0006106520813286624,0.7686048270548423,0.0006174183095534467,0.0006327792283747987
0.4,0.775,0.0006691583281067254,0.0359295029002494,18.553961331046054,0.00021364174927043794,0.00021398826624635133,0.000634559115830037,0.7986957129785298,0.0006175539595544815,0.0006327844133540131
0.425,0.775,0.002007474984320169,0.0359295029002494,17.666823527418938,0.00022479227672806456,0.00022472928311585602,0.0006664104424816665,0.8387857808929416,0.0006169068601045161,0.000632795328874595
0.45,0.775,0.0033457916405336165,0.0359295029002494,16.784648364107255,0.00023534624572183632,0.0002349758602455423,0.0006967955614311914,0.8770303882713792,0.0006154445335254069,0.0006328088230031033
0.475,0.775,0.004684108296747064,0.0359295029002494,16.02688385258101,0.00024434995543628037,0.00024374434693597783,0.0007227975626579531,0.9097581300854918,0.0006131276468325597,0.0006328309351674537
0.5,0.775,0.006022424952960511,0.0359295029002494,15.465320906463091,0.00025166101240315324,0.00025086807022770317,0.0007439221954834323,0.936346911579689,0.0006098944608666093,0.0006328609574442598
0.525,0.775,0.007360741609173958,0.0359295029002494,15.13926634540261,0.0002572882845734441,0.00025633914419025,0.000760146075031658,0.9567672990893668,0.0006056499841310927,0.000632901967625836
0.55,0.775,0.008699058265387409,0.0359295029002494,15.060349072904618,0.00026115195134464363,0.0002600712697483533,0.0007712132907059525,0.9706971875633594,0.0006002276955927539,0.0006329470384427915
0.575,0.775,0.01003737492160085,0.0359295029002494,15.21579114824753,0.00026306915709077544,0.0002618810680544457,0.0007765800523190523,0.9774521287280666,0.0005933358942047155,0.0006329799820777103
0.6,0.775,0.011375691577814297,0.0359295029002494,15.574328286070667,0.00026281342478418963,0.0002615722118783366,0.0007756641726520578,0.9762993454090912,0.0005844992441881641,0.0006329747335070645
0.625,0.775,0.012714008234027747,0.0359295029002494,16.094306239391077,0.00026017863129303425,0.0002589746700602095,0.0007679614426456157,0.966604208611113,0.0005729654216332974,0.0006329047549399491
0.65,0.775,0.014052324890241198,0.0359295029002494,16.731097858883295,0.00025503208151968643,0.0002540499120845227,0.0007533576042130399,0.9482229059741282,0.0005576562412211986,0.0006327462887057296
0.675,0.775,0.015390641546454642,0.0359295029002494,17.44177482065799,0.00024735459186285607,0.00024675071824976593,0.000731712632424152,0.9209791933805225,0.0005373877125522416,0.0006325664248353938
0.7,0.775,0.016728958202668086,0.0359295029002494,18.18696023214914,0.00023729999845577783,0.00023716494272233238,0.0007032870493305876,0.8852009801465236,0.0005114442346319602,0.0006324873420389805
0.725,0.775,0.018067274858881537,0.0359295029002494,18.93093702717944,0.00022513821210562497,0.00022532969170209986,0.0006681908893646047,0.8410267624770271,0.0004807120437514414,0.0006325069267846991
0.75,0.775,0.01940559151509498,0.0359295029002494,19.64111259772519,0.00021124410902025316,0.00021152289899722742,0.0006272483352473327,0.7894939081911306,0.00044894189821469507,0.0006324949979808198
0.775,0.775,0.02074390817130843,0.0359295029002494,20.287492614765938,0.00019632595588997575,0.00019637044321322965,0.0005823153624558336,0.732938463876052,0.00042131084866060033,0.0006321665787289235
0.8,0.775,0.022082224827521882,0.0359295029002494,20.84240847987411,0.00018183854500264515,0.0001810091209208054,0.0005367630185687202,0.6756034404382891,0.0004006830121812608,0.00063149366545075
0.825,0.775,0.02342054148373532,0.0359295029002494,21.28053675112068,0.00017021936949486232,0.00016737142308676227,0.0004963218970468285,0.6247017205168468,0.00038635625043682826,0.0006307497385536453
0.85,0.775,0.02475885813994877,0.0359295029002494,21.57922419411461,0.0001641559869010845,0.000158003243680483,0.0004685415717735632,0.5897356690530947,0.00037644307414963865,0.0006303437732377059
0.875,0.775,0.02609717479616222,0.0359295029002494,21.719208680683202,0.0001651675242301812,0.00015541546903469615,0.00046086780526289175,0.5800769875188228,0.00036999798908044943,0.0006305380152674647
0.9,0.775,0.027435491452375664,0.0359295029002494,21.68589988190636,0.00017260045150704553,0.00016073320615607578,0.00047663698095252733,0.5999250563690237,0.00038134529790095727,0.0006312261808709892
0.925,0.775,0.028773808108589115,0.0359295029002494,21.471331812972785,0.0001841043624822353,0.00017277906588500388,0.0005123576783210523,0.6448853557975893,0.00038065704687921574,0.000632080997776107
0.95,0.775,0.03011212476480256,0.0359295029002494,21.076618953611458,0.00019701261864297852,0.00018831708369995397,0.0005584339937160989,0.7028798824820461,0.00038185281336684573,0.0006327181660446239
0.975,0.775,0.031450441421016,0.0359295029002494,20.514273942390773,0.00020946942865130393,0.00020391470944907184,0.0006046870700086726,0.7610968914657169,0.00039015192020364775,0.000633027940489107
0.0,0.8,-0.021413066499415156,0.03708851912283809,20.505970816152946,0.00021219028158066516,0.00020340893894592763,0.0006031872621504294,0.7592091396758723,0.00039367992520314264,0.0006331232699536405
0.025,0.8,-0.02007474984320171,0.03708851912283809,19.720614075589516,0.00022265776881027653,0.00021737009371995762,0.0006445875603292826,0.8113181392105028,0.0004231933559258336,0.0006331346430620737
0.05,0.8,-0.018736433186988262,0.03708851912283809,18.852963201516424,0.0002318129319080506,0.0002284881597848363,0.0006775569856890231,0.8528155159517478,0.0004715801319994062,0.0006331152439958531
0.075,0.8,-0.017398116530774815,0.03708851912283809,17.95609986592465,0.0002396629297352168,0.00023703399768051984,0.0007028987459370771,0.8847122372571772,0.0005150068399178882,0.0006330604185205534
0.1,0.8,-0.016059799874561367,0.03708851912283809,17.0866791488474,0.0002463360004337343,0.00024394967198810907,0.0007234064319470204,0.9105244909789229,0.000542039669489582,0.0006329926264613524
0.125,0.8,-0.01472148321834792,0.03708851912283809,16.302885645045656,0.0002519838376471905,0.00024986463014576644,0.0007409466021840823,0.93260164411371,0.0005591624209505262,0.0006329316479429326
0.15,0.8,-0.013383166562134475,0.03708851912283809,15.66410459326488,0.0002566737405290871,0.00025492056995813587,0.0007559394461998075,0.9514725734597522,0.0005713171351626638,0.000632883701216447
0.175,0.8,-0.012044849905921027,0.03708851912283809,15.231145347720318,0.0002602936725125207,0.0002588800641908906,0.0007676808991474118,0.9662510990524764,0.0005807068716353156,0.0006328494282986758
0.2,0.8,-0.010706533249707578,0.03708851912283809,15.064383172317747,0.0002624714897297413,0.0002614147241135886,0.0007751971596774422,0.9757115337278377,0.0005883194056737686,0.0006328238052593649
0.225,0.8,-0.009368216593494133,0.03708851912283809,15.215791135632411,0.000262591634160456,0.0002618810680544457,0.0007765800523190523,0.9774521287280666,0.0005946368850677547,0.000632807531660793
0.25,0.8,-0.008029899937280685,0.03708851912283809,15.7109073156606,0.0002599984385739969,0.000259674174166107,0.000770035746600426,0.9692150570486997,0.0005999133168466124,0.0006327966505286777
0.275,0.8,-0.006691583281067236,0.03708851912283809,16.520110058118107,0.0002543306863590915,0.00025442874163571135,0.0007544809823742323,0.949636859850158,0.0006042925831912013,0.0006327877199978538
0.3,0.8,-0.005353266624853793,0.03708851912283809,17.522957222450504,0.00024576728306451555,0.00024629995883207516,0.0007303759540045389,0.9192967664848354,0.0006078580096734413,0.0006327833931616504
0.325,0.8,-0.004014949968640342,0.03708851912283809,18.475662404630768,0.00023537290579550243,0.00023626828595433482,0.0007006281104276082,0.881854273669691,0.00061065798260809,0.00063278308179685
0.35,0.8,-0.002676633312426898,0.03708851912283809,19.041062732886108,0.00022634461422474695,0.0002273492928330717,0.0006741797986187385,0.8485647774977985,0.0006127137778008157,0.0006327827422988596
0.375,0.8,-0.0013383166562134508,0.03708851912283809,19.000025155784588,0.00022343547989178502,0.00022420723911787348,0.000664862377330268,0.8368372894616647,0.0006140340959861856,0.000632785969999719
0.4,0.8,0.0,0.03708851912283809,18.444602421256857,0.00022733735868247352,0.00022771464094744308,0.0006752631990335948,0.8499284128868402,0.0006146158181345432,0.0006327941761986555
0.425,0.8,0.0013383166562134438,0.03708851912283809,17.62066902512989,0.0002346764245173123,0.00023467965743225052,0.0006959172039464292,0.8759248327131322,0.0006144429618980327,0.00063280549242673
0.45,0.8,0.002676633312426891,0.03708851912283809,16.73550624799116,0.0002425086266921163,0.00024220832056818283,0.0007182426421899425,0.9040250228619047,0.0006134912182283783,0.0006328247611710038
0.475,0.8,0.004014949968640338,0.03708851912283809,15.926866496006754,0.00024942575709989526,0.0002488859670599937,0.000738044482393605,0.9289488549922862,0.0006117201283468042,0.0006328494441562013
0.5,0.8,0.005353266624853786,0.03708851912283809,15.283796490564544,0.0002549769270027556,0.0002542424620205493,0.0007539285902736379,0.9489415846714998,0.0006090750090832356,0.0006328857061633535
0.525,0.8,0.006691583281067233,0.03708851912283809,14.861614327111429,0.0002591009085019902,0.00025820115943859487,0.0007656676803531924,0.9637171362110042,0.0006054657429702456,0.0006329343691008551
0.55,0.8,0.008029899937280684,0.03708851912283809,14.687401543622775,0.00026180329051931326,0.00026076310395222943,0.0007732648503938431,0.9732794086468821,0.0006007323531598513,0.0006329884993030013
0.575,0.8,0.009368216593494124,0.03708851912283809,14.76210762629465,0.0002630322220005555,0.00026187466145904275,0.0007765610542516082,0.9774282165745038,0.0005945907883573212,0.0006330267607529898
0.6,0.8,0.010706533249707571,0.03708851912283809,15.064383185089394,0.00026264195855130434,0.0002614147241135886,0.0007751971596774422,0.9757115337278377,0.0005865672038369678,0.0006330113523311591
0.625,0.8,0.012044849905921022,0.03708851912283809,15.557564842566556,0.00026041161235404084,0.00025919633381900646,0.0007686187626064768,0.9674315525444014,0.0005758973549696868,0.0006329046377314161
0.65,0.8,0.013383166562134473,0.03708851912283809,16.197691031392772,0.0002561078384163976,0.00025506818743763427,0.0007563771899084449,0.9520235450158296,0.0005614446279919475,0.0006326813409409406
0.675,0.8,0.014721483218347917,0.03708851912283809,16.939704451394128,0.00024954444699627163,0.0002488253610250166,0.0007378647617358156,0.9287226473540549,0.0005418362437505544,0.0006324264774588763
0.7,0.8,0.01605979987456136,0.03708851912283809,17.740709251360922,0.00024065872112776217,0.00024036424935194395,0.0007127742479595924,0.8971421605411197,0.0005159283230087559,0.0006323035404795632
0.725,0.8,0.01739811653077481,0.03708851912283809,18.560917279928645,0.00022944659737893667,0.00022945431158390237,0.0006804220046086454,0.8564216076012413,0.0004840287838875838,0.000632329702421118
0.75,0.8,0.018736433186988255,0.03708851912283809,19.36349322529627,0.00021595440874644633,0.0002160287561829034,0.0006406099685833741,0.8063116939539716,0.0004498820823549658,0.0006323782597469884
0.775,0.8,0.020074749843201706,0.03708851912283809,20.11421202401499,0.00020060195868060947,0.00020038728601995268,0.0005942268764120614,0.7479310388696028,0.0004197070154553266,0.0006321147599367327
0.8,0.8,0.021413066499415156,0.03708851912283809,20.781336476993083,0.00018469045491892552,0.00018356965093055316,0.0005443559940507089,0.6851604333408067,0.00039713947245947206,0.0006314802841944939
0.825,0.8,0.022751383155628593,0.03708851912283809,21.3357700616995,0.00017073017112897358,0.00016752265073987334,0.0004967703463358037,0.62526616678459,0.0003812806645823914,0.0006307017105436966
0.85,0.8,0.024089699811842044,0.03708851912283809,21.751425913360553,0.00016178826890072054,0.00015479430373168814,0.000459025806575883,0.5777585329920107,0.0003699898990251743,0.0006302162235683758
0.875,0.8,0.025428016468055495,0.03708851912283809,22.005831041126235,0.0001600419425367513,0.00014789899327387625,0.00043857850736534826,0.5520222858654033,0.00036218652591244284,0.0006304004788351915
0.9,0.8,0.02676633312426894,0.03708851912283809,22.081139943306503,0.00016538539005403913,0.00014847259802819497,0.0004402794703766442,0.5541632240871797,0.00036755072500153034,0.0006311793580588025
0.925,0.8,0.02810464978048239,0.03708851912283809,21.96580338092069,0.00017564073896478868,0.0001565605268829181,0.0004642633507686695,0.5843508330456352,0.00037550085151497,0.000632110490158735
0.95,0.8,0.029442966436695833,0.03708851912283809,21.656957021924445,0.0001880303820798037,0.00017044774246460139,0.000505444390250101,0.6361838598973502,0.0003758949480123424,0.0006327546715439798
0.975,0.8,0.030781283092909277,0.03708851912283809,21.163092175205833,0.0002005358874861672,0.00018709035282586125,0.0005547962556640062,0.6983011982985484,0.0003805992131153091,0.0006330404260414681
0.0,0.825,-0.022082224827521875,0.03824753534542678,21.256533952539733,0.00020259592686470564,0.00018554950424471588,0.0005502270354425856,0.692550092512715,0.00038149993809280313,0.0006331470017702814
0.025,0.825,-0.020743908171308428,0.03824753534542678,20.512413861706293,0.00021369357006321838,0.00020256725484239265,0.000600691338752777,0.7560676146896301,0.00039846159828662973,0.000633138721347606
0.05,0.825,-0.01940559151509498,0.03824753534542678,19.663567091469943,0.00022367298309626608,0.0002170091046616029,0.0006435170862247344,0.8099707736824876,0.0004307214194827785,0.0006331320409302907
0.075,0.825,-0.018067274858881533,0.03824753534542678,18.763950975415547,0.00023240498541150968,0.00022833571935739654,0.0006771049400486254,0.8522465430916163,0.0004768838526010155,0.00063308754203291
0.1,0.825,-0.016728958202668086,0.03824753534542678,17.871803846698477,0.00023996090902905185,0.0002369677472079659,0.0007027022873086458,0.8844649621642956,0.000516654005802699,0.0006330159457207287
0.125,0.825,-0.015390641546454639,0.03824753534542678,17.04640484027638,0.0002465080761116443,0.0002439814558769491,0.0007235006836401331,0.9106431220431566,0.0005422387358836731,0.0006329430603886426
0.15,0.825,-0.014052324890241193,0.03824753534542678,16.346771623298697,0.00025217240369699104,0.00025002323352758636,0.0007414169234007579,0.9331936197549242,0.0005588434430031803,0.0006328880646440765
0.175,0.825,-0.012714008234027746,0.03824753534542678,15.831507059188805,0.00025693779380978326,0.0002551946613618884,0.000756752234685236,0.9524955997825572,0.0005706783436922112,0.000632852392085444
0.2,0.825,-0.011375691577814297,0.03824753534542678,15.557564829191241,0.0002605635999567065,0.00025919633381900646,0.0007686187626064768,0.9674315525444014,0.0005797696146559659,0.0006328286027235946
0.225,0.825,-0.010037374921600851,0.03824753534542678,15.57432827306337,0.00026256495158493917,0.0002615722118783366,0.0007756641726520578,0.9762993454090912,0.000587074251301059,0.0006328096405487225
0.25,0.825,-0.008699058265387404,0.03824753534542678,15.908953809670088,0.0002623485593888854,0.00026173017951731275,0.0007761326086419221,0.9768889481861628,0.0005930739020432907,0.0006327983898687605
0.275,0.825,-0.007360741609173955,0.03824753534542678,16.541518129425,0.000259528794152517,0.00025932120260722816,0.0007689890475255457,0.9678976162570849,0.0005980292918409178,0.0006327904555331114
0.3,0.825,-0.006022424952960511,0.03824753534542678,17.374646582984603,0.00025424191435462207,0.0002544408977152403,0.0007545170299165258,0.9496822315370113,0.0006020883982955163,0.0006327847046523778
0.325,0.825,-0.00468410829674706,0.03824753534542678,18.211325935806684,0.000247329479570807,0.00024786914458022047,0.0007350292050373308,0.9251536386951453,0.000605337238084576,0.000632782773387739
0.35,0.825,-0.0033457916405336165,0.03824753534542678,18.779715357145705,0.00024069130824911898,0.00024138790888100916,0.0007158097998478758,0.9009628956298034,0.0006078277943571208,0.0006327852307429824
0.375,0.825,-0.002007474984320169,0.03824753534542678,18.866059828046687,0.00023721003780841516,0.0002378034048042809,0.0007051803397493522,0.8875839936486031,0.0006095820229133732,0.0006327886936773365
0.4,0.825,-0.0006691583281067184,0.03824753534542678,18.468691090857565,0.00023841355083087284,0.00023872592194310418,0.0007079159647918759,0.8910272220874892,0.0006106073259713241,0.0006327964219228354
0.425,0.825,0.0006691583281067254,0.03824753534542678,17.754814545462395,0.0002430081796302752,0.00024300065488712104,0.0007205922241258436,0.9069823533496107,0.0006108998824065986,0.0006328106899608965
0.45,0.825,0.0020074749843201727,0.03824753534542678,16.914009428667413,0.00024877582546579475,0.00024848273870397376,0.000736848752209133,0.927443834343473,0.0006104410820365004,0.0006328312873742298
0.475,0.825,0.00334579164053362,0.03824753534542678,16.093141947957896,0.00025415344838375896,0.00025362267790844927,0.0007520906873592465,0.9466282853397662,0.0006091990097965799,0.0006328637883019101
0.5,0.825,0.004684108296747067,0.03824753534542678,15.395145636549351,0.00025839957833330196,0.0002576722613709898,0.0007640992901978308,0.9617430624610329,0.0006071195306160411,0.0006329064781145573
0.525,0.825,0.0060224249529605145,0.03824753534542678,14.889093061601095,0.00026130729298805234,0.00026041250481708745,0.0007722251864855878,0.9719708227551234,0.0006041204356145965,0.0006329664080006334
0.55,0.825,0.007360741609173965,0.03824753534542678,14.61594854056877,0.0002629023103215571,0.00026186462456238683,0.0007765312909174808,0.9773907545843148,0.0006000491194531119,0.0006330349890409628
0.575,0.825,0.008699058265387406,0.03824753534542678,14.590702138437232,0.0002632570750924695,0.00026209717901452134,0.0007772209060544104,0.9782587472420995,0.0005946286845656774,0.0006330858008090686
0.6,0.825,0.010037374921600853,0.03824753534542678,14.804774854232686,0.00026236875585132437,0.00026113093020632125,0.0007743555994646677,0.9746522935130358,0.0005873880099531646,0.0006330676066773587
0.625,0.825,0.011375691577814304,0.03824753534542678,15.23114536064415,0.0002601112291136199,0.0002588800641908906,0.0007676808991474118,0.9662510990524764,0.0005775556686974905,0.0006329207159390111
0.65,0.825,0.012714008234027754,0.03824753534542678,15.83150707286475,0.00025626944747647715,0.00025519466136188847,0.0007567522346852361,0.9524955997825574,0.0005639580592964676,0.0006326108740287962
0.675,0.825,0.014052324890241198,0.03824753534542678,16.562902363689552,0.00025059024972926854,0.00024980060955506495,0.0007407567560296969,0.9323626918934198,0.0005450840589380952,0.00063224554491363
0.7,0.825,0.015390641546454642,0.03824753534542678,17.381983548624987,0.00024285349125869964,0.00024245709995854438,0.0007189803706306357,0.9049535739270852,0.0005194023974435894,0.0006320296478445047
0.725,0.825,0.016728958202668093,0.03824753534542678,18.246823490414652,0.0002327819073018289,0.00023271230340665184,0.00069008322784621,0.8685818262309555,0.0004865528567909758,0.0006320269575566954
0.75,0.825,0.018067274858881537,0.03824753534542678,19.11728012861721,0.00022003201623195827,0.00022013040719116395,0.0006527729721110948,0.8216208094204259,0.00045011060285814815,0.000632123720466567
0.775,0.825,0.019405591515094987,0.03824753534542678,19.954978031195104,0.0002046302160120147,0.0002045542571979245,0.000606583579855506,0.7634839571409238,0.00041743293685117067,0.0006319587411821285
0.8,0.825,0.020743908171308438,0.03824753534542678,20.723514191155274,0.00018762178133484392,0.00018673441660584816,0.0005537407652063969,0.6969726921238643,0.00039303126905830863,0.0006314430288155544
0.825,0.825,0.022082224827521875,0.03824753534542678,21.38900743288948,0.0001715076779998417,0.00016861496454306663,0.0005000094850667344,0.6293431489815176,0.00037568283292144385,0.0006307168027060829
0.85,0.825,0.023420541483735326,0.03824753534542678,21.920835948059466,0.00015965313352571837,0.00015287838920501835,0.0004533443687598026,0.5706075207158386,0.0003629059769208171,0.0006301553630563702
0.875,0.825,0.024758858139948776,0.03824753534542678,22.29241669854901,0.0001548937181640488,0.00014219709923414244,0.0004216701557819738,0.5307403791268795,0.00035371231053842587,0.0006302233444334687
0.9,0.825,0.02609717479616222,0.03824753534542678,22.482104011704102,0.00015783661081668712,0.00013838083567924722,0.0004103534379560496,0.5164964516706797,0.00034923973841555813,0.0006310073851088763
0.925,0.825,0.02743549145237567,0.03824753534542678,22.474527796669655,0.00016661535771223093,0.00014202881600150496,0.00042117113001208174,0.5301122741432214,0.00036880681125623895,0.0006320650766099638
0.95,0.825,0.028773808108589115,0.03824753534542678,22.26269606593514,0.00017829826793636246,0.0001524622086687137,0.000452110230282139,0.5690541569917317,0.00036961350485547245,0.0006328178362506853
0.975,0.825,0.03011212476480256,0.03824753534542678,21.850756347297757,0.0001906513530049683,0.0001678735474533783,0.000497810892680588,0.6265758633660466,0.0003730981731075652,0.0006331094072530275
0.0,0.85,-0.0227513831556286,0.039406551568015466,22.03117926522426,0.0001917397731984768,0.00016579667820920267,0.0004916521610155468,0.618824099258428,0.00037246622326081967,0.00063324406206609
0.025,0.85,-0.021413066499415153,0.039406551568015466,21.34357085451977,0.0002032905484041911,0.00018400978614645428,0.0005456611675461863,0.6868032061724086,0.0003838537141211999,0.0006331692074696552
0.05,0.85,-0.020074749843201706,0.039406551568015466,20.529157642067133,0.00021402224118325196,0.00020137166685699507,0.0005971459515770265,0.7516051690837279,0.0004034871699189713,0.0006331168440351826
0.075,0.85,-0.01873643318698826,0.039406551568015466,19.642133046017065,0.00022366137715117964,0.00021608050804212733,0.0006407634331382665,0.8065048540221654,0.0004367635686965903,0.00063307668916056
0.1,0.85,-0.01739811653077481,0.039406551568015466,18.742195010320835,0.00023214596650168368,0.00022755914680975934,0.000674802097944941,0.8493480422742837,0.0004799273433082267,0.0006330234560209473
0.125,0.85,-0.016059799874561364,0.039406551568015466,17.89001675230387,0.00023959496479903082,0.00023635157743172411,0.0007008751023172825,0.8821651530795083,0.000516450255698711,0.0006329498968625591
0.15,0.85,-0.014721483218347918,0.039406551568015466,17.14470617247335,0.0002461679129861092,0.0002435756188613678,0.0007222972177571865,0.9091283647613735,0.0005407982411962483,0.0006328811590566414
0.175,0.85,-0.013383166562134471,0.039406551568015466,16.562902349023133,0.0002519280372635306,0.00024980060955506495,0.0007407567560296969,0.9323626918934198,0.0005570051314919291,0.0006328371136415067
0.2,0.85,-0.012044849905921022,0.039406551568015466,16.197691017111175,0.00025674750111791256,0.00025506818743763427,0.0007563771899084449,0.9520235450158296,0.0005686196338440371,0.000632812930471918
0.225,0.85,-0.010706533249707577,0.039406551568015466,16.09430622567612,0.00026027082681976527,0.0002589746700602095,0.0007679614426456157,0.966604208611113,0.0005774972314879599,0.0006327947991869979
0.25,0.85,-0.00936821659349413,0.039406551568015466,16.279029549930303,0.00026199273445639843,0.0002610766939065728,0.0007741947675694522,0.9744498604504348,0.0005845658806847105,0.0006327809541048603
0.275,0.85,-0.00802989993728068,0.039406551568015466,16.739474732450738,0.00026150053548625225,0.00026097096928613314,0.0007738812526144294,0.9740552509581358,0.0005903101419865071,0.0006327730821816302
0.3,0.85,-0.006691583281067236,0.039406551568015466,17.400214671364253,0.0002587940740317815,0.0002586517527180177,0.000767003866107697,0.965398943007633,0.0005949989211943064,0.0006327679409820167
0.325,0.85,-0.005353266624853786,0.039406551568015466,18.106831953683553,0.0002544825719532439,0.00025466189981907195,0.0007551723878109748,0.9505071058910395,0.0005987860829025622,0.0006327660865622596
0.35,0.85,-0.004014949968640342,0.039406551568015466,18.644451667333726,0.0002498665566519785,0.0002502296587717988,0.0007420290551907396,0.9339640870356545,0.0006017611272882706,0.0006327679895484689
0.375,0.85,-0.0026766333124268946,0.039406551568015466,18.82109701984797,0.0002468299644713503,0.0002471798517239382,0.0007329851814415376,0.9225809030075467,0.0006039790831357127,0.0006327740145782748
0.4,0.85,-0.0013383166562134438,0.039406551568015466,18.577933423419054,0.00024682211239999025,0.00024699261773061343,0.0007324299592354717,0.9218820656814841,0.0006054641039399521,0.0006327826756937409
0.425,0.85,0.0,0.039406551568015466,18.003727149460584,0.0002496534543747216,0.00024957050184440047,0.0007400743964406116,0.9315038315210504,0.0006062219767279467,0.0006327971752323224
0.45,0.85,0.0013383166562134473,0.039406551568015466,17.249597083870682,0.00025392988142823624,0.00025359074579442485,0.0007519959961203419,0.9465091010357619,0.0006062461079506589,0.0006328203052055897
0.475,0.85,0.0026766333124268946,0.039406551568015466,16.4577283736106,0.0002582173153958605,0.0002576507521588417,0.0007640355069498878,0.9616627808837597,0.0006055127363780652,0.0006328546706176736
0.5,0.85,0.004014949968640342,0.039406551568015466,15.739168106190235,0.00026159573281135873,0.00026083494478867193,0.0007734778866432278,0.9735475493682867,0.0006039764415104502,0.000632906675724892
0.525,0.85,0.005353266624853789,0.039406551568015466,15.174058841385559,0.0002636752207316553,0.0002627473535170915,0.0007791489283928463,0.9806854765062775,0.0006015614865267404,0.0006329809469080872
0.55,0.85,0.00669158328106724,0.039406551568015466,14.81515432466469,0.00026441547887406784,0.00026334391820583925,0.0007809179766124875,0.9829121110212217,0.0005981236439050106,0.0006330731491308684
0.575,0.85,0.00802989993728068,0.039406551568015466,14.689909641609253,0.0002639475322501106,0.0002627526627724755,0.000779164672416859,0.980705292917657,0.0005933941689395064,0.0006331517995044464
0.6,0.85,0.009368216593494127,0.039406551568015466,14.80237364028024,0.0002624019897195018,0.00026113092065801786,0.0007743555711502042,0.9746522578746846,0.0005869072569518616,0.0006331490970754394
0.625,0.85,0.010706533249707578,0.039406551568015466,15.136926738418339,0.00025979457925739177,0.0002585426063179037,0.0007666802042342342,0.964991561970405,0.0005778837095724071,0.0006329739432555205
0.65,0.85,0.012044849905921029,0.039406551568015466,15.664104606287095,0.0002560139617924146,0.00025492056995813587,0.0007559394461998075,0.9514725734597522,0.0005651238489650916,0.0006325656858263311
0.675,0.85,0.013383166562134473,0.039406551568015466,16.346771637120074,0.00025084730412888343,0.00025002323352758636,0.0007414169234007579,0.9331936197549242,0.0005470222778005322,0.0006320433923959315
0.7,0.85,0.014721483218347917,0.039406551568015466,17.144706187239276,0.0002440243294927253,0.0002435756188613678,0.0007222972177571865,0.9091283647613735,0.0005217208359721969,0.0006316612177225556
0.725,0.85,0.016059799874561367,0.039406551568015466,18.016945339091222,0.00023506268966757903,0.0002349893568303852,0.0006968355840973632,0.8770807632972766,0.0004881506242243378,0.0006315576968506122
0.75,0.85,0.01739811653077481,0.039406551568015466,18.922503426425557,0.0002232311869618722,0.0002235033986469753,0.0006627752143529093,0.8342102558556258,0.0004495486567745365,0.000631631333543122
0.775,0.85,0.018736433186988262,0.039406551568015466,19.820524109278246,0.0002080923264825754,0.00020848040505888816,0.0006182261477353866,0.7781380198149092,0.00041450277609514266,0.0006315477591522947
0.8,0.85,0.020074749843201713,0.039406551568015466,20.67068870998308,0.000190342863356578,0.0001902642821747968,0.0005642082007051839,0.7101476598301034,0.0003884818514464831,0.0006312237545446381
0.825,0.85,0.02141306649941515,0.039406551568015466,21.43418531707465,0.00017238366750078297,0.00017067700522575062,0.0005061242442325624,0.6370395665568205,0.0003697900573979095,0.0006307096067807604
0.85,0.85,0.0227513831556286,0.039406551568015466,22.075066067871838,0.00015775294346605202,0.00015253174093165318,0.0004523164207058781,0.5693136811296557,0.0003555629744636666,0.0006302347725364065
0.875,0.85,0.02408969981184205,0.039406551568015466,22.561616437337932,0.00014981737979703245,0.0001387445395578424,0.0004114319625671122,0.5178539500687143,0.00034489512375990744,0.0006301727801037871
0.9,0.85,0.025428016468055495,0.039406551568015466,22.867531693457543,0.00014996993573932366,0.00013135382491497044,0.00038951559569616514,0.4902686426840851,0.0003384013577993947,0.0006307746505703448
0.925,0.85,0.026766333124268946,0.039406551568015466,22.97310852947855,0.0001569135635156364,0.00013104742287486663,0.0003886069935047115,0.48912501925009244,0.0003545916529555965,0.0006318422530199443
0.95,0.85,0.02810464978048239,0.039406551568015466,22.86696037683647,0.00016767901282868555,0.0001374046575840905,0.0004074586871371324,0.5128529375968396,0.00036202764503783283,0.0006327744439519063
0.975,0.85,0.029442966436695833,0.039406551568015466,22.54856949507611,0.00017970910608332337,0.00014949075365596615,0.0004432987010394697,0.5579634162627152,0.0003657041772309314,0.0006332029821085945
0.0,0.875,-0.023420541483735326,0.040565567790604155,22.79398459362328,0.00017956309099904564,0.00014747300160731158,0.00043731527503944567,0.5504323028078365,0.00036402358899287454,0.0006333332965956318
0.025,0.875,-0.02208222482752188,0.040565567790604155,22.177496536346332,0.00019138623260806515,0.0001639089597371306,0.0004860543355572338,0.6117783267149063,0.00037335362765287785,0.0006332739288552917
0.05,0.875,-0.02074390817130843,0.040565567790604155,21.412977267086042,0.00020268473673940528,0.00018213175129024565,0.000540092057805927,0.6797935770240924,0.00038677699769292613,0.0006331279901887453
0.075,0.875,-0.019405591515094984,0.040565567790604155,20.553734079497417,0.00021313552961301093,0.00019954649083924687,0.0005917335890191507,0.7447928317234705,0.0004080502047138398,0.0006330131072396468
0.1,0.875,-0.018067274858881537,0.040565567790604155,19.660330338982263,0.00022255337301910552,0.000214379445747132,0.0006357191164342778,0.800155762147389,0.000441146447425261,0.0006329499612367428
0.125,0.875,-0.01672895820266809,0.040565567790604155,18.794844434986047,0.00023093628843174615,0.00022598287741639166,0.0006701278411265141,0.8434647308709721,0.0004810400479184606,0.0006328944770796278
0.15,0.875,-0.015390641546454644,0.040565567790604155,18.016945323407295,0.00023840442885950678,0.00023498935683038524,0.0006968355840973633,0.8770807632972767,0.0005146315968123346,0.0006328310249077884
0.175,0.875,-0.014052324890241196,0.040565567790604155,17.381983532860392,0.00024506560000896177,0.00024245709995854438,0.0007189803706306357,0.9049535739270852,0.0005378443818697232,0.0006327785207790094
0.2,0.875,-0.012714008234027747,0.040565567790604155,16.939704435983316,0.00025088960666709434,0.00024882536102501657,0.0007378647617358155,0.9287226473540546,0.0005537019962256026,0.0006327451065849047
0.225,0.875,-0.011375691577814302,0.040565567790604155,16.73109784415572,0.0002556450795324773,0.0002540499120845227,0.0007533576042130399,0.9482229059741282,0.0005651527975361197,0.0006327264009346205
0.25,0.875,-0.010037374921600855,0.040565567790604155,16.78044170179517,0.00025893235343175264,0.00025770674072253015,0.0007642015349947611,0.9618717541446686,0.0005738796722384047,0.0006327124751377463
0.275,0.875,-0.008699058265387406,0.040565567790604155,17.080794281150077,0.00026035450791078414,0.00025950596646743325,0.0007695369448183538,0.9685872339900932,0.0005807729592431446,0.000632703101308163
0.3,0.875,-0.007360741609173962,0.040565567790604155,17.57566330823655,0.0002597941935241116,0.0002593047144649194,0.0007689401537184754,0.9678360754595076,0.0005863163183765133,0.0006326972096357193
0.325,0.875,-0.006022424952960511,0.040565567790604155,18.147142110807625,0.0002576416571837855,0.00025746170964009783,0.0007634749217568179,0.960957193367491,0.0005907876405783197,0.0006326951972257868
0.35,0.875,-0.004684108296747067,0.040565567790604155,18.62820648367707,0.00025484381617377216,0.00025486099269109576,0.0007557627762423388,0.9512502056233721,0.0005943468912720448,0.0006326989629428004
0.375,0.875,-0.00334579164053362,0.040565567790604155,18.854997666514024,0.0002527437752921685,0.0002528068618855043,0.0007496714729636125,0.9435833110917147,0.0005970865712215407,0.0006327065972277504
0.4,0.875,-0.002007474984320169,0.040565567790604155,18.74173275794226,0.0002525271081540221,0.0002524924908856711,0.0007487392396818721,0.9424099440924114,0.0005990645899979538,0.0006327194217782257
0.425,0.875,-0.0006691583281067254,0.040565567790604155,18.31465896299772,0.0002544591963600202,0.00025423891272286376,0.0007539180652142938,0.9489283371748249,0.0006003058413354906,0.0006327362040798027
0.45,0.875,0.0006691583281067219,0.040565567790604155,17.676357257475246,0.00025779286317318854,0.0002573568508944345,0.0007631639744600227,0.960565815690113,0.0006008148997912725,0.0006327604697892624
0.475,0.875,0.002007474984320169,0.040565567790604155,16.949858372057882,0.00026138560818073553,0.00026074063688698285,0.0007731982267358816,0.9731955519522585,0.0006005788626961888,0.0006327975575681424
0.5,0.875,0.0033457916405336165,0.040565567790604155,16.245673662373036,0.00026427732665906654,0.000263446237105052,0.0007812213922686636,0.9832940089055843,0.0005995618798877,0.0006328525288490172
0.525,0.875,0.004684108296747064,0.040565567790604155,15.651034121573836,0.00026591893175003175,0.00026492504391721443,0.0007856066343180053,0.9888135482799434,0.000597702611220808,0.0006329432180804896
0.55,0.875,0.0060224249529605145,0.040565567790604155,15.228327989897299,0.000266145231122725,0.0002650100776085799,0.0007858587925552543,0.9891309303773065,0.0005948683884041263,0.0006330693193953175
0.575,0.875,0.007360741609173955,0.040565567790604155,15.015701592205943,0.00026506894987348876,0.00026381320954567454,0.0007823096094477653,0.9846637069747722,0.0005908030830598463,0.0006332016196716592
0.6,0.875,0.008699058265387402,0.040565567790604155,15.028452895703449,0.0002628994559762434,0.0002615735314911255,0.000775668085821407,0.9763042707682978,0.0005850492117100378,0.000633257851723956
0.625,0.875,0.010037374921600853,0.040565567790604155,15.261981875026994,0.00025978568841476444,0.0002584937067917375,0.0007665351979652791,0.9648090480288664,0.000576817666155064,0.0006331001465166796
0.65,0.875,0.011375691577814304,0.040565567790604155,15.69657565774627,0.0002557610395299341,0.00025463179968694395,0.0007550831291167269,0.9503947593268449,0.0005648826249919394,0.0006326145618646405
0.675,0.875,0.012714008234027747,0.040565567790604155,16.30288565804464,0.0002507277489680734,0.00024986463014576644,0.0007409466021840823,0.93260164411371,0.0005475656397393325,0.0006318978691366754
0.7,0.875,0.014052324890241191,0.040565567790604155,17.046404854014746,0.00024446496675813287,0.00024398145587694909,0.0007235006836401331,0.9106431220431564,0.0005227497564102841,0.0006312584193212273
0.725,0.875,0.015390641546454642,0.040565567790604155,17.89001676681483,0.00023638940678907128,0.00023635157743172411,0.0007008751023172825,0.8821651530795083,0.0004886608503521156,0.0006309048975688202
0.75,0.875,0.016728958202668086,0.040565567790604155,18.794844450110126,0.00022544710800558287,0.00022598287741639166,0.0006701278411265141,0.8434647308709721,0.00044803730634351195,0.0006307902742937862
0.775,0.875,0.018067274858881537,0.040565567790604155,19.720313819431446,0.00021072665461076618,0.00021182607778383604,0.000628147379228311,0.7906255010647865,0.0004108245383914052,0.0006306472668372724
0.8,0.875,0.019405591515094987,0.040565567790604155,20.624401805684748,0.00019251661242391694,0.0001938014831837055,0.0005746973886597337,0.7233500065349752,0.00038349195122524713,0.0006304902510601681
0.825,0.875,0.020743908171308424,0.040565567790604155,21.46466730328366,0.00017306467268964076,0.0001734939124282362,0.0005144774786184454,0.6475534687718768,0.00036367345642317016,0.0006303951874652854
0.85,0.875,0.022082224827521875,0.040565567790604155,22.200093923749268,0.00015600041889069069,0.00015370539096199972,0.000455796753242865,0.5736942449064366,0.00034817577640049125,0.0006303765298508856
0.875,0.875,0.023420541483735326,0.040565567790604155,22.793275536063355,0.0001449898170647097,0.00013754487798532284,0.0004078744956082609,0.5133763000937696,0.0003361454099217247,0.0006304330153698241
0.9,0.875,0.02475885813994877,0.040565567790604155,23.21235909116362,0.00014203521960080894,0.00012733730661123485,0.0003776050440185351,0.47527727887444393,0.0003281947014634302,0.0006307455675776072
0.925,0.875,0.02609717479616222,0.040565567790604155,23.4325538581323,0.0001466078190185892,0.0001239332769906807,0.00036751076144796017,0.46257198473621974,0.00032625290894062624,0.0006315024559482613
0.95,0.875,0.027435491452375664,0.040565567790604155,23.437631497821837,0.00015605647336075252,0.0001267258523996447,0.0003757918425253723,0.4729950702933552,0.00035173127254158553,0.0006324388479754413
0.975,0.875,0.028773808108589108,0.040565567790604155,23.22207995587201,0.00016757736462173227,0.00013477443374933684,0.00039965904213652795,0.5030358175376807,0.00035701879662984024,0.0006331005790337054
0.0,0.9,-0.024089699811842048,0.04172458401319285,23.503964645673975,0.00016597861803774688,0.0001330825878496886,0.0003946420556585613,0.4967211251913549,0.00035440056243072254,0.0006330636972835755
0.025,0.9,-0.0227513831556286,0.04172458401319285,22.972239263505152,0.00017800033517640133,0.0001455432887710356,0.00043159291982496187,0.5432297893399303,0.00036392003671880074,0.0006332344508922996
0.05,0.9,-0.021413066499415153,0.04172458401319285,22.273068724210276,0.00018974265471160087,0.00016165990049877562,0.0004793849930424581,0.6033838759189879,0.00037486866022899375,0.0006331364367905191
0.075,0.9,-0.020074749843201706,0.04172458401319285,21.457359923978387,0.00020084023569343288,0.0001796470956978268,0.0005327240797222485,0.6705197798916437,0.0003895827028671472,0.0006329380125807849
0.1,0.9,-0.01873643318698826,0.04172458401319285,20.585425150402372,0.000211073914111496,0.00019698621275754765,0.0005841413606026089,0.7352367791241569,0.0004117406173266316,0.000632783923831555
0.125,0.9,-0.01739811653077481,0.04172458401319285,19.72031380402464,0.0002203567724200307,0.00021182607778383601,0.000628147379228311,0.7906255010647864,0.00044385282946290977,0.0006326952241970652
0.15,0.9,-0.016059799874561367,0.04172458401319285,18.92250341001877,0.00022872215096580133,0.0002235033986469753,0.0006627752143529093,0.8342102558556258,0.0004804483073451246,0.0006326385229338267
0.175,0.9,-0.014721483218347918,0.04172458401319285,18.246823473599456,0.00023625308042989784,0.00023271230340665184,0.00069008322784621,0.8685818262309555,0.0005113364326136707,0.0006325949321601314
0.2,0.9,-0.01338316656213447,0.04172458401319285,17.74070923472012,0.00024297092285362358,0.00024036424935194395,0.0007127742479595924,0.8971421605411197,0.0005334293022430114,0.0006325581820577359
0.225,0.9,-0.012044849905921024,0.04172458401319285,17.441774804687867,0.0002487537706033899,0.00024675071824976593,0.000731712632424152,0.9209791933805225,0.0005489249613428629,0.0006325318995609432
0.25,0.9,-0.010706533249707577,0.04172458401319285,17.372349496866235,0.0002533225330985995,0.00025178510587944034,0.0007466415657674134,0.9397696807648356,0.0005602313044041123,0.0006325158257801433
0.275,0.9,-0.009368216593494127,0.04172458401319285,17.529465978883167,0.0002563401552630808,0.0002551593426174645,0.0007566475007592735,0.9523637751257478,0.0005688456840381056,0.0006325052228541599
0.3,0.9,-0.008029899937280684,0.04172458401319285,17.8719123560023,0.0002576299209588634,0.00025679939662161266,0.0007615109039590904,0.9584851579713772,0.0005756079588033984,0.0006324993086614928
0.325,0.9,-0.006691583281067233,0.04172458401319285,18.311450712147344,0.0002573997651984384,0.000256857944115439,0.0007616845202351986,0.9587036822537831,0.0005809952122080519,0.0006324974178403636
0.35,0.9,-0.005353266624853789,0.04172458401319285,18.720037912570227,0.0002563261539131071,0.0002559888121459239,0.0007591072031524,0.9554597100947434,0.0005852884020313254,0.0006324998972268897
0.375,0.9,-0.004014949968640342,0.04172458401319285,18.96235105196122,0.00025541306530948483,0.0002551574028729206,0.0007566417486561125,0.9523565351696575,0.0005886541203902673,0.0006325083974519209
0.4,0.9,-0.002676633312426891,0.04172458401319285,18.94556189220573,0.00025560820031983683,0.00025531247718498705,0.0007571016047971942,0.9529353388134889,0.0005911884903024207,0.0006325231371062915
0.425,0.9,-0.0013383166562134473,0.04172458401319285,18.65421314970176,0.000257320075538983,0.0002568981225633533,0.0007618036650875362,0.9588536454020725,0.0005929491658370594,0.0006325444642354273
0.45,0.9,0.0,0.04172458401319285,18.144290696016043,0.00026021487105078287,0.0002596215952990891,0.0007698798296431485,0.9690188102337827,0.0005939631399646938,0.0006325735600883661
0.475,0.9,0.0013383166562134473,0.04172458401319285,17.50975004384176,0.0002634634264355519,0.00026269152556675115,0.0007789833766295278,0.9804771027230632,0.0005942267810381952,0.0006326136681662044
0.5,0.9,0.0026766333124268946,0.04172458401319285,16.850823415370353,0.00026618122709701577,0.00026524130033179556,0.0007865444585937587,0.9899939524533065,0.0005937169084131453,0.000632674175623605
0.525,0.9,0.004014949968640342,0.04172458401319285,16.256000205871068,0.0002677239853755071,0.0002666327457538475,0.0007906706398663643,0.9951874217632408,0.0005923884494767085,0.0006327800042658523
0.55,0.9,0.005353266624853793,0.04172458401319285,15.794374998301198,0.0002677801056910119,0.0002665583433457129,0.0007904500075525009,0.9949097201609296,0.0005901264121554181,0.0006329486728007133
0.575,0.9,0.006691583281067233,0.04172458401319285,15.513061908028547,0.0002663815715938892,0.0002650494594590405,0.0007859755751837899,0.9892779202832661,0.000586699632127128,0.0006331668251154286
0.6,0.9,0.00802989993728068,0.04172458401319285,15.437189369173137,0.00026375674068367696,0.0002623563580864629,0.0007779894736287817,0.9792261143659358,0.0005816699760752045,0.0006333509477323158
0.625,0.9,0.009368216593494131,0.04172458401319285,15.572046869202362,0.0002601511397505848,0.00025878053819072437,0.0007673857655320253,0.9658796254616248,0.0005742431750420362,0.0006333143810663546
0.65,0.9,0.010706533249707582,0.04172458401319285,15.907165237459584,0.0002557372428143245,0.0002545163353944635,0.0007547407322151044,0.9499637972137164,0.0005631545109935821,0.0006328511311013082
0.675,0.9,0.012044849905921026,0.04172458401319285,16.42128439755976,0.00025055899175503916,0.0002496025364854955,0.0007401693917124823,0.9316233984999237,0.0005466493661849889,0.0006319738406094544
0.7,0.9,0.01338316656213447,0.04172458401319285,17.086679161654565,0.00024450029020454944,0.00024394967198810907,0.0007234064319470204,0.9105244909789229,0.0005223878242773229,0.0006309933760132503
0.725,0.9,0.01472148321834792,0.04172458401319285,17.871803860093188,0.00023698304600348273,0.00023696774720796592,0.0007027022873086459,0.8844649621642957,0.0004879177542524021,0.0006301869907339222
0.75,0.9,0.016059799874561364,0.04172458401319285,18.742195024221008,0.0002267380754236266,0.00022755914680975934,0.000674802097944941,0.8493480422742837,0.0004453978579054272,0.0006295988695150611
0.775,0.9,0.017398116530774815,0.04172458401319285,19.6603303531056,0.0002124113613793328,0.00021437944574713197,0.0006357191164342778,0.8001557621473889,0.00040629600991526837,0.000629067240129588
0.8,0.9,0.018736433186988265,0.04172458401319285,20.585425164306045,0.00019385331445790003,0.0001969862127575476,0.0005841413606026087,0.7352367791241567,0.0003779908852041323,0.0006288183115802261
0.825,0.9,0.020074749843201702,0.04172458401319285,21.474018941915993,0.0001731582832282587,0.00017664585686864026,0.0005238242297853792,0.6593178732238436,0.0003572247415751087,0.0006291632278288761
0.85,0.9,0.021413066499415153,0.04172458401319285,22.28175573312201,0.00015408201783260352,0.00015603897650109843,0.00046271674938274445,0.5824041840009528,0.00034066049534549195,0.0006300402353960707
0.875,0.9,0.022751383155628604,0.04172458401319285,22.96611620549286,0.0001404441537732432,0.00013831273297275755,0.00041015148672772397,0.5162422632487177,0.0003275970252817967,0.0006308548982197335
0.9,0.9,0.024089699811842048,0.04172458401319285,23.489337262562824,0.00013446499317644697,0.00012595571125524906,0.0003735080720541007,0.47012057422304715,0.00031853065776210425,0.0006312188366695669
0.925,0.9,0.0254280164680555,0.04172458401319285,23.820790504069343,0.0001361992947957072,0.00012006520668765954,0.0003560404163000267,0.4481346923429727,0.00031444355988244897,0.0006314597264653177
0.95,0.9,0.026766333124268942,0.04172458401319285,23.93876581550606,0.00014365658153818586,0.00012006165226182258,0.000356029876033703,0.44812142570584407,0.0003322228383002754,0.0006319403719244996
0.975,0.9,0.028104649780482386,0.04172458401319285,23.83234129430116,0.00015421181373213811,0.00012462655464937598,0.00036956660154537904,0.46515959341036195,0.0003450724319742522,0.0006325731301503307
0.0,0.925,-0.024758858139948773,0.04288360023578154,24.117736962418313,0.00015117353743847577,0.00012314259056067298,0.00036516606614888763,0.4596208048746546,0.0003413525726214968,0.0006322710847666718
0.025,0.925,-0.023420541483735326,0.04288360023578154,23.68276036715121,0.00016317654590063563,0.00013117980299678963,0.0003889995524734553,0.4896191184720645,0.00035358605479114815,0.0006326346573175673
0.05,0.925,-0.02208222482752188,0.04288360023578154,23.063988136924234,0.00017533209999332072,0.000143136833199854,0.0004244568354670687,0.5342478681257861,0.0003644376666384311,0.0006327772257901587
0.075,0.925,-0.02074390817130843,0.04288360023578154,22.308239306465374,0.00018703344782933245,0.000158910312823216,0.0004712313874504037,0.5931212389648669,0.0003762621301235456,0.0006326822123601189
0.1,0.925,-0.019405591515094984,0.04288360023578154,21.47401892875753,0.0001979654996681896,0.00017664585686864024,0.0005238242297853791,0.6593178732238436,0.0003917863437814109,0.0006324864044461365
0.125,0.925,-0.018067274858881537,0.04288360023578154,20.624401790439073,0.00020802225595940388,0.0001938014831837055,0.0005746973886597337,0.7233500065349752,0.00041425831493510987,0.0006323106994458301
0.15,0.925,-0.016728958202668093,0.04288360023578154,19.820524092476546,0.00021720882648494118,0.00020848040505888816,0.0006182261477353866,0.7781380198149092,0.00044486949672147756,0.0006322016740022857
0.175,0.925,-0.015390641546454644,0.04288360023578154,19.117280110936154,0.00022557017302995107,0.00022013040719116395,0.0006527729721110948,0.8216208094204259,0.0004782462977691198,0.0006321481108130672
0.2,0.925,-0.014052324890241195,0.04288360023578154,18.560917262088957,0.00023312652213734893,0.00022945431158390237,0.0006804220046086454,0.8564216076012413,0.0005065793090098608,0.000632116631090046
0.225,0.925,-0.01271400823402775,0.04288360023578154,18.186960214812643,0.00023981690401313994,0.00023716494272233238,0.0007032870493305876,0.8852009801465236,0.0005275076054923279,0.0006320901311251542
0.25,0.925,-0.011375691577814302,0.04288360023578154,18.01655302516405,0.00024546934196831955,0.00024344659672734644,0.0007219146165392635,0.9086467989861567,0.0005425831935862,0.0006320689651502871
0.275,0.925,-0.010037374921600853,0.04288360023578154,18.04992680289294,0.0002498376923956181,0.000248277703724944,0.0007362407431005515,0.9266785561268946,0.0005537238934706059,0.0006320526134247409
0.3,0.925,-0.008699058265387409,0.04288360023578154,18.257777858769053,0.0002527449237999752,0.0002515280918491004,0.0007458794183903201,0.9388103945020482,0.0005622332192498755,0.0006320432623553192
0.325,0.925,-0.007360741609173958,0.04288360023578154,18.57500505477022,0.00025427169476651063,0.0002533539417231268,0.0007512937791962846,0.9456252469820827,0.0005688868229436585,0.0006320397644967123
0.35,0.925,-0.0060224249529605145,0.04288360023578154,18.904465833729326,0.0002548673846380135,0.00025415158614762424,0.0007536591076773013,0.9486023970543859,0.000574141068979064,0.0006320377659854515
0.375,0.925,-0.004684108296747067,0.04288360023578154,19.136870947321032,0.00025527427585026553,0.0002546655662744829,0.0007551832602889129,0.950520790670443,0.0005782790729186923,0.0006320418018582648
0.4,0.925,-0.0033457916405336165,0.04288360023578154,19.18348192456802,0.0002562487091330299,0.00025564153321881353,0.000758077384962837,0.9541635166391103,0.000581469180949075,0.0006320532032952006
0.425,0.925,-0.0020074749843201727,0.04288360023578154,19.005335976263282,0.00025822030068304495,0.0002575313577963621,0.0007636814558497077,0.9612171500688602,0.000583808707263323,0.0006320686443682973
0.45,0.925,-0.0006691583281067254,0.04288360023578154,18.62123366634129,0.00026109165712618395,0.00026027365138384437,0.0007718134316105459,0.9714525623672574,0.0005853589487187646,0.0006320955107420398
0.475,0.925,0.0006691583281067219,0.04288360023578154,18.09319704844622,0.00026429815303589293,0.00026333763903866285,0.0007808993564197008,0.9828886744842898,0.0005861373778646886,0.0006321365076506032
0.5,0.925,0.002007474984320169,0.04288360023578154,17.503351419575964,0.00026708595535887233,0.0002659903482781667,0.000788765679462086,0.9927897196889419,0.0005861342728755072,0.0006322016116398572
0.525,0.925,0.0033457916405336165,0.04288360023578154,16.93462201221565,0.0002687825134609826,0.0002675667770553691,0.0007934404089160784,0.9986736259808787,0.0005853226565530301,0.000632326709626964
0.55,0.925,0.004684108296747067,0.04288360023578154,16.458616575233428,0.00026895719154320356,0.0002676397302935811,0.0007936567438728907,0.9989459186613603,0.0005836071577045406,0.0006325433554740345
0.575,0.925,0.0060224249529605076,0.04288360023578154,16.129190492322046,0.00026752307015385504,0.0002661197555433204,0.0007891494227448292,0.9932727229382301,0.0005807911143100825,0.0006328736419255585
0.6,0.925,0.007360741609173955,0.04288360023578154,15.979970908542859,0.0002646700651665077,0.0002632033349754998,0.0007805010922107884,0.982387394290915,0.0005764803146543916,0.0006332667200015903
0.625,0.925,0.008699058265387406,0.04288360023578154,16.02506821364598,0.0002607086221548433,0.00025924862576116723,0.0007687738287190474,0.96762672843306,0.0005698986731449867,0.0006335122472991451
0.65,0.925,0.010037374921600856,0.04288360023578154,16.262354355092704,0.00025592829947660735,0.0002545703572173868,0.0007549009281024354,0.9501654297570937,0.0005597442250952858,0.0006332924891118867
0.675,0.925,0.0113756915778143,0.04288360023578154,16.678073160687347,0.00025049505844645947,0.0002493635037635318,0.0007394605659653309,0.9307312261689689,0.0005441538452337284,0.0006324544299200353
0.7,0.925,0.012714008234027744,0.04288360023578154,17.251163537502762,0.00024440405954167653,0.00024367914924168418,0.0007226042259298658,0.9095147844112553,0.0005205490954538207,0.0006311901759835529
0.725,0.925,0.014052324890241195,0.04288360023578154,17.9560998783707,0.00023713490714420536,0.00023703399768051981,0.000702898745937077,0.8847122372571771,0.0004858123873145083,0.00062977937475763
0.75,0.925,0.015390641546454639,0.04288360023578154,18.76395098823069,0.0002273104496729178,0.00022833571935739654,0.0006771049400486254,0.8522465430916163,0.00044151704034085093,0.0006283629257877068
0.775,0.925,0.01672895820266809,0.04288360023578154,19.64213305901476,0.00021322229774276515,0.00021608050804212736,0.0006407634331382666,0.8065048540221655,0.0004009127729236366,0.0006269090591267095
0.8,0.925,0.01806727485888154,0.04288360023578154,20.553734092292853,0.00019426558271158918,0.00019954649083924684,0.0005917335890191507,0.7447928317234704,0.00037199510380756483,0.000625955492464282
0.825,0.925,0.019405591515094977,0.04288360023578154,21.457359936045947,0.00017235707657209512,0.0001796470956978268,0.0005327240797222485,0.6705197798916437,0.00035031645992262265,0.0006262998461249227
0.85,0.925,0.020743908171308428,0.04288360023578154,22.308239317241522,0.00015150764277990612,0.000158910312823216,0.0004712313874504037,0.5931212389648669,0.00033271048865639183,0.0006281757924574785
0.875,0.925,0.02208222482752188,0.04288360023578154,23.06079783855834,0.0001358147300456126,0.00014046329639756934,0.0004165287505343943,0.5242690855507789,0.00031894350227356294,0.0006305185440485027
0.9,0.925,0.023420541483735322,0.04288360023578154,23.672178485445762,0.000127442188935236,0.0001267110005634715,0.00037574780100760205,0.47293963688997537,0.000309360826755767,0.0006319040952862097
0.925,0.925,0.024758858139948773,0.04288360023578154,24.105700838221594,0.00012645587415662332,0.00011879032693065938,0.00035225989793057414,0.44337629593956007,0.0003044534610661656,0.0006320944563350318
0.95,0.925,0.026097174796162217,0.04288360023578154,24.333531610634427,0.000131371519045087,0.00011640507159133079,0.0003451866805728956,0.4344735030561051,0.00030361641048532,0.0006318723549995785
0.975,0.925,0.02743549145237566,0.04288360023578154,24.338766050216076,0.00014018070338224435,0.00011823841068892218,0.0003506232498633114,0.44131630852094506,0.00032453324246306867,0.0006319145775826193
0.0,0.95,-0.025428016468055495,0.04404261645837022,24.593566261557868,0.0001362832643935729,0.0001168468179922573,0.000346496631863731,0.4361222895191793,0.00031997681381992624,0.000631502961889936
0.025,0.95,-0.024089699811842048,0.04404261645837022,24.264723904607948,0.00014756263788601387,0.00012132612049753832,0.0003597795201601114,0.45284096185976114,0.00034028429403601445,0.0006315385278111087
0.05,0.95,-0.0227513831556286,0.04404261645837022,23.740092277726298,0.00015979354340129494,0.00012880976623683155,0.0003819714641709298,0.4807731278344245,0.0003536117989355626,0.0006317189245140404
0.075,0.95,-0.021413066499415153,0.04404261645837022,23.060797829527793,0.00017204384423374206,0.00014046329639756934,0.0004165287505343943,0.5242690855507789,0.0003647715331919745,0.0006318140922159296
0.1,0.95,-0.020074749843201706,0.04404261645837022,22.28175572119492,0.00018368070886357646,0.00015603897650109843,0.00046271674938274445,0.5824041840009528,0.0003769955632866083,0.0006317536719250687
0.125,0.95,-0.01873643318698826,0.04404261645837022,21.46466728866126,0.00019445455652513727,0.0001734939124282362,0.0005144774786184454,0.6475534687718768,0.000392994507639693,0.0006315954480555646
0.15,0.95,-0.01739811653077481,0.04404261645837022,20.67068869317179,0.00020435330124178016,0.00019026428217479676,0.0005642082007051838,0.7101476598301033,0.00041534673669465095,0.0006314361536004768
0.175,0.95,-0.016059799874561367,0.04404261645837022,19.954978012920343,0.00021343645494296986,0.0002045542571979245,0.000606583579855506,0.7634839571409238,0.00044412376743956593,0.0006313292984633647
0.2,0.95,-0.014721483218347917,0.04404261645837022,19.363493206389627,0.0002217432985524704,0.0002160287561829034,0.0006406099685833741,0.8063116939539716,0.00047438637446605835,0.0006312734228553248
0.225,0.95,-0.013383166562134471,0.04404261645837022,18.930937008455974,0.00022924798734396548,0.00022532969170209984,0.0006681908893646046,0.8410267624770271,0.0005002577509940375,0.0006312450329978053
0.25,0.95,-0.012044849905921024,0.04404261645837022,18.678272878952114,0.00023584326674929538,0.00023297414927970822,0.0006908597035315594,0.869559146996901,0.0005199389536992522,0.0006312247955516869
0.275,0.95,-0.010706533249707575,0.04404261645837022,18.608662672428494,0.00024136628524085686,0.00023913624737693673,0.00070913274059488,0.8925587320654748,0.000534491403203857,0.0006312057621725059
0.3,0.95,-0.009368216593494131,0.04404261645837022,18.70204716114294,0.00024567487720321353,0.00024391539140949058,0.0007233047765897437,0.9103965412008285,0.0005454042375641543,0.0006311889506608703
0.325,0.95,-0.00802989993728068,0.04404261645837022,18.910932464501375,0.00024878374394631447,0.00024735125785825725,0.0007334934678394286,0.9232206639956618,0.0005537778564382717,0.0006311757088920773
0.35,0.95,-0.006691583281067236,0.04404261645837022,19.162141708573348,0.0002509723251210696,0.00024978731264704975,0.0007407173254836141,0.9323130621468272,0.0005603118307381499,0.0006311642234578246
0.375,0.95,-0.005353266624853789,0.04404261645837022,19.3687560682086,0.00025275561211360943,0.00025170318746343734,0.0007463986455431372,0.9394639262072456,0.0005654347413696713,0.0006311554966086097
0.4,0.95,-0.004014949968640338,0.04404261645837022,19.45138395675372,0.00025471506608074144,0.0002537090347885375,0.0007523467693698908,0.9469506061432502,0.0005694148518811111,0.000631151613889964
0.425,0.95,-0.0026766333124268946,0.04404261645837022,19.360583284684438,0.00025725655844425154,0.0002562137149583484,0.0007597741281773241,0.9562991435612191,0.0005724222066919115,0.0006311520070002802
0.45,0.95,-0.0013383166562134473,0.04404261645837022,19.089404070035968,0.00026040848457715125,0.0002592784718947602,0.0007688623342080442,0.9677381269661095,0.0005745550568752474,0.0006311570435290187
0.475,0.95,0.0,0.04404261645837022,18.670987250065803,0.0002638009569125283,0.00026257553744897007,0.000778639426380493,0.9800441854699202,0.0005758601375821112,0.0006311703471051229
0.5,0.95,0.0013383166562134473,0.04404261645837022,18.165484299838834,0.000266831949267359,0.0002655205719017386,0.000787372608303124,0.991036313371421,0.0005763605322497335,0.0006312150745934117
0.525,0.95,0.0026766333124268946,0.04404261645837022,17.644212921887856,0.00026884571321187913,0.00026747388854377963,0.0007931649580569312,0.9983269263356465,0.0005760474875811166,0.0006313372419743345
0.55,0.95,0.004014949968640345,0.04404261645837022,17.1762557173584,0.0002693259694154038,0.00026792214202369665,0.000794494205388448,1.0,0.0005748494932496743,0.0006315901319649214
0.575,0.95,0.005353266624853786,0.04404261645837022,16.81906556243107,0.00026807622815479477,0.0002666498855061975,0.0007907214659527078,0.9952513946481264,0.0005726174490670309,0.0006320423341958828
0.6,0.95,0.006691583281067233,0.04404261645837022,16.613097879126748,0.00026521094673114513,0.00026375765961944174,0.0007821448821349409,0.9844563708964129,0.0005690164604171648,0.0006327068180016387
0.625,0.95,0.008029899937280684,0.04404261645837022,16.580331131226387,0.0002610690216264998,0.00025961010966857225,0.0007698457702450639,0.9689759409493328,0.0005633256693571624,0.0006334065174344406
0.65,0.95,0.009368216593494134,0.04404261645837022,16.726215842109994,0.00025605704869021036,0.00025461067643675796,0.00075502049039734,0.9503159183246551,0.0005542482798897746,0.0006337614067071805
0.675,0.95,0.010706533249707578,0.04404261645837022,17.04376002265527,0.00025045382863324403,0.00024909326807003815,0.000738659211172673,0.9297225910055872,0.0005398085140519151,0.0006334039491524975
0.7,0.95,0.012044849905921022,0.04404261645837022,17.517915277116103,0.0002443158104750914,0.00024324456021573726,0.0007213154990623055,0.9078927123321642,0.000517122692381108,0.0006322354701994416
0.725,0.95,0.013383166562134473,0.04404261645837022,18.128769940784522,0.0002371429994521735,0.00023671897664095964,0.0007019645850326607,0.88353644403165,0.0004823338957600582,0.0006303412534964122
0.75,0.95,0.014721483218347917,0.04404261645837022,18.852963213471508,0.00022751343813260131,0.00022848815978483627,0.000677556985689023,0.8528155159517476,0.00043648107650590975,0.0006278314734623751
0.775,0.95,0.016059799874561367,0.04404261645837022,19.663567103547976,0.00021347938004257486,0.0002170091046616029,0.0006435170862247344,0.8099707736824876,0.0003949818424094461,0.0006248188918595827
0.8,0.95,0.017398116530774818,0.04404261645837022,20.52915765399344,0.0001939913856846928,0.00020137166685699505,0.0005971459515770264,0.7516051690837278,0.0003658521806145782,0.0006222081700913488
0.825,0.95,0.018736433186988255,0.04404261645837022,21.412977278397555,0.00017069180633306582,0.00018213175129024565,0.000540092057805927,0.6797935770240924,0.0003431253491021724,0.0006215006630349532
0.85,0.95,0.020074749843201706,0.04404261645837022,22.273068734335784,0.00014791164724872844,0.00016165990049877562,0.0004793849930424581,0.6033838759189879,0.0003241423830670509,0.0006237135963382378
0.875,0.95,0.021413066499415156,0.04404261645837022,23.063988145311157,0.00013039034729402958,0.000143136833199854,0.0004244568354670687,0.5342478681257861,0.00030962509901146396,0.0006278286983362523
0.9,0.95,0.0227513831556286,0.04404261645837022,23.74009228400611,0.00012043349851310104,0.00012880976623683152,0.0003819714641709297,0.4807731278344244,0.0003000464694095482,0.0006313839361242464
0.925,0.95,0.02408969981184205,0.04404261645837022,24.25962820144693,0.00011764125534218283,0.00011951507042313669,0.000354409046563147,0.4460813485604563,0.0002952399955333064,0.0006328274329949651
0.95,0.95,0.025428016468055495,0.04404261645837022,24.588518147907138,0.00012031438183287904,0.00011507426878225202,0.00034124032842618044,0.42950637790912466,0.00029434889955786444,0.0006325567438248617
0.975,0.95,0.02676633312426894,0.04404261645837022,24.703288878506413,0.00012689999495146684,0.00011459013748120551,0.00033980468928705097,0.4276993928746302,0.0002974809907643485,0.0006318555178641702
0.0,0.975,-0.026097174796162217,0.04520163268095892,24.895955830486166,0.00012313599641379538,0.00011344161660084662,0.00033639887453310626,0.42341262183105854,0.0002946514188220805,0.0006314628560589098
0.025,0.975,-0.02475885813994877,0.04520163268095892,24.678903012939664,0.00013293661647341767,0.00011552374274697682,0.00034257319497371365,0.4311840069446713,0.0003192296518966866,0.0006307322650689747
0.05,0.975,-0.023420541483735322,0.04520163268095892,24.259628197272413,0.0001444327332320127,0.00011951507042313669,0.000354409046563147,0.4460813485604563,0.0003409141769061763,0.0006303781586905994
0.075,0.975,-0.022082224827521875,0.04520163268095892,23.672178478335667,0.00015671584317090908,0.00012671100056347147,0.000375747801007602,0.47293963688997526,0.00035360548705711925,0.0006302905693151911
0.1,0.975,-0.020743908171308428,0.04520163268095892,22.966116195090684,0.00016887065131528293,0.00013831273297275755,0.00041015148672772397,0.5162422632487177,0.0003643881242308365,0.0006302850167784391
0.125,0.975,-0.01940559151509498,0.04520163268095892,22.200093910096705,0.00018032978412152684,0.00015370539096199972,0.000455796753242865,0.5736942449064366,0.0003767139715488902,0.0006302398517358303
0.15,0.975,-0.018067274858881537,0.04520163268095892,21.43418530059307,0.00019090366378489069,0.00017067700522575062,0.0005061242442325624,0.6370395665568205,0.0003929281007523879,0.0006301401028622225
0.175,0.975,-0.016728958202668086,0.04520163268095892,20.723514172564585,0.00020061694683939455,0.00018673441660584816,0.0005537407652063969,0.6969726921238643,0.00041477901046020133,0.0006300256768296613
0.2,0.975,-0.015390641546454639,0.04520163268095892,20.114212004215112,0.00020954561810933065,0.00020038728601995268,0.0005942268764120614,0.7479310388696028,0.00044148242492709024,0.0006299366947236081
0.225,0.975,-0.014052324890241193,0.04520163268095892,19.64111257766134,0.00021772288399820374,0.00021152289899722742,0.0006272483352473327,0.7894939081911306,0.0004687352813019315,0.0006298843112248264
0.25,0.975,-0.012714008234027746,0.04520163268095892,19.325902679149106,0.00022510393220836962,0.00022065694913464215,0.0006543343754345663,0.8235860891076554,0.0004921928148374183,0.0006298549867746147
0.275,0.975,-0.011375691577814297,0.04520163268095892,19.17466750177774,0.0002315885691215345,0.00022817920591901102,0.0006766408163337153,0.8516623680129785,0.0005105117686647747,0.0006298349454505108
0.3,0.975,-0.010037374921600853,0.04520163268095892,19.174680519003367,0.0002370745187165756,0.00023432098579705474,0.0006948536019102262,0.8745861167992975,0.0005243983274762444,0.0006298144525865666
0.325,0.975,-0.008699058265387402,0.04520163268095892,19.291775901015875,0.0002415470973406089,0.00023927858831951414,0.0007095548373025768,0.8930900093294675,0.0005349717634359292,0.0006297898509148635
0.35,0.975,-0.007360741609173958,0.04520163268095892,19.471132130379793,0.000245172407644851,0.00024322184824089984,0.0007212481491513763,0.9078079415302219,0.0005431407559875106,0.0006297671754909551
0.375,0.975,-0.006022424952960511,0.04520163268095892,19.644358294796447,0.00024829282036236306,0.0002465689415123521,0.0007311735931216933,0.9203007248670924,0.0005495123976789235,0.0006297455617642431
0.4,0.975,-0.00468410829674706,0.04520163268095892,19.743198435116582,0.0002513283127696383,0.0002497157912005997,0.0007405052363507923,0.9320461135254484,0.0005544682991349744,0.0006297183074509639
0.425,0.975,-0.0033457916405336165,0.04520163268095892,19.715933655707843,0.00025461725215745795,0.00025303772510317776,0.0007503560729272194,0.9444449913393033,0.000558262167167822,0.0006296897944574273
0.45,0.975,-0.002007474984320169,0.04520163268095892,19.539955765511976,0.00025824549073298365,0.0002566452906137397,0.0007610539192196216,0.9579099684528516,0.0005610509529749966,0.0006296605457425995
0.475,0.975,-0.0006691583281067219,0.04520163268095892,19.225640491526967,0.0002619796330662641,0.0002603530482171589,0.0007720488743534193,0.971748905300002,0.000562914369725189,0.0006296202019671535
0.5,0.975,0.0006691583281067254,0.04520163268095892,18.811331569171976,0.0002653469934432107,0.0002637177764924629,0.0007820266130249743,0.9843075100121367,0.0005639081306135242,0.0006295945671655217
0.525,0.975,0.0020074749843201727,0.04520163268095892,18.352948544594888,0.0002677409174361767,0.0002661589646437596,0.0007892656931018147,0.9934190680672405,0.0005640508727130372,0.0006296401261286521
0.55,0.975,0.0033457916405336234,0.04520163268095892,17.912252253484805,0.00026860243924151366,0.00026712435691437564,0.000792128459721766,0.9970223248317772,0.0005633038627641517,0.0006298389825540232
0.575,0.975,0.004684108296747064,0.04520163268095892,17.546419244452686,0.0002676351168207439,0.00026628460626598125,0.0007896382697767276,0.9938880163268828,0.0005615845059743085,0.0006303379807942327
0.6,0.975,0.006022424952960511,0.04520163268095892,17.300370689358438,0.00026487051051774375,0.0002636247309811056,0.0007817506965999548,0.9839602243766364,0.000558644562167833,0.0006312555535813299
0.625,0.975,0.007360741609173962,0.04520163268095892,17.20278365706715,0.000260666196317101,0.00025947346097049477,0.0007694405532742812,0.9684659095758699,0.0005538555483684238,0.0006325129845828
0.65,0.975,0.008699058265387413,0.04520163268095892,17.26607890410466,0.00025555559717985985,0.0002542877518075504,0.0007540628922505624,0.9491106255229166,0.0005459861950786728,0.0006337580359446463
0.675,0.975,0.010037374921600856,0.04520163268095892,17.489491345726673,0.00024996621162743927,0.00024853481374407263,0.0007370031751220412,0.9276382006608872,0.0005330015682251195,0.0006344746173626478
0.7,0.975,0.0113756915778143,0.04520163268095892,17.863331530145587,0.00024400656801001555,0.00024253882691021152,0.0007192227230880815,0.9052586138579017,0.0005116912071225217,0.0006341898593670283
0.725,0.975,0.012714008234027751,0.04520163268095892,18.372581279789365,0.00023711404705222314,0.00023608779035464187,0.0007000928702008356,0.8811805869100615,0.00047735137522366636,0.0006324811594659279
0.75,0.975,0.014052324890241195,0.04520163268095892,18.99884370869738,0.00022775187061141564,0.00022819996769953522,0.0006767023831538199,0.8517398598558228,0.0004306271565303821,0.0006290953357481995
0.775,0.975,0.015390641546454645,0.04520163268095892,19.720614087004122,0.0002137625935877155,0.00021737009371995762,0.0006445875603292826,0.8113181392105028,0.0003894413647001914,0.0006240977170545288
0.8,0.975,0.016728958202668096,0.04520163268095892,20.512413873007947,0.00019368502235564113,0.00020256725484239265,0.000600691338752777,0.7560676146896301,0.00036063011271808033,0.0006187555046030747
0.825,0.975,0.018067274858881533,0.04520163268095892,21.343570865368548,0.0001687761868497324,0.00018400978614645428,0.0005456611675461863,0.6868032061724086,0.0003365537712251546,0.0006154321544602895
0.85,0.975,0.019405591515094984,0.04520163268095892,22.17749654623102,0.0001435812277083436,0.0001639089597371306,0.0004860543355572338,0.6117783267149063,0.0003154740265639663,0.0006163877395487207
0.875,0.975,0.020743908171308435,0.04520163268095892,22.972239271844188,0.0001237691553115306,0.0001455432887710356,0.00043159291982496187,0.5432297893399303,0.0002995138005813541,0.0006213983323009718
0.9,0.975,0.02208222482752188,0.04520163268095892,23.682760373444683,0.00011242112197298549,0.00013117980299678963,0.0003889995524734553,0.4896191184720645,0.00028979514390453887,0.0006275111181504873
0.925,0.975,0.02342054148373533,0.04520163268095892,24.264723908620322,0.00010886990957376534,0.00012132612049753834,0.00035977952016011145,0.4528409618597612,0.0002856572089735569,0.0006316431648823865
0.95,0.975,0.024758858139948773,0.04520163268095892,24.678903014886018,0.00011055831448850248,0.00011552374274697682,0.00034257319497371365,0.4311840069446713,0.00028563353259109247,0.0006329090997049823
0.975,0.975,0.026097174796162217,0.04520163268095892,24.895199314422097,0.00011556961975497579,0.00011316746772091108,0.0003355859156082584,0.42238938098256124,0.00028658398923058056,0.000632407209294095
