k1,k2,band,energy_meV
0.0,0.0,1,-93.58041256800291
0.0,0.0,2,-86.45008130008736
0.0,0.0,3,-81.54963072272966
0.0,0.0,4,-77.40084250205254
0.0,0.0,5,-74.86534694160392
0.0,0.0,6,-72.42962049984303
0.0,0.0,7,-69.0091759015018
0.0,0.0,8,-66.43553389064576
0.0,0.0,9,-64.79590810102604
0.0,0.0,10,-62.27572680565123
0.0,0.0,11,-59.99557412240671
0.0,0.0,12,-57.95114897999176
0.0,0.0,13,-55.2576405705631
0.0,0.0,14,-54.210979030598
0.0,0.0,15,-51.96091556154806
0.0,0.0,16,-50.313273949925986
0.0,0.0,17,-48.54907646881398
0.0,0.0,18,-47.638809109299814
0.0,0.0,19,-45.48351272796191
0.0,0.0,20,-44.437158848037285
0.0,0.0,21,-43.25497361632236
0.0,0.0,22,-41.64566086805294
0.0,0.0,23,-40.70082269752908
0.0,0.0,24,-39.92368291919871
0.0,0.0,25,-38.68458093512976
0.0,0.0,26,-37.87463477158707
0.0,0.0,27,-37.401061840855675
0.0,0.0,28,-36.64518653698329
0.0,0.0,29,-36.29096835759333
0.0,0.0,30,-35.98496657458952
0.0,0.0,31,-34.19691818392785
0.0,0.0,32,-34.099841004820945
0.0,0.0,33,-31.625427809623716
0.0,0.0,34,-30.871692824360778
0.0,0.0,35,-28.86615754019077
0.0,0.0,36,-26.233816303278957
0.0,0.0,37,-25.56183068230017
0.0,0.0,38,-21.19557138164099
0.0,0.0,39,-21.063058663126725
0.0,0.0,40,-14.967428205641795
0.0,0.0,41,-7.79979726545109
0.0,0.0,42,-7.532287636148567
0.0,0.0,43,-5.9260825456292565
0.0,0.0,44,-4.69490653709471
0.0,0.0,45,-4.430079054793836
0.0,0.0,46,-3.5100726570672975
0.0,0.0,47,-2.949789079043981
0.0,0.0,48,-2.141079412718298
0.0,0.0,49,-1.294049455521943
0.0,0.0,50,-0.2848006698568213
0.0,0.0,51,0.7987779680408664
0.0,0.0,52,2.0466366606482325
0.0,0.0,53,3.3417660469067982
0.0,0.0,54,4.748729297896574
0.0,0.0,55,6.27779168041603
0.0,0.0,56,7.911843897893391
0.0,0.0,57,9.621744519924476
0.0,0.0,58,11.403377696839158
0.0,0.0,59,13.273705645835037
0.0,0.0,60,15.168721781251023
0.0,0.0,61,16.94357680697541
0.0,0.0,62,16.975860812728964
0.0,0.0,63,17.047321443141886
0.0,0.0,64,18.44405590438994
0.0,0.0,65,18.729179366826305
0.0,0.0,66,18.79233373528813
0.0,0.0,67,19.46473602608026
0.0,0.0,68,19.702664684226676
0.0,0.0,69,20.060657681079803
0.0,0.0,70,20.495479442675332
0.0,0.0,71,20.774913110336783
0.0,0.0,72,21.095505886821655
0.0,0.0,73,21.306217293586485
0.0,0.0,74,21.730622760033935
0.0,0.0,75,21.804305426398734
0.0,0.0,76,22.28764056977937
0.0,0.0,77,22.89323270946484
0.0,0.0,78,22.926132869839762
0.0,0.0,79,25.33176172266944
0.0,0.0,80,31.462622816942286
0.0,0.0,81,33.07165059676757
0.0,0.0,82,35.86946017038891
0.0,0.0,83,36.37874422492304
0.0,0.0,84,37.97593035826178
0.0,0.0,85,39.853320257433474
0.0,0.0,86,40.43337686472506
0.0,0.0,87,42.14095391775992
0.0,0.0,88,42.45634739726313
0.0,0.0,89,43.80135373783671
0.0,0.0,90,44.9616852011886
0.0,0.0,91,45.63108606225372
0.0,0.0,92,46.769468233570116
0.0,0.0,93,47.31328585750837
0.0,0.0,94,48.2797688538886
0.0,0.0,95,49.27914408583133
0.0,0.0,96,50.4219124085336
0.0,0.0,97,51.19477613084517
0.0,0.0,98,51.594469426526544
0.0,0.0,99,52.40438281973287
0.0,0.0,100,53.25202614985768
0.0,0.0,101,53.814936758041846
0.0,0.0,102,54.50744139625142
0.0,0.0,103,56.77974964178236
0.0,0.0,104,59.07753408113915
0.0,0.0,105,61.5376811816735
0.0,0.0,106,64.1638060715158
0.0,0.0,107,65.55541596199798
0.0,0.0,108,67.16066515156771
0.0,0.0,109,69.07496390317559
0.0,0.0,110,70.96440162027135
0.0,0.0,111,72.40488914805134
0.0,0.0,112,74.62053595947046
0.0,0.0,113,76.96218352869542
0.0,0.0,114,79.55525683216638
0.0,0.0,115,82.64363341108317
0.0,0.0,116,86.08088065275804
0.0,0.0,117,90.88643135070211
0.0,0.0,118,95.85361548389874
0.025,0.0,1,-93.57914195332972
0.025,0.0,2,-86.46211163921919
0.025,0.0,3,-81.51793665786886
0.025,0.0,4,-77.43088250932732
0.025,0.0,5,-74.87479164044626
0.025,0.0,6,-72.42298833905141
0.025,0.0,7,-68.93359036217515
0.025,0.0,8,-66.53767682027231
0.025,0.0,9,-64.80839715876806
0.025,0.0,10,-62.17136852917352
0.025,0.0,11,-60.05319930741294
0.025,0.0,12,-57.95400561879018
0.025,0.0,13,-55.283167466582825
0.025,0.0,14,-54.14506279213393
0.025,0.0,15,-52.029813686169035
0.025,0.0,16,-50.26680196783042
0.025,0.0,17,-48.5492591774497
0.025,0.0,18,-47.65959108431497
0.025,0.0,19,-45.43100481841782
0.025,0.0,20,-44.4866215246563
0.025,0.0,21,-43.274171562675804
0.025,0.0,22,-41.58353755934263
0.025,0.0,23,-40.740518748949285
0.025,0.0,24,-39.94903681511235
0.025,0.0,25,-38.63925812805695
0.025,0.0,26,-37.86575073446161
0.025,0.0,27,-37.3973191009033
0.025,0.0,28,-36.68371872179432
0.025,0.0,29,-36.305566142487635
0.025,0.0,30,-35.961209490883675
0.025,0.0,31,-34.19336585344331
0.025,0.0,32,-34.10833826135081
0.025,0.0,33,-31.616329907837937
0.025,0.0,34,-30.872436385446946
0.025,0.0,35,-28.87079764873036
0.025,0.0,36,-26.233263725873556
0.025,0.0,37,-25.560642685869382
0.025,0.0,38,-21.19557480034743
0.025,0.0,39,-21.063473192093554
0.025,0.0,40,-14.967355668456406
0.025,0.0,41,-7.799716397947051
0.025,0.0,42,-7.532343988748252
0.025,0.0,43,-5.926306206343639
0.025,0.0,44,-4.690596637365601
0.025,0.0,45,-4.438319364764851
0.025,0.0,46,-3.488133534509359
0.025,0.0,47,-2.9822293117453285
0.025,0.0,48,-2.115714901825797
0.025,0.0,49,-1.310230837998418
0.025,0.0,50,-0.2745997110975509
0.025,0.0,51,0.7898150189378583
0.025,0.0,52,2.0544391956524066
0.025,0.0,53,3.335546043538585
0.025,0.0,54,4.753007285984339
0.025,0.0,55,6.275359409774623
0.025,0.0,56,7.912864735818388
0.025,0.0,57,9.621472259292133
0.025,0.0,58,11.403401155268938
0.025,0.0,59,13.273734976567056
0.025,0.0,60,15.168699742644677
0.025,0.0,61,16.944011701678743
0.025,0.0,62,16.9771462570236
0.025,0.0,63,17.045293129639862
0.025,0.0,64,18.44714301516916
0.025,0.0,65,18.729346629578156
0.025,0.0,66,18.788316562447026
0.025,0.0,67,19.46179103565909
0.025,0.0,68,19.70966011999215
0.025,0.0,69,20.061457447930295
0.025,0.0,70,20.475305972779864
0.025,0.0,71,20.816418691789266
0.025,0.0,72,21.053123024131594
0.025,0.0,73,21.323030459564322
0.025,0.0,74,21.755838728656276
0.025,0.0,75,21.778788328946682
0.025,0.0,76,22.288261774843477
0.025,0.0,77,22.895074962698622
0.025,0.0,78,22.924421063497665
0.025,0.0,79,25.33184038371705
0.025,0.0,80,31.46213409840807
0.025,0.0,81,33.07111445402125
0.025,0.0,82,35.874355453605546
0.025,0.0,83,36.37915829800464
0.025,0.0,84,37.967048051462825
0.025,0.0,85,39.864352837507546
0.025,0.0,86,40.42337893230969
0.025,0.0,87,42.14378526413618
0.025,0.0,88,42.46299894727822
0.025,0.0,89,43.807905911385326
0.025,0.0,90,44.92612984629927
0.025,0.0,91,45.635643751741306
0.025,0.0,92,46.87829874989794
0.025,0.0,93,47.21328771772458
0.025,0.0,94,48.25031137929028
0.025,0.0,95,49.36265804780837
0.025,0.0,96,50.36242875366666
0.025,0.0,97,51.23854681506966
0.025,0.0,98,51.51362123185671
0.025,0.0,99,52.4578138957914
0.025,0.0,100,53.34824994841661
0.025,0.0,101,53.72730960530823
0.025,0.0,102,54.490805699182175
0.025,0.0,103,56.78509083949343
0.025,0.0,104,59.086295176286306
0.025,0.0,105,61.49811712809244
0.025,0.0,106,64.21132588791652
0.025,0.0,107,65.58024398375562
0.025,0.0,108,67.14082978554579
0.025,0.0,109,69.05177832949829
0.025,0.0,110,70.91511916579313
0.025,0.0,111,72.46844106390517
0.025,0.0,112,74.59245498624155
0.025,0.0,113,76.99937234497415
0.025,0.0,114,79.53257223395312
0.025,0.0,115,82.64440945488506
0.025,0.0,116,86.08206918848697
0.025,0.0,117,90.8866009259217
0.025,0.0,118,95.8538577668057
0.05,0.0,1,-93.58041256800192
0.05,0.0,2,-86.45008130008719
0.05,0.0,3,-81.5496307227296
0.05,0.0,4,-77.40084250205251
0.05,0.0,5,-74.86534694160429
0.05,0.0,6,-72.42962049984311
0.05,0.0,7,-69.00917590150226
0.05,0.0,8,-66.43553389064607
0.05,0.0,9,-64.79590810102513
0.05,0.0,10,-62.2757268056512
0.05,0.0,11,-59.99557412240685
0.05,0.0,12,-57.9511489799915
0.05,0.0,13,-55.25764057056341
0.05,0.0,14,-54.21097903059808
0.05,0.0,15,-51.960915561547836
0.05,0.0,16,-50.313273949926014
0.05,0.0,17,-48.549076468813354
0.05,0.0,18,-47.63880910930004
0.05,0.0,19,-45.48351272796185
0.05,0.0,20,-44.43715884803757
0.05,0.0,21,-43.25497361632142
0.05,0.0,22,-41.64566086805266
0.05,0.0,23,-40.700822697528906
0.05,0.0,24,-39.92368291919891
0.05,0.0,25,-38.68458093512936
0.05,0.0,26,-37.874634771587154
0.05,0.0,27,-37.40106184085573
0.05,0.0,28,-36.64518653698369
0.05,0.0,29,-36.29096835759316
0.05,0.0,30,-35.98496657458975
0.05,0.0,31,-34.196918183927735
0.05,0.0,32,-34.09984100482132
0.05,0.0,33,-31.625427809623645
0.05,0.0,34,-30.87169282436041
0.05,0.0,35,-28.86615754019067
0.05,0.0,36,-26.233816303279355
0.05,0.0,37,-25.561830682300283
0.05,0.0,38,-21.195571381641017
0.05,0.0,39,-21.06305866312698
0.05,0.0,40,-14.967428205642136
0.05,0.0,41,-7.799797265451076
0.05,0.0,42,-7.532287636148681
0.05,0.0,43,-5.926082545629271
0.05,0.0,44,-4.694906537094752
0.05,0.0,45,-4.430079054793836
0.05,0.0,46,-3.5100726570672975
0.05,0.0,47,-2.9497890790439243
0.05,0.0,48,-2.1410794127182555
0.05,0.0,49,-1.2940494555219573
0.05,0.0,50,-0.28480066985679287
0.05,0.0,51,0.7987779680408664
0.05,0.0,52,2.0466366606481756
0.05,0.0,53,3.341766046906784
0.05,0.0,54,4.74872929789656
0.05,0.0,55,6.277791680416058
0.05,0.0,56,7.9118438978933625
0.05,0.0,57,9.621744519924405
0.05,0.0,58,11.403377696839115
0.05,0.0,59,13.27370564583508
0.05,0.0,60,15.168721781250966
0.05,0.0,61,16.943576806975297
0.05,0.0,62,16.97586081272876
0.05,0.0,63,17.047321443141925
0.05,0.0,64,18.444055904389913
0.05,0.0,65,18.729179366826344
0.05,0.0,66,18.792333735288114
0.05,0.0,67,19.464736026080217
0.05,0.0,68,19.702664684226576
0.05,0.0,69,20.060657681079675
0.05,0.0,70,20.495479442675162
0.05,0.0,71,20.774913110336698
0.05,0.0,72,21.09550588682167
0.05,0.0,73,21.306217293586485
0.05,0.0,74,21.730622760033842
0.05,0.0,75,21.8043054263985
0.05,0.0,76,22.287640569779285
0.05,0.0,77,22.893232709464723
0.05,0.0,78,22.92613286983966
0.05,0.0,79,25.33176172266947
0.05,0.0,80,31.462622816942655
0.05,0.0,81,33.07165059676784
0.05,0.0,82,35.86946017038951
0.05,0.0,83,36.37874422492327
0.05,0.0,84,37.9759303582613
0.05,0.0,85,39.85332025743391
0.05,0.0,86,40.433376864725126
0.05,0.0,87,42.14095391776011
0.05,0.0,88,42.45634739726358
0.05,0.0,89,43.80135373783653
0.05,0.0,90,44.96168520118806
0.05,0.0,91,45.63108606225377
0.05,0.0,92,46.76946823357009
0.05,0.0,93,47.313285857508085
0.05,0.0,94,48.279768853888946
0.05,0.0,95,49.279144085831724
0.05,0.0,96,50.42191240853364
0.05,0.0,97,51.19477613084573
0.05,0.0,98,51.59446942652688
0.05,0.0,99,52.40438281973298
0.05,0.0,100,53.2520261498577
0.05,0.0,101,53.81493675804204
0.05,0.0,102,54.50744139625107
0.05,0.0,103,56.77974964178151
0.05,0.0,104,59.07753408113886
0.05,0.0,105,61.5376811816732
0.05,0.0,106,64.16380607151574
0.05,0.0,107,65.55541596199804
0.05,0.0,108,67.16066515156797
0.05,0.0,109,69.0749639031767
0.05,0.0,110,70.96440162026988
0.05,0.0,111,72.40488914805192
0.05,0.0,112,74.62053595947162
0.05,0.0,113,76.96218352869627
0.05,0.0,114,79.55525683216543
0.05,0.0,115,82.64363341108307
0.05,0.0,116,86.08088065275747
0.05,0.0,117,90.88643135070174
0.05,0.0,118,95.85361548389858
0.075,0.0,1,-93.57914195332972
0.075,0.0,2,-86.4621116392193
0.075,0.0,3,-81.51793665786846
0.075,0.0,4,-77.43088250932763
0.075,0.0,5,-74.87479164044632
0.075,0.0,6,-72.42298833905124
0.075,0.0,7,-68.93359036217552
0.075,0.0,8,-66.53767682027225
0.075,0.0,9,-64.80839715876797
0.075,0.0,10,-62.171368529173606
0.075,0.0,11,-60.053199307412996
0.075,0.0,12,-57.95400561879015
0.075,0.0,13,-55.28316746658311
0.075,0.0,14,-54.14506279213359
0.075,0.0,15,-52.029813686168865
0.075,0.0,16,-50.26680196783042
0.075,0.0,17,-48.54925917744964
0.075,0.0,18,-47.65959108431505
0.075,0.0,19,-45.43100481841773
0.075,0.0,20,-44.48662152465576
0.075,0.0,21,-43.274171562675804
0.075,0.0,22,-41.58353755934209
0.075,0.0,23,-40.740518748949256
0.075,0.0,24,-39.94903681511235
0.075,0.0,25,-38.639258128057065
0.075,0.0,26,-37.86575073446184
0.075,0.0,27,-37.39731910090319
0.075,0.0,28,-36.683718721794605
0.075,0.0,29,-36.30556614248775
0.075,0.0,30,-35.96120949088353
0.075,0.0,31,-34.19336585344306
0.075,0.0,32,-34.10833826135087
0.075,0.0,33,-31.616329907837752
0.075,0.0,34,-30.87243638544696
0.075,0.0,35,-28.87079764873043
0.075,0.0,36,-26.233263725873442
0.075,0.0,37,-25.560642685869254
0.075,0.0,38,-21.195574800347615
0.075,0.0,39,-21.06347319209361
0.075,0.0,40,-14.967355668456449
0.075,0.0,41,-7.799716397947009
0.075,0.0,42,-7.532343988748224
0.075,0.0,43,-5.926306206343625
0.075,0.0,44,-4.690596637365644
0.075,0.0,45,-4.438319364764823
0.075,0.0,46,-3.4881335345093305
0.075,0.0,47,-2.982229311745286
0.075,0.0,48,-2.115714901825811
0.075,0.0,49,-1.3102308379984322
0.075,0.0,50,-0.2745997110975651
0.075,0.0,51,0.7898150189378867
0.075,0.0,52,2.054439195652378
0.075,0.0,53,3.335546043538585
0.075,0.0,54,4.753007285984339
0.075,0.0,55,6.275359409774566
0.075,0.0,56,7.912864735818346
0.075,0.0,57,9.62147225929212
0.075,0.0,58,11.40340115526891
0.075,0.0,59,13.273734976567027
0.075,0.0,60,15.168699742644634
0.075,0.0,61,16.94401170167881
0.075,0.0,62,16.977146257023673
0.075,0.0,63,17.045293129639873
0.075,0.0,64,18.447143015169218
0.075,0.0,65,18.729346629578167
0.075,0.0,66,18.788316562447108
0.075,0.0,67,19.461791035659047
0.075,0.0,68,19.709660119992265
0.075,0.0,69,20.061457447930167
0.075,0.0,70,20.47530597277992
0.075,0.0,71,20.81641869178921
0.075,0.0,72,21.05312302413155
0.075,0.0,73,21.32303045956418
0.075,0.0,74,21.75583872865643
0.075,0.0,75,21.778788328946764
0.075,0.0,76,22.288261774843562
0.075,0.0,77,22.895074962698704
0.075,0.0,78,22.924421063497682
0.075,0.0,79,25.33184038371695
0.075,0.0,80,31.4621340984079
0.075,0.0,81,33.07111445402113
0.075,0.0,82,35.87435545360542
0.075,0.0,83,36.37915829800467
0.075,0.0,84,37.96704805146312
0.075,0.0,85,39.86435283750755
0.075,0.0,86,40.42337893230955
0.075,0.0,87,42.14378526413616
0.075,0.0,88,42.462998947278344
0.075,0.0,89,43.80790591138541
0.075,0.0,90,44.92612984629923
0.075,0.0,91,45.63564375174154
0.075,0.0,92,46.87829874989808
0.075,0.0,93,47.21328771772471
0.075,0.0,94,48.25031137929
0.075,0.0,95,49.362658047808274
0.075,0.0,96,50.36242875366709
0.075,0.0,97,51.23854681506955
0.075,0.0,98,51.51362123185632
0.075,0.0,99,52.4578138957913
0.075,0.0,100,53.34824994841657
0.075,0.0,101,53.72730960530835
0.075,0.0,102,54.490805699181706
0.075,0.0,103,56.785090839494245
0.075,0.0,104,59.086295176286214
0.075,0.0,105,61.49811712809253
0.075,0.0,106,64.21132588791545
0.075,0.0,107,65.5802439837559
0.075,0.0,108,67.1408297855458
0.075,0.0,109,69.05177832949794
0.075,0.0,110,70.91511916579303
0.075,0.0,111,72.46844106390502
0.075,0.0,112,74.59245498624138
0.075,0.0,113,76.99937234497449
0.075,0.0,114,79.53257223395298
0.075,0.0,115,82.64440945488487
0.075,0.0,116,86.08206918848691
0.075,0.0,117,90.88660092592185
0.075,0.0,118,95.85385776680569
0.1,0.0,1,-93.58041256800212
0.1,0.0,2,-86.45008130008634
0.1,0.0,3,-81.54963072272861
0.1,0.0,4,-77.40084250205265
0.1,0.0,5,-74.86534694160395
0.1,0.0,6,-72.42962049984266
0.1,0.0,7,-69.00917590150218
0.1,0.0,8,-66.43553389064593
0.1,0.0,9,-64.7959081010249
0.1,0.0,10,-62.27572680565095
0.1,0.0,11,-59.99557412240739
0.1,0.0,12,-57.95114897999076
0.1,0.0,13,-55.25764057056321
0.1,0.0,14,-54.21097903059794
0.1,0.0,15,-51.960915561547836
0.1,0.0,16,-50.31327394992627
0.1,0.0,17,-48.549076468812785
0.1,0.0,18,-47.6388091092995
0.1,0.0,19,-45.483512727961426
0.1,0.0,20,-44.43715884803771
0.1,0.0,21,-43.25497361632134
0.1,0.0,22,-41.64566086805303
0.1,0.0,23,-40.70082269752811
0.1,0.0,24,-39.92368291919834
0.1,0.0,25,-38.68458093512987
0.1,0.0,26,-37.87463477158812
0.1,0.0,27,-37.40106184085451
0.1,0.0,28,-36.64518653698343
0.1,0.0,29,-36.290968357592504
0.1,0.0,30,-35.98496657458938
0.1,0.0,31,-34.196918183927394
0.1,0.0,32,-34.0998410048216
0.1,0.0,33,-31.625427809623872
0.1,0.0,34,-30.871692824361304
0.1,0.0,35,-28.866157540191494
0.1,0.0,36,-26.233816303279013
0.1,0.0,37,-25.56183068230044
0.1,0.0,38,-21.195571381641173
0.1,0.0,39,-21.06305866312745
0.1,0.0,40,-14.967428205641824
0.1,0.0,41,-7.799797265451218
0.1,0.0,42,-7.532287636148723
0.1,0.0,43,-5.926082545629157
0.1,0.0,44,-4.694906537094653
0.1,0.0,45,-4.430079054793751
0.1,0.0,46,-3.5100726570673118
0.1,0.0,47,-2.9497890790439243
0.1,0.0,48,-2.1410794127182697
0.1,0.0,49,-1.2940494555220141
0.1,0.0,50,-0.2848006698568071
0.1,0.0,51,0.7987779680408522
0.1,0.0,52,2.0466366606482183
0.1,0.0,53,3.341766046906713
0.1,0.0,54,4.748729297896517
0.1,0.0,55,6.277791680415973
0.1,0.0,56,7.911843897893206
0.1,0.0,57,9.621744519924448
0.1,0.0,58,11.40337769683893
0.1,0.0,59,13.273705645834966
0.1,0.0,60,15.168721781250923
0.1,0.0,61,16.943576806975287
0.1,0.0,62,16.975860812728975
0.1,0.0,63,17.047321443142042
0.1,0.0,64,18.444055904389955
0.1,0.0,65,18.729179366826415
0.1,0.0,66,18.792333735288235
0.1,0.0,67,19.46473602608033
0.1,0.0,68,19.70266468422639
0.1,0.0,69,20.06065768107969
0.1,0.0,70,20.495479442674963
0.1,0.0,71,20.774913110336627
0.1,0.0,72,21.09550588682147
0.1,0.0,73,21.30621729358687
0.1,0.0,74,21.730622760033558
0.1,0.0,75,21.80430542639824
0.1,0.0,76,22.287640569779086
0.1,0.0,77,22.893232709464097
0.1,0.0,78,22.926132869839748
0.1,0.0,79,25.3317617226694
0.1,0.0,80,31.462622816943068
0.1,0.0,81,33.0716505967682
0.1,0.0,82,35.869460170389594
0.1,0.0,83,36.37874422492346
0.1,0.0,84,37.97593035826166
0.1,0.0,85,39.85332025743376
0.1,0.0,86,40.43337686472556
0.1,0.0,87,42.14095391776065
0.1,0.0,88,42.456347397264246
0.1,0.0,89,43.80135373783659
0.1,0.0,90,44.96168520118847
0.1,0.0,91,45.63108606225391
0.1,0.0,92,46.76946823356996
0.1,0.0,93,47.313285857507346
0.1,0.0,94,48.27976885388966
0.1,0.0,95,49.27914408583143
0.1,0.0,96,50.421912408534716
0.1,0.0,97,51.19477613084549
0.1,0.0,98,51.59446942652797
0.1,0.0,99,52.40438281973316
0.1,0.0,100,53.25202614985782
0.1,0.0,101,53.81493675804128
0.1,0.0,102,54.507441396252254
0.1,0.0,103,56.779749641781734
0.1,0.0,104,59.0775340811391
0.1,0.0,105,61.53768118167525
0.1,0.0,106,64.1638060715146
0.1,0.0,107,65.55541596199767
0.1,0.0,108,67.16066515156844
0.1,0.0,109,69.07496390317782
0.1,0.0,110,70.96440162027
0.1,0.0,111,72.40488914805236
0.1,0.0,112,74.62053595947135
0.1,0.0,113,76.96218352869519
0.1,0.0,114,79.55525683216692
0.1,0.0,115,82.64363341108287
0.1,0.0,116,86.08088065275737
0.1,0.0,117,90.88643135070174
0.1,0.0,118,95.85361548389876
0.125,0.0,1,-93.5791419533293
0.125,0.0,2,-86.46211163921919
0.125,0.0,3,-81.51793665786897
0.125,0.0,4,-77.43088250932732
0.125,0.0,5,-74.87479164044592
0.125,0.0,6,-72.42298833905164
0.125,0.0,7,-68.93359036217512
0.125,0.0,8,-66.53767682027177
0.125,0.0,9,-64.80839715876832
0.125,0.0,10,-62.171368529173606
0.125,0.0,11,-60.05319930741351
0.125,0.0,12,-57.95400561878978
0.125,0.0,13,-55.283167466582825
0.125,0.0,14,-54.14506279213376
0.125,0.0,15,-52.02981368616918
0.125,0.0,16,-50.26680196783013
0.125,0.0,17,-48.54925917744936
0.125,0.0,18,-47.65959108431551
0.125,0.0,19,-45.431004818417904
0.125,0.0,20,-44.48662152465636
0.125,0.0,21,-43.27417156267637
0.125,0.0,22,-41.583537559342375
0.125,0.0,23,-40.740518748949455
0.125,0.0,24,-39.94903681511255
0.125,0.0,25,-38.63925812805684
0.125,0.0,26,-37.865750734461784
0.125,0.0,27,-37.39731910090342
0.125,0.0,28,-36.68371872179421
0.125,0.0,29,-36.30556614248749
0.125,0.0,30,-35.96120949088359
0.125,0.0,31,-34.193365853443325
0.125,0.0,32,-34.108338261350994
0.125,0.0,33,-31.616329907837823
0.125,0.0,34,-30.872436385446903
0.125,0.0,35,-28.870797648730445
0.125,0.0,36,-26.233263725873343
0.125,0.0,37,-25.560642685869396
0.125,0.0,38,-21.195574800347288
0.125,0.0,39,-21.06347319209368
0.125,0.0,40,-14.96735566845598
0.125,0.0,41,-7.799716397947051
0.125,0.0,42,-7.532343988748224
0.125,0.0,43,-5.926306206343611
0.125,0.0,44,-4.690596637365616
0.125,0.0,45,-4.438319364764794
0.125,0.0,46,-3.488133534509359
0.125,0.0,47,-2.9822293117453285
0.125,0.0,48,-2.1157149018258252
0.125,0.0,49,-1.3102308379984038
0.125,0.0,50,-0.2745997110975651
0.125,0.0,51,0.7898150189378441
0.125,0.0,52,2.054439195652364
0.125,0.0,53,3.335546043538585
0.125,0.0,54,4.753007285984339
0.125,0.0,55,6.27535940977458
0.125,0.0,56,7.912864735818346
0.125,0.0,57,9.621472259292105
0.125,0.0,58,11.403401155268881
0.125,0.0,59,13.273734976567013
0.125,0.0,60,15.16869974264472
0.125,0.0,61,16.944011701678793
0.125,0.0,62,16.97714625702382
0.125,0.0,63,17.04529312963987
0.125,0.0,64,18.44714301516929
0.125,0.0,65,18.729346629578238
0.125,0.0,66,18.788316562447
0.125,0.0,67,19.461791035659033
0.125,0.0,68,19.709660119992094
0.125,0.0,69,20.061457447930195
0.125,0.0,70,20.475305972780035
0.125,0.0,71,20.81641869178894
0.125,0.0,72,21.05312302413158
0.125,0.0,73,21.323030459564393
0.125,0.0,74,21.75583872865617
0.125,0.0,75,21.778788328946636
0.125,0.0,76,22.288261774843363
0.125,0.0,77,22.895074962698466
0.125,0.0,78,22.924421063497643
0.125,0.0,79,25.331840383717932
0.125,0.0,80,31.462134098408242
0.125,0.0,81,33.07111445402194
0.125,0.0,82,35.87435545360567
0.125,0.0,83,36.3791582980051
0.125,0.0,84,37.96704805146291
0.125,0.0,85,39.86435283750761
0.125,0.0,86,40.42337893230928
0.125,0.0,87,42.14378526413611
0.125,0.0,88,42.46299894727833
0.125,0.0,89,43.80790591138492
0.125,0.0,90,44.92612984629968
0.125,0.0,91,45.63564375174136
0.125,0.0,92,46.87829874989833
0.125,0.0,93,47.21328771772486
0.125,0.0,94,48.25031137928922
0.125,0.0,95,49.362658047807955
0.125,0.0,96,50.36242875366705
0.125,0.0,97,51.23854681506883
0.125,0.0,98,51.51362123185586
0.125,0.0,99,52.457813895792015
0.125,0.0,100,53.348249948416566
0.125,0.0,101,53.72730960530738
0.125,0.0,102,54.49080569918156
0.125,0.0,103,56.785090839494366
0.125,0.0,104,59.086295176286505
0.125,0.0,105,61.498117128092346
0.125,0.0,106,64.2113258879166
0.125,0.0,107,65.58024398375593
0.125,0.0,108,67.1408297855463
0.125,0.0,109,69.05177832949849
0.125,0.0,110,70.91511916579324
0.125,0.0,111,72.4684410639058
0.125,0.0,112,74.5924549862416
0.125,0.0,113,76.99937234497402
0.125,0.0,114,79.53257223395296
0.125,0.0,115,82.64440945488488
0.125,0.0,116,86.0820691884866
0.125,0.0,117,90.88660092592139
0.125,0.0,118,95.85385776680563
0.15,0.0,1,-93.58041256800135
0.15,0.0,2,-86.45008130008623
0.15,0.0,3,-81.549630722729
0.15,0.0,4,-77.4008425020522
0.15,0.0,5,-74.86534694160372
0.15,0.0,6,-72.42962049984271
0.15,0.0,7,-69.00917590150186
0.15,0.0,8,-66.43553389064576
0.15,0.0,9,-64.79590810102519
0.15,0.0,10,-62.27572680565103
0.15,0.0,11,-59.99557412240736
0.15,0.0,12,-57.95114897999099
0.15,0.0,13,-55.25764057056344
0.15,0.0,14,-54.210979030598196
0.15,0.0,15,-51.96091556154809
0.15,0.0,16,-50.31327394992633
0.15,0.0,17,-48.549076468813155
0.15,0.0,18,-47.63880910930001
0.15,0.0,19,-45.483512727961624
0.15,0.0,20,-44.4371588480378
0.15,0.0,21,-43.254973616321365
0.15,0.0,22,-41.6456608680526
0.15,0.0,23,-40.70082269752842
0.15,0.0,24,-39.92368291919868
0.15,0.0,25,-38.68458093512953
0.15,0.0,26,-37.87463477158795
0.15,0.0,27,-37.40106184085539
0.15,0.0,28,-36.6451865369834
0.15,0.0,29,-36.29096835759245
0.15,0.0,30,-35.984966574589436
0.15,0.0,31,-34.19691818392771
0.15,0.0,32,-34.099841004820895
0.15,0.0,33,-31.625427809623716
0.15,0.0,34,-30.871692824361205
0.15,0.0,35,-28.866157540190827
0.15,0.0,36,-26.233816303278772
0.15,0.0,37,-25.56183068230027
0.15,0.0,38,-21.195571381641045
0.15,0.0,39,-21.063058663127308
0.15,0.0,40,-14.967428205642122
0.15,0.0,41,-7.799797265451076
0.15,0.0,42,-7.532287636148794
0.15,0.0,43,-5.9260825456292565
0.15,0.0,44,-4.694906537094724
0.15,0.0,45,-4.430079054793751
0.15,0.0,46,-3.5100726570672975
0.15,0.0,47,-2.9497890790439243
0.15,0.0,48,-2.1410794127182697
0.15,0.0,49,-1.2940494555219857
0.15,0.0,50,-0.28480066985677865
0.15,0.0,51,0.7987779680408664
0.15,0.0,52,2.046636660648204
0.15,0.0,53,3.341766046906784
0.15,0.0,54,4.748729297896546
0.15,0.0,55,6.277791680415987
0.15,0.0,56,7.911843897893306
0.15,0.0,57,9.621744519924405
0.15,0.0,58,11.403377696839101
0.15,0.0,59,13.273705645834951
0.15,0.0,60,15.168721781250952
0.15,0.0,61,16.94357680697535
0.15,0.0,62,16.975860812728882
0.15,0.0,63,17.047321443141968
0.15,0.0,64,18.4440559043899
0.15,0.0,65,18.729179366826422
0.15,0.0,66,18.792333735288285
0.15,0.0,67,19.46473602608033
0.15,0.0,68,19.702664684226377
0.15,0.0,69,20.060657681079533
0.15,0.0,70,20.49547944267499
0.15,0.0,71,20.774913110336556
0.15,0.0,72,21.09550588682154
0.15,0.0,73,21.306217293586528
0.15,0.0,74,21.730622760033658
0.15,0.0,75,21.804305426398326
0.15,0.0,76,22.2876405697791
0.15,0.0,77,22.89323270946449
0.15,0.0,78,22.9261328698398
0.15,0.0,79,25.331761722669114
0.15,0.0,80,31.46262281694267
0.15,0.0,81,33.0716505967682
0.15,0.0,82,35.869460170389274
0.15,0.0,83,36.37874422492368
0.15,0.0,84,37.97593035826178
0.15,0.0,85,39.8533202574341
0.15,0.0,86,40.433376864726036
0.15,0.0,87,42.14095391776101
0.15,0.0,88,42.45634739726372
0.15,0.0,89,43.80135373783709
0.15,0.0,90,44.96168520118852
0.15,0.0,91,45.631086062254276
0.15,0.0,92,46.76946823357005
0.15,0.0,93,47.31328585750837
0.15,0.0,94,48.27976885388976
0.15,0.0,95,49.27914408583128
0.15,0.0,96,50.42191240853499
0.15,0.0,97,51.19477613084524
0.15,0.0,98,51.59446942652672
0.15,0.0,99,52.404382819732604
0.15,0.0,100,53.252026149858224
0.15,0.0,101,53.81493675804097
0.15,0.0,102,54.50744139625226
0.15,0.0,103,56.779749641781336
0.15,0.0,104,59.07753408113917
0.15,0.0,105,61.537681181673896
0.15,0.0,106,64.16380607151493
0.15,0.0,107,65.55541596199832
0.15,0.0,108,67.16066515156767
0.15,0.0,109,69.07496390317694
0.15,0.0,110,70.96440162026923
0.15,0.0,111,72.40488914805273
0.15,0.0,112,74.62053595947157
0.15,0.0,113,76.96218352869593
0.15,0.0,114,79.55525683216679
0.15,0.0,115,82.64363341108336
0.15,0.0,116,86.080880652757
0.15,0.0,117,90.88643135070161
0.15,0.0,118,95.85361548389866
0.175,0.0,1,-93.57914195332981
0.175,0.0,2,-86.46211163921905
0.175,0.0,3,-81.51793665786846
0.175,0.0,4,-77.43088250932755
0.175,0.0,5,-74.87479164044592
0.175,0.0,6,-72.42298833905116
0.175,0.0,7,-68.93359036217541
0.175,0.0,8,-66.5376768202724
0.175,0.0,9,-64.80839715876814
0.175,0.0,10,-62.17136852917369
0.175,0.0,11,-60.05319930741277
0.175,0.0,12,-57.95400561878981
0.175,0.0,13,-55.28316746658251
0.175,0.0,14,-54.145062792134325
0.175,0.0,15,-52.02981368616895
0.175,0.0,16,-50.26680196783036
0.175,0.0,17,-48.54925917744973
0.175,0.0,18,-47.65959108431505
0.175,0.0,19,-45.43100481841799
0.175,0.0,20,-44.48662152465599
0.175,0.0,21,-43.27417156267549
0.175,0.0,22,-41.58353755934229
0.175,0.0,23,-40.74051874894923
0.175,0.0,24,-39.94903681511255
0.175,0.0,25,-38.63925812805701
0.175,0.0,26,-37.86575073446147
0.175,0.0,27,-37.39731910090333
0.175,0.0,28,-36.683718721794406
0.175,0.0,29,-36.30556614248789
0.175,0.0,30,-35.96120949088359
0.175,0.0,31,-34.19336585344321
0.175,0.0,32,-34.10833826135093
0.175,0.0,33,-31.616329907837866
0.175,0.0,34,-30.87243638544696
0.175,0.0,35,-28.870797648730502
0.175,0.0,36,-26.233263725873513
0.175,0.0,37,-25.560642685869254
0.175,0.0,38,-21.19557480034733
0.175,0.0,39,-21.063473192093568
0.175,0.0,40,-14.967355668456179
0.175,0.0,41,-7.79971639794708
0.175,0.0,42,-7.532343988748224
0.175,0.0,43,-5.926306206343625
0.175,0.0,44,-4.690596637365616
0.175,0.0,45,-4.4383193647648085
0.175,0.0,46,-3.488133534509373
0.175,0.0,47,-2.9822293117453142
0.175,0.0,48,-2.115714901825797
0.175,0.0,49,-1.3102308379984038
0.175,0.0,50,-0.27459971109753667
0.175,0.0,51,0.789815018937901
0.175,0.0,52,2.0544391956523924
0.175,0.0,53,3.3355460435386135
0.175,0.0,54,4.753007285984339
0.175,0.0,55,6.27535940977458
0.175,0.0,56,7.912864735818374
0.175,0.0,57,9.62147225929212
0.175,0.0,58,11.403401155268881
0.175,0.0,59,13.273734976567056
0.175,0.0,60,15.168699742644677
0.175,0.0,61,16.944011701678754
0.175,0.0,62,16.977146257023538
0.175,0.0,63,17.045293129639848
0.175,0.0,64,18.447143015169146
0.175,0.0,65,18.72934662957819
0.175,0.0,66,18.78831656244695
0.175,0.0,67,19.461791035659033
0.175,0.0,68,19.709660119992094
0.175,0.0,69,20.061457447930238
0.175,0.0,70,20.47530597277985
0.175,0.0,71,20.81641869178935
0.175,0.0,72,21.053123024131537
0.175,0.0,73,21.323030459564364
0.175,0.0,74,21.755838728656173
0.175,0.0,75,21.77878832894672
0.175,0.0,76,22.288261774843406
0.175,0.0,77,22.895074962698605
0.175,0.0,78,22.92442106349763
0.175,0.0,79,25.33184038371749
0.175,0.0,80,31.462134098408157
0.175,0.0,81,33.071114454021306
0.175,0.0,82,35.8743554536053
0.175,0.0,83,36.37915829800514
0.175,0.0,84,37.96704805146306
0.175,0.0,85,39.864352837507695
0.175,0.0,86,40.4233789323097
0.175,0.0,87,42.14378526413601
0.175,0.0,88,42.46299894727834
0.175,0.0,89,43.807905911385376
0.175,0.0,90,44.92612984629933
0.175,0.0,91,45.63564375174154
0.175,0.0,92,46.87829874989792
0.175,0.0,93,47.21328771772433
0.175,0.0,94,48.25031137929014
0.175,0.0,95,49.36265804780865
0.175,0.0,96,50.362428753667196
0.175,0.0,97,51.23854681506912
0.175,0.0,98,51.51362123185678
0.175,0.0,99,52.457813895791546
0.175,0.0,100,53.348249948416644
0.175,0.0,101,53.727309605307944
0.175,0.0,102,54.490805699182154
0.175,0.0,103,56.78509083949374
0.175,0.0,104,59.08629517628634
0.175,0.0,105,61.49811712809245
0.175,0.0,106,64.21132588791649
0.175,0.0,107,65.58024398375514
0.175,0.0,108,67.14082978554535
0.175,0.0,109,69.05177832949799
0.175,0.0,110,70.91511916579381
0.175,0.0,111,72.46844106390537
0.175,0.0,112,74.5924549862409
0.175,0.0,113,76.99937234497446
0.175,0.0,114,79.53257223395333
0.175,0.0,115,82.64440945488559
0.175,0.0,116,86.08206918848732
0.175,0.0,117,90.8866009259218
0.175,0.0,118,95.85385776680583
0.2,0.0,1,-93.58041256800232
0.2,0.0,2,-86.45008130008767
0.2,0.0,3,-81.54963072272986
0.2,0.0,4,-77.40084250205234
0.2,0.0,5,-74.8653469416042
0.2,0.0,6,-72.4296204998434
0.2,0.0,7,-69.00917590150195
0.2,0.0,8,-66.43553389064527
0.2,0.0,9,-64.79590810102539
0.2,0.0,10,-62.275726805651345
0.2,0.0,11,-59.99557412240736
0.2,0.0,12,-57.951148979992126
0.2,0.0,13,-55.257640570562984
0.2,0.0,14,-54.21097903059854
0.2,0.0,15,-51.960915561548035
0.2,0.0,16,-50.31327394992539
0.2,0.0,17,-48.549076468813865
0.2,0.0,18,-47.63880910929976
0.2,0.0,19,-45.48351272796151
0.2,0.0,20,-44.43715884803785
0.2,0.0,21,-43.25497361632196
0.2,0.0,22,-41.64566086805263
0.2,0.0,23,-40.700822697528594
0.2,0.0,24,-39.92368291919834
0.2,0.0,25,-38.684580935129475
0.2,0.0,26,-37.87463477158775
0.2,0.0,27,-37.40106184085553
0.2,0.0,28,-36.64518653698315
0.2,0.0,29,-36.29096835759293
0.2,0.0,30,-35.98496657458949
0.2,0.0,31,-34.19691818392775
0.2,0.0,32,-34.09984100482126
0.2,0.0,33,-31.625427809623588
0.2,0.0,34,-30.871692824360636
0.2,0.0,35,-28.866157540191026
0.2,0.0,36,-26.233816303278687
0.2,0.0,37,-25.561830682300197
0.2,0.0,38,-21.19557138164093
0.2,0.0,39,-21.063058663126895
0.2,0.0,40,-14.967428205641696
0.2,0.0,41,-7.79979726545109
0.2,0.0,42,-7.532287636148581
0.2,0.0,43,-5.926082545629214
0.2,0.0,44,-4.694906537094667
0.2,0.0,45,-4.430079054793779
0.2,0.0,46,-3.51007265706734
0.2,0.0,47,-2.9497890790439527
0.2,0.0,48,-2.141079412718298
0.2,0.0,49,-1.2940494555219573
0.2,0.0,50,-0.28480066985679287
0.2,0.0,51,0.7987779680408522
0.2,0.0,52,2.0466366606482325
0.2,0.0,53,3.3417660469068124
0.2,0.0,54,4.748729297896588
0.2,0.0,55,6.277791680415987
0.2,0.0,56,7.9118438978933625
0.2,0.0,57,9.621744519924476
0.2,0.0,58,11.40337769683913
0.2,0.0,59,13.273705645835122
0.2,0.0,60,15.168721781250994
0.2,0.0,61,16.943576806975273
0.2,0.0,62,16.975860812728875
0.2,0.0,63,17.04732144314188
0.2,0.0,64,18.444055904389927
0.2,0.0,65,18.72917936682622
0.2,0.0,66,18.792333735288167
0.2,0.0,67,19.46473602608019
0.2,0.0,68,19.70266468422669
0.2,0.0,69,20.06065768107983
0.2,0.0,70,20.495479442675162
0.2,0.0,71,20.774913110336684
0.2,0.0,72,21.09550588682177
0.2,0.0,73,21.306217293586585
0.2,0.0,74,21.730622760034073
0.2,0.0,75,21.804305426398734
0.2,0.0,76,22.287640569779583
0.2,0.0,77,22.893232709464705
0.2,0.0,78,22.926132869839815
0.2,0.0,79,25.331761722669256
0.2,0.0,80,31.462622816942286
0.2,0.0,81,33.07165059676759
0.2,0.0,82,35.869460170389004
0.2,0.0,83,36.37874422492324
0.2,0.0,84,37.97593035826162
0.2,0.0,85,39.85332025743357
0.2,0.0,86,40.433376864724956
0.2,0.0,87,42.14095391776008
0.2,0.0,88,42.45634739726316
0.2,0.0,89,43.8013537378369
0.2,0.0,90,44.96168520118809
0.2,0.0,91,45.631086062253765
0.2,0.0,92,46.76946823357045
0.2,0.0,93,47.31328585750812
0.2,0.0,94,48.279768853889536
0.2,0.0,95,49.2791440858317
0.2,0.0,96,50.4219124085334
0.2,0.0,97,51.19477613084522
0.2,0.0,98,51.594469426527034
0.2,0.0,99,52.40438281973285
0.2,0.0,100,53.25202614985795
0.2,0.0,101,53.81493675804178
0.2,0.0,102,54.50744139625134
0.2,0.0,103,56.77974964178149
0.2,0.0,104,59.07753408113864
0.2,0.0,105,61.537681181674536
0.2,0.0,106,64.16380607151525
0.2,0.0,107,65.55541596199828
0.2,0.0,108,67.16066515156788
0.2,0.0,109,69.07496390317652
0.2,0.0,110,70.96440162027146
0.2,0.0,111,72.40488914805178
0.2,0.0,112,74.62053595947125
0.2,0.0,113,76.9621835286953
0.2,0.0,114,79.55525683216712
0.2,0.0,115,82.64363341108326
0.2,0.0,116,86.08088065275753
0.2,0.0,117,90.88643135070186
0.2,0.0,118,95.85361548389855
0.225,0.0,1,-93.57914195332933
0.225,0.0,2,-86.46211163921927
0.225,0.0,3,-81.51793665786855
0.225,0.0,4,-77.43088250932757
0.225,0.0,5,-74.87479164044612
0.225,0.0,6,-72.42298833905147
0.225,0.0,7,-68.93359036217512
0.225,0.0,8,-66.53767682027166
0.225,0.0,9,-64.80839715876803
0.225,0.0,10,-62.17136852917304
0.225,0.0,11,-60.05319930741365
0.225,0.0,12,-57.95400561878998
0.225,0.0,13,-55.2831674665824
0.225,0.0,14,-54.14506279213407
0.225,0.0,15,-52.02981368616929
0.225,0.0,16,-50.266801967829394
0.225,0.0,17,-48.54925917744961
0.225,0.0,18,-47.65959108431531
0.225,0.0,19,-45.43100481841802
0.225,0.0,20,-44.48662152465661
0.225,0.0,21,-43.274171562675974
0.225,0.0,22,-41.583537559342176
0.225,0.0,23,-40.74051874894937
0.225,0.0,24,-39.949036815112436
0.225,0.0,25,-38.63925812805712
0.225,0.0,26,-37.865750734461926
0.225,0.0,27,-37.39731910090313
0.225,0.0,28,-36.683718721794094
0.225,0.0,29,-36.30556614248755
0.225,0.0,30,-35.961209490883334
0.225,0.0,31,-34.1933658534435
0.225,0.0,32,-34.10833826135092
0.225,0.0,33,-31.616329907837795
0.225,0.0,34,-30.87243638544699
0.225,0.0,35,-28.870797648730417
0.225,0.0,36,-26.233263725872987
0.225,0.0,37,-25.560642685869368
0.225,0.0,38,-21.195574800347387
0.225,0.0,39,-21.063473192093625
0.225,0.0,40,-14.967355668456037
0.225,0.0,41,-7.799716397947009
0.225,0.0,42,-7.532343988748266
0.225,0.0,43,-5.926306206343611
0.225,0.0,44,-4.69059663736563
0.225,0.0,45,-4.438319364764794
0.225,0.0,46,-3.4881335345093305
0.225,0.0,47,-2.9822293117453427
0.225,0.0,48,-2.1157149018258394
0.225,0.0,49,-1.3102308379984322
0.225,0.0,50,-0.27459971109753667
0.225,0.0,51,0.7898150189378441
0.225,0.0,52,2.054439195652364
0.225,0.0,53,3.335546043538571
0.225,0.0,54,4.753007285984353
0.225,0.0,55,6.27535940977458
0.225,0.0,56,7.91286473581836
0.225,0.0,57,9.621472259292048
0.225,0.0,58,11.403401155268895
0.225,0.0,59,13.273734976567056
0.225,0.0,60,15.168699742644662
0.225,0.0,61,16.944011701678896
0.225,0.0,62,16.977146257023858
0.225,0.0,63,17.04529312963988
0.225,0.0,64,18.44714301516926
0.225,0.0,65,18.729346629578153
0.225,0.0,66,18.788316562447
0.225,0.0,67,19.461791035658976
0.225,0.0,68,19.709660119992023
0.225,0.0,69,20.061457447930337
0.225,0.0,70,20.47530597277988
0.225,0.0,71,20.81641869178904
0.225,0.0,72,21.053123024131565
0.225,0.0,73,21.323030459564265
0.225,0.0,74,21.755838728656194
0.225,0.0,75,21.778788328946646
0.225,0.0,76,22.288261774843335
0.225,0.0,77,22.895074962698583
0.225,0.0,78,22.924421063497736
0.225,0.0,79,25.331840383717534
0.225,0.0,80,31.462134098408114
0.225,0.0,81,33.07111445402174
0.225,0.0,82,35.87435545360553
0.225,0.0,83,36.379158298005024
0.225,0.0,84,37.96704805146328
0.225,0.0,85,39.864352837507454
0.225,0.0,86,40.42337893230981
0.225,0.0,87,42.14378526413626
0.225,0.0,88,42.46299894727824
0.225,0.0,89,43.80790591138518
0.225,0.0,90,44.92612984629962
0.225,0.0,91,45.63564375174209
0.225,0.0,92,46.87829874989839
0.225,0.0,93,47.21328771772444
0.225,0.0,94,48.250311379290075
0.225,0.0,95,49.36265804780816
0.225,0.0,96,50.36242875366675
0.225,0.0,97,51.238546815069284
0.225,0.0,98,51.513621231855815
0.225,0.0,99,52.45781389579139
0.225,0.0,100,53.34824994841707
0.225,0.0,101,53.7273096053081
0.225,0.0,102,54.490805699182204
0.225,0.0,103,56.785090839493996
0.225,0.0,104,59.08629517628703
0.225,0.0,105,61.49811712809328
0.225,0.0,106,64.21132588791681
0.225,0.0,107,65.5802439837561
0.225,0.0,108,67.14082978554674
0.225,0.0,109,69.0517783294981
0.225,0.0,110,70.91511916579336
0.225,0.0,111,72.46844106390544
0.225,0.0,112,74.59245498624155
0.225,0.0,113,76.99937234497355
0.225,0.0,114,79.53257223395258
0.225,0.0,115,82.64440945488509
0.225,0.0,116,86.08206918848673
0.225,0.0,117,90.88660092592126
0.225,0.0,118,95.85385776680567
0.25,0.0,1,-93.580412568002
0.25,0.0,2,-86.45008130008688
0.25,0.0,3,-81.54963072272918
0.25,0.0,4,-77.40084250205277
0.25,0.0,5,-74.86534694160397
0.25,0.0,6,-72.4296204998428
0.25,0.0,7,-69.00917590150206
0.25,0.0,8,-66.43553389064567
0.25,0.0,9,-64.79590810102522
0.25,0.0,10,-62.27572680565078
0.25,0.0,11,-59.99557412240725
0.25,0.0,12,-57.95114897999056
0.25,0.0,13,-55.25764057056344
0.25,0.0,14,-54.21097903059788
0.25,0.0,15,-51.96091556154792
0.25,0.0,16,-50.31327394992661
0.25,0.0,17,-48.549076468813354
0.25,0.0,18,-47.63880910929959
0.25,0.0,19,-45.48351272796177
0.25,0.0,20,-44.4371588480376
0.25,0.0,21,-43.25497361632151
0.25,0.0,22,-41.64566086805294
0.25,0.0,23,-40.70082269752868
0.25,0.0,24,-39.923682919198654
0.25,0.0,25,-38.68458093512987
0.25,0.0,26,-37.874634771587836
0.25,0.0,27,-37.40106184085511
0.25,0.0,28,-36.64518653698377
0.25,0.0,29,-36.290968357593016
0.25,0.0,30,-35.984966574589606
0.25,0.0,31,-34.19691818392762
0.25,0.0,32,-34.09984100482105
0.25,0.0,33,-31.625427809623872
0.25,0.0,34,-30.871692824361148
0.25,0.0,35,-28.86615754019087
0.25,0.0,36,-26.2338163032789
0.25,0.0,37,-25.56183068230034
0.25,0.0,38,-21.19557138164113
0.25,0.0,39,-21.06305866312715
0.25,0.0,40,-14.967428205641994
0.25,0.0,41,-7.799797265451147
0.25,0.0,42,-7.532287636148752
0.25,0.0,43,-5.926082545629242
0.25,0.0,44,-4.69490653709471
0.25,0.0,45,-4.430079054793808
0.25,0.0,46,-3.510072657067326
0.25,0.0,47,-2.949789079043981
0.25,0.0,48,-2.1410794127183124
0.25,0.0,49,-1.294049455522
0.25,0.0,50,-0.2848006698568071
0.25,0.0,51,0.7987779680408664
0.25,0.0,52,2.0466366606481756
0.25,0.0,53,3.34176604690677
0.25,0.0,54,4.748729297896546
0.25,0.0,55,6.277791680416001
0.25,0.0,56,7.91184389789332
0.25,0.0,57,9.621744519924405
0.25,0.0,58,11.403377696838987
0.25,0.0,59,13.273705645835022
0.25,0.0,60,15.168721781251008
0.25,0.0,61,16.94357680697528
0.25,0.0,62,16.975860812728758
0.25,0.0,63,17.047321443141982
0.25,0.0,64,18.444055904389884
0.25,0.0,65,18.72917936682636
0.25,0.0,66,18.79233373528802
0.25,0.0,67,19.464736026080203
0.25,0.0,68,19.702664684226477
0.25,0.0,69,20.060657681079576
0.25,0.0,70,20.49547944267502
0.25,0.0,71,20.774913110336712
0.25,0.0,72,21.095505886821513
0.25,0.0,73,21.3062172935866
0.25,0.0,74,21.730622760033835
0.25,0.0,75,21.804305426398294
0.25,0.0,76,22.287640569779285
0.25,0.0,77,22.893232709464364
0.25,0.0,78,22.9261328698397
0.25,0.0,79,25.331761722669484
0.25,0.0,80,31.46262281694267
0.25,0.0,81,33.071650596768045
0.25,0.0,82,35.86946017038942
0.25,0.0,83,36.378744224923274
0.25,0.0,84,37.97593035826143
0.25,0.0,85,39.85332025743375
0.25,0.0,86,40.43337686472508
0.25,0.0,87,42.14095391776028
0.25,0.0,88,42.45634739726363
0.25,0.0,89,43.8013537378365
0.25,0.0,90,44.961685201188324
0.25,0.0,91,45.63108606225387
0.25,0.0,92,46.76946823356976
0.25,0.0,93,47.31328585750771
0.25,0.0,94,48.279768853888804
0.25,0.0,95,49.2791440858313
0.25,0.0,96,50.42191240853404
0.25,0.0,97,51.19477613084541
0.25,0.0,98,51.594469426527226
0.25,0.0,99,52.40438281973336
0.25,0.0,100,53.25202614985802
0.25,0.0,101,53.81493675804206
0.25,0.0,102,54.507441396252
0.25,0.0,103,56.779749641781635
0.25,0.0,104,59.077534081138815
0.25,0.0,105,61.53768118167403
0.25,0.0,106,64.16380607151504
0.25,0.0,107,65.55541596199764
0.25,0.0,108,67.16066515156804
0.25,0.0,109,69.07496390317752
0.25,0.0,110,70.96440162027027
0.25,0.0,111,72.40488914805286
0.25,0.0,112,74.62053595947202
0.25,0.0,113,76.9621835286963
0.25,0.0,114,79.55525683216695
0.25,0.0,115,82.64363341108279
0.25,0.0,116,86.08088065275781
0.25,0.0,117,90.886431350702
0.25,0.0,118,95.85361548389876
0.275,0.0,1,-93.57914195332972
0.275,0.0,2,-86.4621116392191
0.275,0.0,3,-81.51793665786892
0.275,0.0,4,-77.43088250932729
0.275,0.0,5,-74.87479164044595
0.275,0.0,6,-72.42298833905164
0.275,0.0,7,-68.93359036217572
0.275,0.0,8,-66.53767682027225
0.275,0.0,9,-64.808397158768
0.275,0.0,10,-62.171368529173805
0.275,0.0,11,-60.05319930741291
0.275,0.0,12,-57.95400561878992
0.275,0.0,13,-55.28316746658257
0.275,0.0,14,-54.145062792133785
0.275,0.0,15,-52.02981368616909
0.275,0.0,16,-50.26680196783016
0.275,0.0,17,-48.54925917744936
0.275,0.0,18,-47.659591084314684
0.275,0.0,19,-45.43100481841799
0.275,0.0,20,-44.48662152465616
0.275,0.0,21,-43.27417156267546
0.275,0.0,22,-41.58353755934209
0.275,0.0,23,-40.740518748949
0.275,0.0,24,-39.949036815112294
0.275,0.0,25,-38.63925812805715
0.275,0.0,26,-37.8657507344617
0.275,0.0,27,-37.3973191009033
0.275,0.0,28,-36.68371872179438
0.275,0.0,29,-36.305566142487834
0.275,0.0,30,-35.96120949088353
0.275,0.0,31,-34.193365853443424
0.275,0.0,32,-34.10833826135094
0.275,0.0,33,-31.616329907837567
0.275,0.0,34,-30.872436385447173
0.275,0.0,35,-28.870797648730417
0.275,0.0,36,-26.233263725873158
0.275,0.0,37,-25.560642685869468
0.275,0.0,38,-21.19557480034763
0.275,0.0,39,-21.06347319209381
0.275,0.0,40,-14.967355668456264
0.275,0.0,41,-7.799716397947009
0.275,0.0,42,-7.532343988748309
0.275,0.0,43,-5.926306206343654
0.275,0.0,44,-4.69059663736563
0.275,0.0,45,-4.438319364764823
0.275,0.0,46,-3.4881335345093305
0.275,0.0,47,-2.9822293117453
0.275,0.0,48,-2.1157149018258252
0.275,0.0,49,-1.3102308379984322
0.275,0.0,50,-0.2745997110975793
0.275,0.0,51,0.7898150189378441
0.275,0.0,52,2.05443919565235
0.275,0.0,53,3.335546043538585
0.275,0.0,54,4.753007285984324
0.275,0.0,55,6.27535940977458
0.275,0.0,56,7.9128647358183315
0.275,0.0,57,9.621472259292062
0.275,0.0,58,11.403401155268938
0.275,0.0,59,13.273734976566956
0.275,0.0,60,15.168699742644705
0.275,0.0,61,16.94401170167873
0.275,0.0,62,16.977146257023705
0.275,0.0,63,17.04529312963988
0.275,0.0,64,18.44714301516919
0.275,0.0,65,18.729346629578146
0.275,0.0,66,18.788316562446923
0.275,0.0,67,19.461791035659033
0.275,0.0,68,19.709660119991995
0.275,0.0,69,20.061457447930167
0.275,0.0,70,20.475305972779992
0.275,0.0,71,20.816418691789153
0.275,0.0,72,21.053123024131565
0.275,0.0,73,21.323030459564208
0.275,0.0,74,21.75583872865622
0.275,0.0,75,21.778788328946757
0.275,0.0,76,22.288261774843306
0.275,0.0,77,22.89507496269858
0.275,0.0,78,22.924421063497558
0.275,0.0,79,25.3318403837183
0.275,0.0,80,31.462134098408313
0.275,0.0,81,33.07111445402224
0.275,0.0,82,35.8743554536055
0.275,0.0,83,36.37915829800556
0.275,0.0,84,37.96704805146299
0.275,0.0,85,39.86435283750746
0.275,0.0,86,40.42337893230972
0.275,0.0,87,42.14378526413609
0.275,0.0,88,42.462998947278486
0.275,0.0,89,43.80790591138526
0.275,0.0,90,44.926129846299595
0.275,0.0,91,45.635643751741746
0.275,0.0,92,46.878298749897716
0.275,0.0,93,47.213287717724846
0.275,0.0,94,48.25031137929012
0.275,0.0,95,49.36265804780848
0.275,0.0,96,50.36242875366727
0.275,0.0,97,51.23854681506943
0.275,0.0,98,51.513621231855986
0.275,0.0,99,52.45781389579131
0.275,0.0,100,53.34824994841627
0.275,0.0,101,53.72730960530816
0.275,0.0,102,54.490805699181834
0.275,0.0,103,56.78509083949403
0.275,0.0,104,59.08629517628636
0.275,0.0,105,61.49811712809237
0.275,0.0,106,64.21132588791596
0.275,0.0,107,65.58024398375572
0.275,0.0,108,67.14082978554566
0.275,0.0,109,69.05177832949789
0.275,0.0,110,70.91511916579242
0.275,0.0,111,72.46844106390512
0.275,0.0,112,74.59245498624131
0.275,0.0,113,76.99937234497419
0.275,0.0,114,79.53257223395313
0.275,0.0,115,82.64440945488437
0.275,0.0,116,86.0820691884868
0.275,0.0,117,90.88660092592129
0.275,0.0,118,95.85385776680565
0.3,0.0,1,-93.58041256800306
0.3,0.0,2,-86.45008130008716
0.3,0.0,3,-81.54963072272983
0.3,0.0,4,-77.40084250205277
0.3,0.0,5,-74.8653469416038
0.3,0.0,6,-72.42962049984405
0.3,0.0,7,-69.00917590150235
0.3,0.0,8,-66.43553389064692
0.3,0.0,9,-64.79590810102559
0.3,0.0,10,-62.27572680565106
0.3,0.0,11,-59.99557412240702
0.3,0.0,12,-57.9511489799917
0.3,0.0,13,-55.25764057056381
0.3,0.0,14,-54.210979030598594
0.3,0.0,15,-51.96091556154752
0.3,0.0,16,-50.3132739499261
0.3,0.0,17,-48.54907646881475
0.3,0.0,18,-47.638809109299956
0.3,0.0,19,-45.48351272796128
0.3,0.0,20,-44.43715884803828
0.3,0.0,21,-43.25497361632239
0.3,0.0,22,-41.64566086805266
0.3,0.0,23,-40.70082269752811
0.3,0.0,24,-39.92368291919843
0.3,0.0,25,-38.68458093512962
0.3,0.0,26,-37.874634771587296
0.3,0.0,27,-37.40106184085661
0.3,0.0,28,-36.64518653698332
0.3,0.0,29,-36.29096835759307
0.3,0.0,30,-35.984966574589606
0.3,0.0,31,-34.1969181839277
0.3,0.0,32,-34.09984100482062
0.3,0.0,33,-31.625427809623346
0.3,0.0,34,-30.87169282436028
0.3,0.0,35,-28.866157540190613
0.3,0.0,36,-26.23381630327853
0.3,0.0,37,-25.561830682299956
0.3,0.0,38,-21.195571381640647
0.3,0.0,39,-21.063058663126682
0.3,0.0,40,-14.967428205641525
0.3,0.0,41,-7.799797265451147
0.3,0.0,42,-7.532287636148595
0.3,0.0,43,-5.926082545629299
0.3,0.0,44,-4.694906537094681
0.3,0.0,45,-4.430079054793794
0.3,0.0,46,-3.5100726570673544
0.3,0.0,47,-2.9497890790439527
0.3,0.0,48,-2.1410794127182555
0.3,0.0,49,-1.2940494555219715
0.3,0.0,50,-0.2848006698568071
0.3,0.0,51,0.7987779680408664
0.3,0.0,52,2.0466366606482183
0.3,0.0,53,3.3417660469068124
0.3,0.0,54,4.748729297896617
0.3,0.0,55,6.277791680416016
0.3,0.0,56,7.9118438978933625
0.3,0.0,57,9.621744519924448
0.3,0.0,58,11.403377696839158
0.3,0.0,59,13.27370564583505
0.3,0.0,60,15.16872178125098
0.3,0.0,61,16.943576806975322
0.3,0.0,62,16.97586081272893
0.3,0.0,63,17.047321443141875
0.3,0.0,64,18.444055904389927
0.3,0.0,65,18.729179366826457
0.3,0.0,66,18.792333735288118
0.3,0.0,67,19.464736026080047
0.3,0.0,68,19.702664684226832
0.3,0.0,69,20.060657681079775
0.3,0.0,70,20.49547944267519
0.3,0.0,71,20.77491311033681
0.3,0.0,72,21.095505886821627
0.3,0.0,73,21.306217293586585
0.3,0.0,74,21.73062276003411
0.3,0.0,75,21.804305426398667
0.3,0.0,76,22.287640569779498
0.3,0.0,77,22.89323270946465
0.3,0.0,78,22.926132869839886
0.3,0.0,79,25.33176172266927
0.3,0.0,80,31.462622816941874
0.3,0.0,81,33.071650596767434
0.3,0.0,82,35.86946017038899
0.3,0.0,83,36.378744224922755
0.3,0.0,84,37.975930358261095
0.3,0.0,85,39.853320257433694
0.3,0.0,86,40.43337686472435
0.3,0.0,87,42.140953917759724
0.3,0.0,88,42.456347397262995
0.3,0.0,89,43.801353737836656
0.3,0.0,90,44.961685201188345
0.3,0.0,91,45.63108606225381
0.3,0.0,92,46.76946823357035
0.3,0.0,93,47.31328585750788
0.3,0.0,94,48.279768853888974
0.3,0.0,95,49.279144085831696
0.3,0.0,96,50.42191240853338
0.3,0.0,97,51.194776130845504
0.3,0.0,98,51.59446942652665
0.3,0.0,99,52.40438281973291
0.3,0.0,100,53.252026149858274
0.3,0.0,101,53.81493675804216
0.3,0.0,102,54.50744139625105
0.3,0.0,103,56.7797496417818
0.3,0.0,104,59.07753408113898
0.3,0.0,105,61.53768118167315
0.3,0.0,106,64.16380607151727
0.3,0.0,107,65.55541596199842
0.3,0.0,108,67.16066515156865
0.3,0.0,109,69.07496390317596
0.3,0.0,110,70.96440162027142
0.3,0.0,111,72.40488914805216
0.3,0.0,112,74.6205359594714
0.3,0.0,113,76.96218352869583
0.3,0.0,114,79.55525683216706
0.3,0.0,115,82.64363341108324
0.3,0.0,116,86.08088065275824
0.3,0.0,117,90.88643135070204
0.3,0.0,118,95.85361548389879
0.325,0.0,1,-93.57914195332961
0.325,0.0,2,-86.46211163921922
0.325,0.0,3,-81.51793665786838
0.325,0.0,4,-77.43088250932769
0.325,0.0,5,-74.87479164044612
0.325,0.0,6,-72.42298833905144
0.325,0.0,7,-68.93359036217527
0.325,0.0,8,-66.53767682027211
0.325,0.0,9,-64.8083971587678
0.325,0.0,10,-62.17136852917292
0.325,0.0,11,-60.05319930741342
0.325,0.0,12,-57.95400561878998
0.325,0.0,13,-55.28316746658302
0.325,0.0,14,-54.14506279213424
0.325,0.0,15,-52.02981368616889
0.325,0.0,16,-50.26680196782999
0.325,0.0,17,-48.54925917744961
0.325,0.0,18,-47.65959108431554
0.325,0.0,19,-45.43100481841796
0.325,0.0,20,-44.48662152465667
0.325,0.0,21,-43.27417156267552
0.325,0.0,22,-41.583537559342346
0.325,0.0,23,-40.74051874894951
0.325,0.0,24,-39.94903681511249
0.325,0.0,25,-38.63925812805704
0.325,0.0,26,-37.865750734461784
0.325,0.0,27,-37.39731910090319
0.325,0.0,28,-36.68371872179392
0.325,0.0,29,-36.30556614248786
0.325,0.0,30,-35.96120949088359
0.325,0.0,31,-34.19336585344335
0.325,0.0,32,-34.10833826135086
0.325,0.0,33,-31.616329907837795
0.325,0.0,34,-30.87243638544699
0.325,0.0,35,-28.870797648730502
0.325,0.0,36,-26.233263725873144
0.325,0.0,37,-25.560642685869325
0.325,0.0,38,-21.195574800347217
0.325,0.0,39,-21.063473192093568
0.325,0.0,40,-14.96735566845588
0.325,0.0,41,-7.799716397946995
0.325,0.0,42,-7.532343988748238
0.325,0.0,43,-5.926306206343625
0.325,0.0,44,-4.690596637365644
0.325,0.0,45,-4.438319364764794
0.325,0.0,46,-3.488133534509359
0.325,0.0,47,-2.9822293117453285
0.325,0.0,48,-2.1157149018258252
0.325,0.0,49,-1.3102308379984322
0.325,0.0,50,-0.2745997110975651
0.325,0.0,51,0.7898150189378441
0.325,0.0,52,2.054439195652364
0.325,0.0,53,3.3355460435385993
0.325,0.0,54,4.753007285984353
0.325,0.0,55,6.275359409774566
0.325,0.0,56,7.912864735818346
0.325,0.0,57,9.62147225929212
0.325,0.0,58,11.40340115526881
0.325,0.0,59,13.273734976567042
0.325,0.0,60,15.168699742644648
0.325,0.0,61,16.944011701678797
0.325,0.0,62,16.97714625702372
0.325,0.0,63,17.04529312963985
0.325,0.0,64,18.447143015169218
0.325,0.0,65,18.72934662957816
0.325,0.0,66,18.788316562446965
0.325,0.0,67,19.461791035658976
0.325,0.0,68,19.70966011999205
0.325,0.0,69,20.061457447930337
0.325,0.0,70,20.47530597277982
0.325,0.0,71,20.816418691789252
0.325,0.0,72,21.053123024131565
0.325,0.0,73,21.323030459564208
0.325,0.0,74,21.75583872865637
0.325,0.0,75,21.778788328946664
0.325,0.0,76,22.28826177484342
0.325,0.0,77,22.895074962698622
0.325,0.0,78,22.92442106349772
0.325,0.0,79,25.33184038371752
0.325,0.0,80,31.462134098408015
0.325,0.0,81,33.071114454021625
0.325,0.0,82,35.874355453605475
0.325,0.0,83,36.37915829800489
0.325,0.0,84,37.96704805146306
0.325,0.0,85,39.86435283750764
0.325,0.0,86,40.42337893230938
0.325,0.0,87,42.14378526413605
0.325,0.0,88,42.46299894727847
0.325,0.0,89,43.80790591138549
0.325,0.0,90,44.92612984629946
0.325,0.0,91,45.635643751741654
0.325,0.0,92,46.87829874989837
0.325,0.0,93,47.21328771772509
0.325,0.0,94,48.25031137928989
0.325,0.0,95,49.36265804780808
0.325,0.0,96,50.362428753666926
0.325,0.0,97,51.23854681506921
0.325,0.0,98,51.51362123185562
0.325,0.0,99,52.45781389579153
0.325,0.0,100,53.348249948417056
0.325,0.0,101,53.72730960530805
0.325,0.0,102,54.49080569918193
0.325,0.0,103,56.78509083949429
0.325,0.0,104,59.08629517628647
0.325,0.0,105,61.49811712809261
0.325,0.0,106,64.21132588791676
0.325,0.0,107,65.58024398375544
0.325,0.0,108,67.14082978554603
0.325,0.0,109,69.05177832949806
0.325,0.0,110,70.91511916579515
0.325,0.0,111,72.46844106390536
0.325,0.0,112,74.59245498624114
0.325,0.0,113,76.99937234497447
0.325,0.0,114,79.53257223395275
0.325,0.0,115,82.64440945488508
0.325,0.0,116,86.082069188487
0.325,0.0,117,90.88660092592204
0.325,0.0,118,95.85385776680582
0.35,0.0,1,-93.58041256800175
0.35,0.0,2,-86.45008130008736
0.35,0.0,3,-81.54963072272952
0.35,0.0,4,-77.40084250205228
0.35,0.0,5,-74.86534694160432
0.35,0.0,6,-72.42962049984325
0.35,0.0,7,-69.00917590150209
0.35,0.0,8,-66.43553389064553
0.35,0.0,9,-64.79590810102553
0.35,0.0,10,-62.27572680565183
0.35,0.0,11,-59.99557412240728
0.35,0.0,12,-57.95114897999173
0.35,0.0,13,-55.25764057056301
0.35,0.0,14,-54.21097903059825
0.35,0.0,15,-51.96091556154829
0.35,0.0,16,-50.31327394992607
0.35,0.0,17,-48.54907646881395
0.35,0.0,18,-47.63880910930013
0.35,0.0,19,-45.48351272796231
0.35,0.0,20,-44.437158848037825
0.35,0.0,21,-43.25497361632199
0.35,0.0,22,-41.64566086805294
0.35,0.0,23,-40.70082269752808
0.35,0.0,24,-39.923682919198285
0.35,0.0,25,-38.684580935129446
0.35,0.0,26,-37.87463477158775
0.35,0.0,27,-37.401061840855704
0.35,0.0,28,-36.64518653698326
0.35,0.0,29,-36.29096835759296
0.35,0.0,30,-35.984966574589635
0.35,0.0,31,-34.19691818392789
0.35,0.0,32,-34.099841004820604
0.35,0.0,33,-31.625427809623616
0.35,0.0,34,-30.871692824361162
0.35,0.0,35,-28.866157540190457
0.35,0.0,36,-26.233816303278758
0.35,0.0,37,-25.56183068230007
0.35,0.0,38,-21.195571381640605
0.35,0.0,39,-21.063058663126895
0.35,0.0,40,-14.96742820564154
0.35,0.0,41,-7.799797265450948
0.35,0.0,42,-7.532287636148681
0.35,0.0,43,-5.9260825456292565
0.35,0.0,44,-4.694906537094639
0.35,0.0,45,-4.430079054793751
0.35,0.0,46,-3.510072657067269
0.35,0.0,47,-2.949789079043967
0.35,0.0,48,-2.1410794127183124
0.35,0.0,49,-1.2940494555219288
0.35,0.0,50,-0.2848006698568071
0.35,0.0,51,0.7987779680408664
0.35,0.0,52,2.0466366606482183
0.35,0.0,53,3.3417660469068124
0.35,0.0,54,4.748729297896617
0.35,0.0,55,6.277791680416058
0.35,0.0,56,7.911843897893405
0.35,0.0,57,9.621744519924476
0.35,0.0,58,11.403377696839271
0.35,0.0,59,13.273705645834937
0.35,0.0,60,15.168721781251008
0.35,0.0,61,16.943576806975457
0.35,0.0,62,16.975860812728826
0.35,0.0,63,17.047321443141858
0.35,0.0,64,18.44405590438997
0.35,0.0,65,18.72917936682636
0.35,0.0,66,18.792333735288306
0.35,0.0,67,19.464736026080388
0.35,0.0,68,19.702664684226406
0.35,0.0,69,20.060657681079675
0.35,0.0,70,20.495479442675204
0.35,0.0,71,20.774913110336556
0.35,0.0,72,21.095505886821798
0.35,0.0,73,21.306217293586556
0.35,0.0,74,21.730622760033743
0.35,0.0,75,21.804305426398656
0.35,0.0,76,22.28764056977927
0.35,0.0,77,22.893232709464797
0.35,0.0,78,22.926132869839808
0.35,0.0,79,25.331761722668958
0.35,0.0,80,31.4626228169424
0.35,0.0,81,33.07165059676781
0.35,0.0,82,35.86946017038903
0.35,0.0,83,36.3787442249234
0.35,0.0,84,37.97593035826185
0.35,0.0,85,39.85332025743389
0.35,0.0,86,40.433376864726064
0.35,0.0,87,42.14095391776073
0.35,0.0,88,42.456347397263734
0.35,0.0,89,43.801353737836635
0.35,0.0,90,44.96168520118875
0.35,0.0,91,45.63108606225428
0.35,0.0,92,46.76946823357023
0.35,0.0,93,47.31328585750913
0.35,0.0,94,48.27976885389006
0.35,0.0,95,49.279144085831426
0.35,0.0,96,50.42191240853457
0.35,0.0,97,51.19477613084514
0.35,0.0,98,51.59446942652659
0.35,0.0,99,52.40438281973215
0.35,0.0,100,53.2520261498581
0.35,0.0,101,53.814936758041455
0.35,0.0,102,54.507441396251764
0.35,0.0,103,56.779749641782125
0.35,0.0,104,59.07753408113906
0.35,0.0,105,61.53768118167336
0.35,0.0,106,64.16380607151518
0.35,0.0,107,65.55541596199785
0.35,0.0,108,67.16066515156828
0.35,0.0,109,69.07496390317624
0.35,0.0,110,70.96440162027011
0.35,0.0,111,72.4048891480519
0.35,0.0,112,74.62053595947168
0.35,0.0,113,76.96218352869525
0.35,0.0,114,79.5552568321669
0.35,0.0,115,82.64363341108343
0.35,0.0,116,86.08088065275753
0.35,0.0,117,90.88643135070137
0.35,0.0,118,95.85361548389866
0.375,0.0,1,-93.57914195332978
0.375,0.0,2,-86.46211163921927
0.375,0.0,3,-81.51793665786857
0.375,0.0,4,-77.43088250932738
0.375,0.0,5,-74.87479164044609
0.375,0.0,6,-72.42298833905122
0.375,0.0,7,-68.93359036217555
0.375,0.0,8,-66.5376768202726
0.375,0.0,9,-64.80839715876817
0.375,0.0,10,-62.17136852917392
0.375,0.0,11,-60.05319930741291
0.375,0.0,12,-57.954005618790035
0.375,0.0,13,-55.28316746658248
0.375,0.0,14,-54.145062792133984
0.375,0.0,15,-52.02981368616901
0.375,0.0,16,-50.26680196783019
0.375,0.0,17,-48.549259177449414
0.375,0.0,18,-47.65959108431497
0.375,0.0,19,-45.43100481841816
0.375,0.0,20,-44.48662152465599
0.375,0.0,21,-43.27417156267532
0.375,0.0,22,-41.58353755934215
0.375,0.0,23,-40.74051874894906
0.375,0.0,24,-39.94903681511238
0.375,0.0,25,-38.63925812805715
0.375,0.0,26,-37.86575073446173
0.375,0.0,27,-37.3973191009033
0.375,0.0,28,-36.68371872179449
0.375,0.0,29,-36.305566142487635
0.375,0.0,30,-35.96120949088362
0.375,0.0,31,-34.19336585344306
0.375,0.0,32,-34.10833826135093
0.375,0.0,33,-31.616329907837596
0.375,0.0,34,-30.872436385446917
0.375,0.0,35,-28.870797648730445
0.375,0.0,36,-26.233263725873314
0.375,0.0,37,-25.560642685869368
0.375,0.0,38,-21.195574800347572
0.375,0.0,39,-21.06347319209361
0.375,0.0,40,-14.967355668456207
0.375,0.0,41,-7.79971639794708
0.375,0.0,42,-7.532343988748252
0.375,0.0,43,-5.926306206343654
0.375,0.0,44,-4.69059663736563
0.375,0.0,45,-4.4383193647648085
0.375,0.0,46,-3.4881335345093305
0.375,0.0,47,-2.9822293117453285
0.375,0.0,48,-2.115714901825811
0.375,0.0,49,-1.3102308379984464
0.375,0.0,50,-0.2745997110975651
0.375,0.0,51,0.7898150189378725
0.375,0.0,52,2.0544391956523924
0.375,0.0,53,3.335546043538585
0.375,0.0,54,4.753007285984353
0.375,0.0,55,6.275359409774566
0.375,0.0,56,7.9128647358184026
0.375,0.0,57,9.621472259292062
0.375,0.0,58,11.403401155268924
0.375,0.0,59,13.273734976566985
0.375,0.0,60,15.168699742644577
0.375,0.0,61,16.944011701678704
0.375,0.0,62,16.97714625702373
0.375,0.0,63,17.045293129639855
0.375,0.0,64,18.44714301516923
0.375,0.0,65,18.729346629578142
0.375,0.0,66,18.788316562446994
0.375,0.0,67,19.461791035659104
0.375,0.0,68,19.70966011999208
0.375,0.0,69,20.061457447930152
0.375,0.0,70,20.475305972779935
0.375,0.0,71,20.816418691789323
0.375,0.0,72,21.053123024131594
0.375,0.0,73,21.323030459564208
0.375,0.0,74,21.755838728656332
0.375,0.0,75,21.778788328946877
0.375,0.0,76,22.288261774843406
0.375,0.0,77,22.895074962698672
0.375,0.0,78,22.924421063497473
0.375,0.0,79,25.331840383717477
0.375,0.0,80,31.46213409840803
0.375,0.0,81,33.07111445402159
0.375,0.0,82,35.87435545360542
0.375,0.0,83,36.379158298005
0.375,0.0,84,37.96704805146288
0.375,0.0,85,39.86435283750751
0.375,0.0,86,40.423378932309795
0.375,0.0,87,42.143785264136135
0.375,0.0,88,42.462998947278464
0.375,0.0,89,43.80790591138557
0.375,0.0,90,44.92612984629948
0.375,0.0,91,45.635643751741604
0.375,0.0,92,46.87829874989771
0.375,0.0,93,47.21328771772477
0.375,0.0,94,48.25031137929046
0.375,0.0,95,49.36265804780869
0.375,0.0,96,50.362428753667174
0.375,0.0,97,51.23854681506978
0.375,0.0,98,51.513621231856526
0.375,0.0,99,52.45781389579116
0.375,0.0,100,53.34824994841696
0.375,0.0,101,53.72730960530839
0.375,0.0,102,54.49080569918171
0.375,0.0,103,56.785090839494394
0.375,0.0,104,59.08629517628591
0.375,0.0,105,61.4981171280919
0.375,0.0,106,64.21132588791582
0.375,0.0,107,65.58024398375619
0.375,0.0,108,67.14082978554535
0.375,0.0,109,69.05177832949816
0.375,0.0,110,70.91511916579296
0.375,0.0,111,72.46844106390469
0.375,0.0,112,74.59245498624139
0.375,0.0,113,76.99937234497447
0.375,0.0,114,79.53257223395323
0.375,0.0,115,82.64440945488494
0.375,0.0,116,86.0820691884867
0.375,0.0,117,90.88660092592167
0.375,0.0,118,95.85385776680566
0.4,0.0,1,-93.58041256800203
0.4,0.0,2,-86.45008130008716
0.4,0.0,3,-81.54963072272946
0.4,0.0,4,-77.4008425020526
0.4,0.0,5,-74.86534694160417
0.4,0.0,6,-72.42962049984314
0.4,0.0,7,-69.00917590150249
0.4,0.0,8,-66.43553389064584
0.4,0.0,9,-64.79590810102528
0.4,0.0,10,-62.27572680565132
0.4,0.0,11,-59.99557412240728
0.4,0.0,12,-57.95114897999116
0.4,0.0,13,-55.25764057056321
0.4,0.0,14,-54.21097903059871
0.4,0.0,15,-51.96091556154809
0.4,0.0,16,-50.31327394992613
0.4,0.0,17,-48.54907646881415
0.4,0.0,18,-47.63880910929939
0.4,0.0,19,-45.48351272796177
0.4,0.0,20,-44.43715884803822
0.4,0.0,21,-43.254973616320996
0.4,0.0,22,-41.64566086805286
0.4,0.0,23,-40.70082269752797
0.4,0.0,24,-39.92368291919817
0.4,0.0,25,-38.68458093512979
0.4,0.0,26,-37.87463477158761
0.4,0.0,27,-37.40106184085579
0.4,0.0,28,-36.6451865369834
0.4,0.0,29,-36.290968357592845
0.4,0.0,30,-35.984966574589436
0.4,0.0,31,-34.19691818392737
0.4,0.0,32,-34.09984100482141
0.4,0.0,33,-31.625427809623602
0.4,0.0,34,-30.871692824360906
0.4,0.0,35,-28.86615754019094
0.4,0.0,36,-26.233816303278758
0.4,0.0,37,-25.561830682300354
0.4,0.0,38,-21.19557138164123
0.4,0.0,39,-21.063058663127222
0.4,0.0,40,-14.967428205641838
0.4,0.0,41,-7.799797265451147
0.4,0.0,42,-7.532287636148666
0.4,0.0,43,-5.9260825456292
0.4,0.0,44,-4.69490653709471
0.4,0.0,45,-4.430079054793765
0.4,0.0,46,-3.5100726570672833
0.4,0.0,47,-2.9497890790439385
0.4,0.0,48,-2.141079412718298
0.4,0.0,49,-1.2940494555219715
0.4,0.0,50,-0.28480066985677865
0.4,0.0,51,0.7987779680408806
0.4,0.0,52,2.046636660648147
0.4,0.0,53,3.341766046906713
0.4,0.0,54,4.748729297896531
0.4,0.0,55,6.277791680415973
0.4,0.0,56,7.911843897893263
0.4,0.0,57,9.621744519924434
0.4,0.0,58,11.403377696839101
0.4,0.0,59,13.273705645834966
0.4,0.0,60,15.168721781250966
0.4,0.0,61,16.943576806975297
0.4,0.0,62,16.975860812728897
0.4,0.0,63,17.047321443142
0.4,0.0,64,18.44405590439004
0.4,0.0,65,18.729179366826255
0.4,0.0,66,18.792333735288107
0.4,0.0,67,19.464736026080217
0.4,0.0,68,19.702664684226548
0.4,0.0,69,20.060657681079675
0.4,0.0,70,20.49547944267495
0.4,0.0,71,20.77491311033647
0.4,0.0,72,21.095505886821712
0.4,0.0,73,21.306217293586727
0.4,0.0,74,21.730622760034013
0.4,0.0,75,21.804305426398482
0.4,0.0,76,22.287640569779285
0.4,0.0,77,22.89323270946443
0.4,0.0,78,22.92613286983987
0.4,0.0,79,25.331761722669157
0.4,0.0,80,31.462622816942513
0.4,0.0,81,33.07165059676786
0.4,0.0,82,35.869460170389004
0.4,0.0,83,36.37874422492307
0.4,0.0,84,37.975930358261834
0.4,0.0,85,39.85332025743385
0.4,0.0,86,40.433376864725645
0.4,0.0,87,42.140953917760314
0.4,0.0,88,42.45634739726311
0.4,0.0,89,43.8013537378365
0.4,0.0,90,44.961685201188104
0.4,0.0,91,45.631086062254205
0.4,0.0,92,46.7694682335699
0.4,0.0,93,47.313285857508326
0.4,0.0,94,48.27976885388985
0.4,0.0,95,49.27914408583121
0.4,0.0,96,50.42191240853373
0.4,0.0,97,51.19477613084554
0.4,0.0,98,51.59446942652735
0.4,0.0,99,52.40438281973344
0.4,0.0,100,53.252026149858004
0.4,0.0,101,53.81493675804014
0.4,0.0,102,54.50744139625164
0.4,0.0,103,56.77974964178184
0.4,0.0,104,59.077534081139035
0.4,0.0,105,61.537681181673854
0.4,0.0,106,64.16380607151598
0.4,0.0,107,65.55541596199737
0.4,0.0,108,67.16066515156855
0.4,0.0,109,69.07496390317732
0.4,0.0,110,70.96440162027046
0.4,0.0,111,72.40488914805262
0.4,0.0,112,74.62053595947165
0.4,0.0,113,76.96218352869597
0.4,0.0,114,79.55525683216676
0.4,0.0,115,82.64363341108313
0.4,0.0,116,86.08088065275808
0.4,0.0,117,90.88643135070191
0.4,0.0,118,95.85361548389876
0.425,0.0,1,-93.57914195332955
0.425,0.0,2,-86.46211163921862
0.425,0.0,3,-81.51793665786863
0.425,0.0,4,-77.43088250932746
0.425,0.0,5,-74.87479164044552
0.425,0.0,6,-72.42298833905119
0.425,0.0,7,-68.93359036217504
0.425,0.0,8,-66.53767682027186
0.425,0.0,9,-64.80839715876792
0.425,0.0,10,-62.17136852917318
0.425,0.0,11,-60.05319930741311
0.425,0.0,12,-57.95400561879018
0.425,0.0,13,-55.28316746658248
0.425,0.0,14,-54.14506279213413
0.425,0.0,15,-52.029813686169575
0.425,0.0,16,-50.26680196782982
0.425,0.0,17,-48.549259177449926
0.425,0.0,18,-47.659591084315224
0.425,0.0,19,-45.43100481841799
0.425,0.0,20,-44.486621524656385
0.425,0.0,21,-43.27417156267586
0.425,0.0,22,-41.583537559342346
0.425,0.0,23,-40.740518748949455
0.425,0.0,24,-39.94903681511238
0.425,0.0,25,-38.63925812805692
0.425,0.0,26,-37.8657507344617
0.425,0.0,27,-37.39731910090339
0.425,0.0,28,-36.683718721793866
0.425,0.0,29,-36.30556614248778
0.425,0.0,30,-35.96120949088345
0.425,0.0,31,-34.193365853443254
0.425,0.0,32,-34.10833826135079
0.425,0.0,33,-31.616329907837752
0.425,0.0,34,-30.872436385447017
0.425,0.0,35,-28.870797648730544
0.425,0.0,36,-26.23326372587333
0.425,0.0,37,-25.560642685869283
0.425,0.0,38,-21.195574800347444
0.425,0.0,39,-21.06347319209371
0.425,0.0,40,-14.967355668456193
0.425,0.0,41,-7.799716397947037
0.425,0.0,42,-7.532343988748266
0.425,0.0,43,-5.926306206343597
0.425,0.0,44,-4.690596637365616
0.425,0.0,45,-4.438319364764794
0.425,0.0,46,-3.4881335345093305
0.425,0.0,47,-2.9822293117453285
0.425,0.0,48,-2.115714901825797
0.425,0.0,49,-1.3102308379983896
0.425,0.0,50,-0.27459971109753667
0.425,0.0,51,0.7898150189379152
0.425,0.0,52,2.054439195652364
0.425,0.0,53,3.335546043538585
0.425,0.0,54,4.753007285984367
0.425,0.0,55,6.275359409774538
0.425,0.0,56,7.912864735818388
0.425,0.0,57,9.621472259292105
0.425,0.0,58,11.403401155268853
0.425,0.0,59,13.273734976567042
0.425,0.0,60,15.168699742644634
0.425,0.0,61,16.944011701678793
0.425,0.0,62,16.97714625702375
0.425,0.0,63,17.04529312963987
0.425,0.0,64,18.447143015169146
0.425,0.0,65,18.72934662957817
0.425,0.0,66,18.788316562446948
0.425,0.0,67,19.461791035659004
0.425,0.0,68,19.709660119991966
0.425,0.0,69,20.06145744793038
0.425,0.0,70,20.475305972779836
0.425,0.0,71,20.816418691788968
0.425,0.0,72,21.05312302413155
0.425,0.0,73,21.323030459564393
0.425,0.0,74,21.755838728656176
0.425,0.0,75,21.778788328946636
0.425,0.0,76,22.28826177484345
0.425,0.0,77,22.895074962698434
0.425,0.0,78,22.92442106349775
0.425,0.0,79,25.331840383717307
0.425,0.0,80,31.462134098408086
0.425,0.0,81,33.07111445402129
0.425,0.0,82,35.87435545360542
0.425,0.0,83,36.37915829800507
0.425,0.0,84,37.96704805146308
0.425,0.0,85,39.864352837507674
0.425,0.0,86,40.423378932309795
0.425,0.0,87,42.143785264136
0.425,0.0,88,42.46299894727822
0.425,0.0,89,43.80790591138519
0.425,0.0,90,44.92612984629955
0.425,0.0,91,45.63564375174204
0.425,0.0,92,46.878298749898384
0.425,0.0,93,47.21328771772449
0.425,0.0,94,48.25031137929022
0.425,0.0,95,49.362658047807734
0.425,0.0,96,50.362428753666805
0.425,0.0,97,51.23854681506875
0.425,0.0,98,51.51362123185632
0.425,0.0,99,52.45781389579157
0.425,0.0,100,53.34824994841743
0.425,0.0,101,53.72730960530767
0.425,0.0,102,54.49080569918227
0.425,0.0,103,56.78509083949438
0.425,0.0,104,59.08629517628678
0.425,0.0,105,61.49811712809292
0.425,0.0,106,64.21132588791691
0.425,0.0,107,65.58024398375612
0.425,0.0,108,67.14082978554632
0.425,0.0,109,69.05177832949819
0.425,0.0,110,70.91511916579415
0.425,0.0,111,72.4684410639055
0.425,0.0,112,74.59245498624163
0.425,0.0,113,76.99937234497389
0.425,0.0,114,79.53257223395295
0.425,0.0,115,82.64440945488525
0.425,0.0,116,86.08206918848693
0.425,0.0,117,90.88660092592178
0.425,0.0,118,95.85385776680586
0.45,0.0,1,-93.58041256800252
0.45,0.0,2,-86.45008130008696
0.45,0.0,3,-81.54963072272963
0.45,0.0,4,-77.40084250205288
0.45,0.0,5,-74.86534694160366
0.45,0.0,6,-72.42962049984277
0.45,0.0,7,-69.00917590150189
0.45,0.0,8,-66.43553389064618
0.45,0.0,9,-64.79590810102553
0.45,0.0,10,-62.27572680565078
0.45,0.0,11,-59.99557412240719
0.45,0.0,12,-57.95114897999116
0.45,0.0,13,-55.257640570562785
0.45,0.0,14,-54.210979030598565
0.45,0.0,15,-51.96091556154789
0.45,0.0,16,-50.31327394992633
0.45,0.0,17,-48.54907646881318
0.45,0.0,18,-47.6388091093001
0.45,0.0,19,-45.48351272796111
0.45,0.0,20,-44.43715884803717
0.45,0.0,21,-43.25497361632219
0.45,0.0,22,-41.64566086805246
0.45,0.0,23,-40.70082269752979
0.45,0.0,24,-39.923682919199194
0.45,0.0,25,-38.68458093512953
0.45,0.0,26,-37.87463477158735
0.45,0.0,27,-37.401061840855846
0.45,0.0,28,-36.645186536983516
0.45,0.0,29,-36.290968357593044
0.45,0.0,30,-35.98496657458938
0.45,0.0,31,-34.19691818392766
0.45,0.0,32,-34.09984100482112
0.45,0.0,33,-31.625427809623602
0.45,0.0,34,-30.87169282436048
0.45,0.0,35,-28.86615754019087
0.45,0.0,36,-26.233816303279028
0.45,0.0,37,-25.56183068230034
0.45,0.0,38,-21.195571381641273
0.45,0.0,39,-21.063058663126867
0.45,0.0,40,-14.967428205642094
0.45,0.0,41,-7.799797265451161
0.45,0.0,42,-7.532287636148624
0.45,0.0,43,-5.926082545629214
0.45,0.0,44,-4.694906537094795
0.45,0.0,45,-4.4300790547938504
0.45,0.0,46,-3.510072657067326
0.45,0.0,47,-2.949789079043896
0.45,0.0,48,-2.1410794127182413
0.45,0.0,49,-1.2940494555219715
0.45,0.0,50,-0.28480066985679287
0.45,0.0,51,0.7987779680408664
0.45,0.0,52,2.0466366606481756
0.45,0.0,53,3.3417660469067556
0.45,0.0,54,4.748729297896574
0.45,0.0,55,6.277791680415973
0.45,0.0,56,7.911843897893377
0.45,0.0,57,9.62174451992449
0.45,0.0,58,11.403377696839073
0.45,0.0,59,13.273705645835136
0.45,0.0,60,15.16872178125098
0.45,0.0,61,16.943576806975283
0.45,0.0,62,16.97586081272897
0.45,0.0,63,17.04732144314197
0.45,0.0,64,18.444055904389884
0.45,0.0,65,18.72917936682631
0.45,0.0,66,18.79233373528815
0.45,0.0,67,19.464736026080132
0.45,0.0,68,19.702664684226832
0.45,0.0,69,20.060657681079704
0.45,0.0,70,20.49547944267526
0.45,0.0,71,20.77491311033691
0.45,0.0,72,21.095505886821428
0.45,0.0,73,21.306217293586528
0.45,0.0,74,21.73062276003394
0.45,0.0,75,21.804305426398724
0.45,0.0,76,22.28764056977944
0.45,0.0,77,22.89323270946471
0.45,0.0,78,22.926132869839773
0.45,0.0,79,25.3317617226692
0.45,0.0,80,31.46262281694196
0.45,0.0,81,33.071650596767434
0.45,0.0,82,35.86946017038904
0.45,0.0,83,36.3787442249231
0.45,0.0,84,37.975930358261735
0.45,0.0,85,39.85332025743361
0.45,0.0,86,40.43337686472475
0.45,0.0,87,42.1409539177598
0.45,0.0,88,42.45634739726309
0.45,0.0,89,43.80135373783734
0.45,0.0,90,44.96168520118887
0.45,0.0,91,45.631086062254006
0.45,0.0,92,46.76946823357023
0.45,0.0,93,47.31328585750833
0.45,0.0,94,48.27976885388866
0.45,0.0,95,49.27914408583101
0.45,0.0,96,50.421912408533586
0.45,0.0,97,51.19477613084529
0.45,0.0,98,51.59446942652656
0.45,0.0,99,52.404382819733165
0.45,0.0,100,53.25202614985809
0.45,0.0,101,53.814936758041924
0.45,0.0,102,54.50744139625204
0.45,0.0,103,56.77974964178181
0.45,0.0,104,59.07753408113912
0.45,0.0,105,61.53768118167362
0.45,0.0,106,64.16380607151594
0.45,0.0,107,65.55541596199814
0.45,0.0,108,67.16066515156709
0.45,0.0,109,69.07496390317556
0.45,0.0,110,70.96440162027041
0.45,0.0,111,72.40488914805158
0.45,0.0,112,74.62053595947104
0.45,0.0,113,76.96218352869548
0.45,0.0,114,79.55525683216723
0.45,0.0,115,82.64363341108296
0.45,0.0,116,86.08088065275744
0.45,0.0,117,90.8864313507019
0.45,0.0,118,95.85361548389847
0.475,0.0,1,-93.57914195332964
0.475,0.0,2,-86.46211163921873
0.475,0.0,3,-81.517936657869
0.475,0.0,4,-77.430882509327
0.475,0.0,5,-74.87479164044555
0.475,0.0,6,-72.42298833905141
0.475,0.0,7,-68.93359036217507
0.475,0.0,8,-66.53767682027194
0.475,0.0,9,-64.80839715876814
0.475,0.0,10,-62.17136852917355
0.475,0.0,11,-60.05319930741274
0.475,0.0,12,-57.95400561878972
0.475,0.0,13,-55.28316746658197
0.475,0.0,14,-54.14506279213438
0.475,0.0,15,-52.02981368616901
0.475,0.0,16,-50.26680196782982
0.475,0.0,17,-48.5492591774495
0.475,0.0,18,-47.659591084315
0.475,0.0,19,-45.431004818418046
0.475,0.0,20,-44.486621524656016
0.475,0.0,21,-43.27417156267586
0.475,0.0,22,-41.583537559341806
0.475,0.0,23,-40.74051874894914
0.475,0.0,24,-39.94903681511238
0.475,0.0,25,-38.639258128057065
0.475,0.0,26,-37.8657507344617
0.475,0.0,27,-37.397319100903246
0.475,0.0,28,-36.68371872179435
0.475,0.0,29,-36.305566142487606
0.475,0.0,30,-35.96120949088336
0.475,0.0,31,-34.1933658534433
0.475,0.0,32,-34.10833826135112
0.475,0.0,33,-31.61632990783778
0.475,0.0,34,-30.87243638544706
0.475,0.0,35,-28.87079764873053
0.475,0.0,36,-26.233263725873442
0.475,0.0,37,-25.560642685869453
0.475,0.0,38,-21.195574800347657
0.475,0.0,39,-21.06347319209378
0.475,0.0,40,-14.967355668456406
0.475,0.0,41,-7.799716397947066
0.475,0.0,42,-7.532343988748252
0.475,0.0,43,-5.9263062063435825
0.475,0.0,44,-4.690596637365587
0.475,0.0,45,-4.43831936476478
0.475,0.0,46,-3.4881335345093305
0.475,0.0,47,-2.9822293117453142
0.475,0.0,48,-2.1157149018257826
0.475,0.0,49,-1.3102308379983896
0.475,0.0,50,-0.27459971109752246
0.475,0.0,51,0.7898150189379152
0.475,0.0,52,2.054439195652364
0.475,0.0,53,3.3355460435385993
0.475,0.0,54,4.753007285984353
0.475,0.0,55,6.275359409774595
0.475,0.0,56,7.912864735818317
0.475,0.0,57,9.62147225929202
0.475,0.0,58,11.40340115526891
0.475,0.0,59,13.273734976566985
0.475,0.0,60,15.168699742644648
0.475,0.0,61,16.94401170167885
0.475,0.0,62,16.977146257023755
0.475,0.0,63,17.045293129639912
0.475,0.0,64,18.447143015169203
0.475,0.0,65,18.729346629578192
0.475,0.0,66,18.78831656244696
0.475,0.0,67,19.46179103565902
0.475,0.0,68,19.70966011999208
0.475,0.0,69,20.061457447930238
0.475,0.0,70,20.47530597277992
0.475,0.0,71,20.816418691789053
0.475,0.0,72,21.05312302413165
0.475,0.0,73,21.323030459564393
0.475,0.0,74,21.7558387286561
0.475,0.0,75,21.77878832894672
0.475,0.0,76,22.288261774843335
0.475,0.0,77,22.8950749626985
0.475,0.0,78,22.924421063497597
0.475,0.0,79,25.331840383718003
0.475,0.0,80,31.46213409840834
0.475,0.0,81,33.071114454021874
0.475,0.0,82,35.87435545360536
0.475,0.0,83,36.37915829800539
0.475,0.0,84,37.967048051463316
0.475,0.0,85,39.86435283750737
0.475,0.0,86,40.423378932309895
0.475,0.0,87,42.14378526413612
0.475,0.0,88,42.46299894727835
0.475,0.0,89,43.807905911385106
0.475,0.0,90,44.92612984629969
0.475,0.0,91,45.63564375174239
0.475,0.0,92,46.87829874989781
0.475,0.0,93,47.213287717724285
0.475,0.0,94,48.25031137929014
0.475,0.0,95,49.36265804780824
0.475,0.0,96,50.36242875366719
0.475,0.0,97,51.23854681506896
0.475,0.0,98,51.513621231855886
0.475,0.0,99,52.45781389579141
0.475,0.0,100,53.348249948416296
0.475,0.0,101,53.72730960530784
0.475,0.0,102,54.49080569918194
0.475,0.0,103,56.78509083949405
0.475,0.0,104,59.086295176286434
0.475,0.0,105,61.49811712809285
0.475,0.0,106,64.21132588791667
0.475,0.0,107,65.58024398375544
0.475,0.0,108,67.14082978554606
0.475,0.0,109,69.05177832949819
0.475,0.0,110,70.9151191657929
0.475,0.0,111,72.46844106390549
0.475,0.0,112,74.59245498624142
0.475,0.0,113,76.99937234497355
0.475,0.0,114,79.53257223395266
0.475,0.0,115,82.6444094548849
0.475,0.0,116,86.08206918848691
0.475,0.0,117,90.8866009259212
0.475,0.0,118,95.85385776680575
0.5,0.0,1,-93.58041256800203
0.5,0.0,2,-86.45008130008759
0.5,0.0,3,-81.5496307227296
0.5,0.0,4,-77.40084250205254
0.5,0.0,5,-74.865346941604
0.5,0.0,6,-72.42962049984362
0.5,0.0,7,-69.00917590150195
0.5,0.0,8,-66.43553389064553
0.5,0.0,9,-64.79590810102508
0.5,0.0,10,-62.27572680565095
0.5,0.0,11,-59.99557412240779
0.5,0.0,12,-57.95114897999153
0.5,0.0,13,-55.25764057056361
0.5,0.0,14,-54.21097903059777
0.5,0.0,15,-51.96091556154798
0.5,0.0,16,-50.313273949926355
0.5,0.0,17,-48.54907646881381
0.5,0.0,18,-47.63880910930024
0.5,0.0,19,-45.48351272796154
0.5,0.0,20,-44.43715884803737
0.5,0.0,21,-43.25497361632142
0.5,0.0,22,-41.64566086805269
0.5,0.0,23,-40.700822697528565
0.5,0.0,24,-39.923682919198455
0.5,0.0,25,-38.68458093512959
0.5,0.0,26,-37.87463477158775
0.5,0.0,27,-37.40106184085553
0.5,0.0,28,-36.6451865369834
0.5,0.0,29,-36.29096835759236
0.5,0.0,30,-35.98496657458966
0.5,0.0,31,-34.19691818392783
0.5,0.0,32,-34.09984100482089
0.5,0.0,33,-31.6254278096237
0.5,0.0,34,-30.87169282436105
0.5,0.0,35,-28.866157540190756
0.5,0.0,36,-26.233816303278346
0.5,0.0,37,-25.561830682300183
0.5,0.0,38,-21.19557138164099
0.5,0.0,39,-21.063058663127137
0.5,0.0,40,-14.967428205641781
0.5,0.0,41,-7.7997972654511045
0.5,0.0,42,-7.532287636148752
0.5,0.0,43,-5.926082545629242
0.5,0.0,44,-4.69490653709471
0.5,0.0,45,-4.4300790547937225
0.5,0.0,46,-3.510072657067326
0.5,0.0,47,-2.9497890790439527
0.5,0.0,48,-2.1410794127183124
0.5,0.0,49,-1.294049455521943
0.5,0.0,50,-0.28480066985679287
0.5,0.0,51,0.7987779680408664
0.5,0.0,52,2.0466366606481756
0.5,0.0,53,3.341766046906784
0.5,0.0,54,4.7487292978966025
0.5,0.0,55,6.277791680416058
0.5,0.0,56,7.9118438978933625
0.5,0.0,57,9.621744519924434
0.5,0.0,58,11.403377696839172
0.5,0.0,59,13.273705645834994
0.5,0.0,60,15.168721781250952
0.5,0.0,61,16.943576806975358
0.5,0.0,62,16.975860812728946
0.5,0.0,63,17.047321443141954
0.5,0.0,64,18.4440559043899
0.5,0.0,65,18.7291793668264
0.5,0.0,66,18.792333735288164
0.5,0.0,67,19.46473602608029
0.5,0.0,68,19.702664684226562
0.5,0.0,69,20.06065768107956
0.5,0.0,70,20.49547944267502
0.5,0.0,71,20.774913110336684
0.5,0.0,72,21.09550588682154
0.5,0.0,73,21.306217293586556
0.5,0.0,74,21.73062276003383
0.5,0.0,75,21.804305426398592
0.5,0.0,76,22.287640569779256
0.5,0.0,77,22.893232709464485
0.5,0.0,78,22.92613286984019
0.5,0.0,79,25.331761722669356
0.5,0.0,80,31.4626228169424
0.5,0.0,81,33.07165059676783
0.5,0.0,82,35.869460170389274
0.5,0.0,83,36.37874422492302
0.5,0.0,84,37.975930358261614
0.5,0.0,85,39.85332025743398
0.5,0.0,86,40.4333768647249
0.5,0.0,87,42.14095391776025
0.5,0.0,88,42.45634739726292
0.5,0.0,89,43.80135373783717
0.5,0.0,90,44.961685201188594
0.5,0.0,91,45.63108606225372
0.5,0.0,92,46.769468233570166
0.5,0.0,93,47.31328585750771
0.5,0.0,94,48.27976885388881
0.5,0.0,95,49.27914408583102
0.5,0.0,96,50.421912408534645
0.5,0.0,97,51.19477613084546
0.5,0.0,98,51.59446942652706
0.5,0.0,99,52.40438281973286
0.5,0.0,100,53.25202614985839
0.5,0.0,101,53.81493675804084
0.5,0.0,102,54.50744139625172
0.5,0.0,103,56.779749641780526
0.5,0.0,104,59.07753408113923
0.5,0.0,105,61.537681181673456
0.5,0.0,106,64.16380607151551
0.5,0.0,107,65.5554159619978
0.5,0.0,108,67.16066515156828
0.5,0.0,109,69.07496390317792
0.5,0.0,110,70.96440162027052
0.5,0.0,111,72.40488914805283
0.5,0.0,112,74.62053595947178
0.5,0.0,113,76.96218352869559
0.5,0.0,114,79.55525683216796
0.5,0.0,115,82.64363341108296
0.5,0.0,116,86.08088065275757
0.5,0.0,117,90.88643135070183
0.5,0.0,118,95.85361548389888
0.525,0.0,1,-93.57914195332961
0.525,0.0,2,-86.46211163921916
0.525,0.0,3,-81.51793665786849
0.525,0.0,4,-77.43088250932749
0.525,0.0,5,-74.87479164044612
0.525,0.0,6,-72.42298833905113
0.525,0.0,7,-68.93359036217538
0.525,0.0,8,-66.5376768202722
0.525,0.0,9,-64.80839715876775
0.525,0.0,10,-62.17136852917349
0.525,0.0,11,-60.05319930741308
0.525,0.0,12,-57.95400561878995
0.525,0.0,13,-55.28316746658297
0.525,0.0,14,-54.145062792133814
0.525,0.0,15,-52.02981368616898
0.525,0.0,16,-50.26680196783022
0.525,0.0,17,-48.54925917744944
0.525,0.0,18,-47.65959108431514
0.525,0.0,19,-45.43100481841822
0.525,0.0,20,-44.4866215246557
0.525,0.0,21,-43.27417156267586
0.525,0.0,22,-41.583537559342034
0.525,0.0,23,-40.74051874894934
0.525,0.0,24,-39.94903681511252
0.525,0.0,25,-38.63925812805712
0.525,0.0,26,-37.8657507344617
0.525,0.0,27,-37.39731910090336
0.525,0.0,28,-36.683718721794236
0.525,0.0,29,-36.30556614248778
0.525,0.0,30,-35.96120949088373
0.525,0.0,31,-34.19336585344317
0.525,0.0,32,-34.10833826135092
0.525,0.0,33,-31.61632990783785
0.525,0.0,34,-30.872436385446974
0.525,0.0,35,-28.87079764873053
0.525,0.0,36,-26.233263725873385
0.525,0.0,37,-25.560642685869354
0.525,0.0,38,-21.19557480034753
0.525,0.0,39,-21.063473192093696
0.525,0.0,40,-14.967355668456193
0.525,0.0,41,-7.799716397947009
0.525,0.0,42,-7.532343988748295
0.525,0.0,43,-5.926306206343597
0.525,0.0,44,-4.69059663736563
0.525,0.0,45,-4.438319364764766
0.525,0.0,46,-3.488133534509359
0.525,0.0,47,-2.9822293117453285
0.525,0.0,48,-2.115714901825797
0.525,0.0,49,-1.310230837998418
0.525,0.0,50,-0.27459971109753667
0.525,0.0,51,0.7898150189378299
0.525,0.0,52,2.054439195652378
0.525,0.0,53,3.3355460435386135
0.525,0.0,54,4.753007285984353
0.525,0.0,55,6.275359409774595
0.525,0.0,56,7.912864735818374
0.525,0.0,57,9.62147225929212
0.525,0.0,58,11.403401155268881
0.525,0.0,59,13.273734976566999
0.525,0.0,60,15.168699742644648
0.525,0.0,61,16.944011701678747
0.525,0.0,62,16.977146257023726
0.525,0.0,63,17.04529312963982
0.525,0.0,64,18.447143015169146
0.525,0.0,65,18.729346629578107
0.525,0.0,66,18.788316562447005
0.525,0.0,67,19.461791035659047
0.525,0.0,68,19.709660119992108
0.525,0.0,69,20.061457447930096
0.525,0.0,70,20.47530597277982
0.525,0.0,71,20.816418691789238
0.525,0.0,72,21.053123024131466
0.525,0.0,73,21.323030459564222
0.525,0.0,74,21.755838728656382
0.525,0.0,75,21.77878832894675
0.525,0.0,76,22.28826177484342
0.525,0.0,77,22.895074962698526
0.525,0.0,78,22.924421063497647
0.525,0.0,79,25.331840383717704
0.525,0.0,80,31.462134098408157
0.525,0.0,81,33.07111445402173
0.525,0.0,82,35.87435545360553
0.525,0.0,83,36.37915829800509
0.525,0.0,84,37.96704805146283
0.525,0.0,85,39.864352837507624
0.525,0.0,86,40.423378932309525
0.525,0.0,87,42.14378526413602
0.525,0.0,88,42.462998947278436
0.525,0.0,89,43.80790591138544
0.525,0.0,90,44.92612984629934
0.525,0.0,91,45.635643751741355
0.525,0.0,92,46.87829874989804
0.525,0.0,93,47.213287717724846
0.525,0.0,94,48.25031137928991
0.525,0.0,95,49.36265804780801
0.525,0.0,96,50.362428753667
0.525,0.0,97,51.23854681506933
0.525,0.0,98,51.51362123185605
0.525,0.0,99,52.457813895791325
0.525,0.0,100,53.34824994841711
0.525,0.0,101,53.727309605308015
0.525,0.0,102,54.49080569918158
0.525,0.0,103,56.785090839494686
0.525,0.0,104,59.08629517628631
0.525,0.0,105,61.498117128092574
0.525,0.0,106,64.21132588791613
0.525,0.0,107,65.58024398375557
0.525,0.0,108,67.14082978554575
0.525,0.0,109,69.05177832949802
0.525,0.0,110,70.91511916579375
0.525,0.0,111,72.46844106390498
0.525,0.0,112,74.59245498624136
0.525,0.0,113,76.99937234497395
0.525,0.0,114,79.53257223395237
0.525,0.0,115,82.64440945488533
0.525,0.0,116,86.08206918848674
0.525,0.0,117,90.88660092592198
0.525,0.0,118,95.85385776680586
0.55,0.0,1,-93.58041256800303
0.55,0.0,2,-86.45008130008776
0.55,0.0,3,-81.54963072272955
0.55,0.0,4,-77.40084250205291
0.55,0.0,5,-74.8653469416042
0.55,0.0,6,-72.42962049984271
0.55,0.0,7,-69.00917590150186
0.55,0.0,8,-66.43553389064613
0.55,0.0,9,-64.79590810102562
0.55,0.0,10,-62.275726805651345
0.55,0.0,11,-59.995574122406765
0.55,0.0,12,-57.95114897999096
0.55,0.0,13,-55.25764057056381
0.55,0.0,14,-54.210979030597855
0.55,0.0,15,-51.96091556154795
0.55,0.0,16,-50.31327394992647
0.55,0.0,17,-48.54907646881372
0.55,0.0,18,-47.63880910930004
0.55,0.0,19,-45.48351272796188
0.55,0.0,20,-44.43715884803794
0.55,0.0,21,-43.254973616322246
0.55,0.0,22,-41.64566086805303
0.55,0.0,23,-40.700822697528906
0.55,0.0,24,-39.9236829191986
0.55,0.0,25,-38.68458093512979
0.55,0.0,26,-37.87463477158698
0.55,0.0,27,-37.40106184085579
0.55,0.0,28,-36.64518653698377
0.55,0.0,29,-36.29096835759313
0.55,0.0,30,-35.98496657458989
0.55,0.0,31,-34.19691818392768
0.55,0.0,32,-34.09984100482128
0.55,0.0,33,-31.625427809623403
0.55,0.0,34,-30.871692824360395
0.55,0.0,35,-28.866157540190827
0.55,0.0,36,-26.2338163032788
0.55,0.0,37,-25.56183068230027
0.55,0.0,38,-21.195571381640974
0.55,0.0,39,-21.063058663126768
0.55,0.0,40,-14.967428205641696
0.55,0.0,41,-7.799797265451204
0.55,0.0,42,-7.532287636148624
0.55,0.0,43,-5.926082545629299
0.55,0.0,44,-4.694906537094795
0.55,0.0,45,-4.430079054793751
0.55,0.0,46,-3.510072657067326
0.55,0.0,47,-2.949789079043967
0.55,0.0,48,-2.1410794127183124
0.55,0.0,49,-1.294049455521943
0.55,0.0,50,-0.2848006698568213
0.55,0.0,51,0.7987779680408948
0.55,0.0,52,2.046636660648204
0.55,0.0,53,3.34176604690677
0.55,0.0,54,4.74872929789656
0.55,0.0,55,6.277791680416016
0.55,0.0,56,7.9118438978933625
0.55,0.0,57,9.621744519924505
0.55,0.0,58,11.40337769683913
0.55,0.0,59,13.273705645835065
0.55,0.0,60,15.168721781250937
0.55,0.0,61,16.94357680697526
0.55,0.0,62,16.97586081272899
0.55,0.0,63,17.047321443141946
0.55,0.0,64,18.444055904389984
0.55,0.0,65,18.729179366826347
0.55,0.0,66,18.79233373528815
0.55,0.0,67,19.46473602608009
0.55,0.0,68,19.702664684226775
0.55,0.0,69,20.060657681079803
0.55,0.0,70,20.495479442675176
0.55,0.0,71,20.774913110336826
0.55,0.0,72,21.095505886821613
0.55,0.0,73,21.30621729358667
0.55,0.0,74,21.730622760034148
0.55,0.0,75,21.804305426398606
0.55,0.0,76,22.287640569779327
0.55,0.0,77,22.89323270946465
0.55,0.0,78,22.92613286984001
0.55,0.0,79,25.331761722669114
0.55,0.0,80,31.462622816941987
0.55,0.0,81,33.07165059676766
0.55,0.0,82,35.869460170389004
0.55,0.0,83,36.37874422492297
0.55,0.0,84,37.975930358261465
0.55,0.0,85,39.85332025743347
0.55,0.0,86,40.43337686472496
0.55,0.0,87,42.14095391775949
0.55,0.0,88,42.45634739726294
0.55,0.0,89,43.80135373783674
0.55,0.0,90,44.96168520118849
0.55,0.0,91,45.631086062253836
0.55,0.0,92,46.76946823357004
0.55,0.0,93,47.31328585750813
0.55,0.0,94,48.279768853888775
0.55,0.0,95,49.27914408583116
0.55,0.0,96,50.42191240853373
0.55,0.0,97,51.19477613084552
0.55,0.0,98,51.594469426527134
0.55,0.0,99,52.40438281973375
0.55,0.0,100,53.252026149857365
0.55,0.0,101,53.81493675803988
0.55,0.0,102,54.50744139625071
0.55,0.0,103,56.77974964178272
0.55,0.0,104,59.0775340811392
0.55,0.0,105,61.53768118167293
0.55,0.0,106,64.16380607151677
0.55,0.0,107,65.55541596199748
0.55,0.0,108,67.16066515156851
0.55,0.0,109,69.0749639031763
0.55,0.0,110,70.96440162027129
0.55,0.0,111,72.404889148052
0.55,0.0,112,74.62053595947103
0.55,0.0,113,76.96218352869644
0.55,0.0,114,79.55525683216617
0.55,0.0,115,82.6436334110834
0.55,0.0,116,86.08088065275751
0.55,0.0,117,90.88643135070133
0.55,0.0,118,95.85361548389848
0.575,0.0,1,-93.57914195332916
0.575,0.0,2,-86.4621116392189
0.575,0.0,3,-81.51793665786872
0.575,0.0,4,-77.43088250932726
0.575,0.0,5,-74.87479164044578
0.575,0.0,6,-72.42298833905136
0.575,0.0,7,-68.93359036217495
0.575,0.0,8,-66.53767682027163
0.575,0.0,9,-64.80839715876851
0.575,0.0,10,-62.17136852917346
0.575,0.0,11,-60.05319930741331
0.575,0.0,12,-57.95400561878992
0.575,0.0,13,-55.28316746658234
0.575,0.0,14,-54.14506279213384
0.575,0.0,15,-52.02981368616909
0.575,0.0,16,-50.26680196782979
0.575,0.0,17,-48.5492591774493
0.575,0.0,18,-47.659591084315
0.575,0.0,19,-45.43100481841782
0.575,0.0,20,-44.48662152465627
0.575,0.0,21,-43.274171562675576
0.575,0.0,22,-41.58353755934209
0.575,0.0,23,-40.74051874894943
0.575,0.0,24,-39.94903681511252
0.575,0.0,25,-38.63925812805698
0.575,0.0,26,-37.8657507344619
0.575,0.0,27,-37.39731910090333
0.575,0.0,28,-36.68371872179401
0.575,0.0,29,-36.30556614248766
0.575,0.0,30,-35.96120949088342
0.575,0.0,31,-34.19336585344317
0.575,0.0,32,-34.10833826135075
0.575,0.0,33,-31.616329907837553
0.575,0.0,34,-30.872436385446676
0.575,0.0,35,-28.870797648730743
0.575,0.0,36,-26.233263725873286
0.575,0.0,37,-25.560642685869382
0.575,0.0,38,-21.19557480034736
0.575,0.0,39,-21.063473192093838
0.575,0.0,40,-14.96735566845581
0.575,0.0,41,-7.799716397947037
0.575,0.0,42,-7.532343988748238
0.575,0.0,43,-5.9263062063435825
0.575,0.0,44,-4.690596637365616
0.575,0.0,45,-4.438319364764766
0.575,0.0,46,-3.4881335345093305
0.575,0.0,47,-2.9822293117453142
0.575,0.0,48,-2.115714901825797
0.575,0.0,49,-1.310230837998418
0.575,0.0,50,-0.27459971109753667
0.575,0.0,51,0.7898150189378725
0.575,0.0,52,2.05443919565235
0.575,0.0,53,3.3355460435386277
0.575,0.0,54,4.753007285984367
0.575,0.0,55,6.275359409774538
0.575,0.0,56,7.912864735818388
0.575,0.0,57,9.621472259292077
0.575,0.0,58,11.403401155268853
0.575,0.0,59,13.273734976566999
0.575,0.0,60,15.168699742644677
0.575,0.0,61,16.9440117016788
0.575,0.0,62,16.97714625702392
0.575,0.0,63,17.045293129639848
0.575,0.0,64,18.447143015169175
0.575,0.0,65,18.72934662957819
0.575,0.0,66,18.78831656244701
0.575,0.0,67,19.461791035658976
0.575,0.0,68,19.709660119992108
0.575,0.0,69,20.061457447930252
0.575,0.0,70,20.475305972779964
0.575,0.0,71,20.816418691789096
0.575,0.0,72,21.053123024131693
0.575,0.0,73,21.32303045956435
0.575,0.0,74,21.75583872865619
0.575,0.0,75,21.77878832894669
0.575,0.0,76,22.288261774843363
0.575,0.0,77,22.89507496269856
0.575,0.0,78,22.92442106349764
0.575,0.0,79,25.33184038371796
0.575,0.0,80,31.462134098408157
0.575,0.0,81,33.071114454021796
0.575,0.0,82,35.87435545360536
0.575,0.0,83,36.3791582980053
0.575,0.0,84,37.96704805146277
0.575,0.0,85,39.86435283750774
0.575,0.0,86,40.42337893230955
0.575,0.0,87,42.143785264136014
0.575,0.0,88,42.46299894727835
0.575,0.0,89,43.80790591138519
0.575,0.0,90,44.92612984629981
0.575,0.0,91,45.635643751742194
0.575,0.0,92,46.87829874989841
0.575,0.0,93,47.213287717724704
0.575,0.0,94,48.25031137929006
0.575,0.0,95,49.36265804780829
0.575,0.0,96,50.362428753667146
0.575,0.0,97,51.2385468150689
0.575,0.0,98,51.513621231856284
0.575,0.0,99,52.45781389579152
0.575,0.0,100,53.34824994841683
0.575,0.0,101,53.72730960530759
0.575,0.0,102,54.490805699181834
0.575,0.0,103,56.78509083949531
0.575,0.0,104,59.086295176286335
0.575,0.0,105,61.49811712809256
0.575,0.0,106,64.21132588791622
0.575,0.0,107,65.58024398375633
0.575,0.0,108,67.14082978554598
0.575,0.0,109,69.05177832949781
0.575,0.0,110,70.91511916579378
0.575,0.0,111,72.4684410639052
0.575,0.0,112,74.59245498624107
0.575,0.0,113,76.99937234497429
0.575,0.0,114,79.53257223395295
0.575,0.0,115,82.64440945488572
0.575,0.0,116,86.08206918848717
0.575,0.0,117,90.8866009259215
0.575,0.0,118,95.85385776680577
0.6,0.0,1,-93.58041256800186
0.6,0.0,2,-86.45008130008725
0.6,0.0,3,-81.54963072272926
0.6,0.0,4,-77.40084250205254
0.6,0.0,5,-74.865346941604
0.6,0.0,6,-72.42962049984308
0.6,0.0,7,-69.00917590150218
0.6,0.0,8,-66.43553389064598
0.6,0.0,9,-64.79590810102519
0.6,0.0,10,-62.275726805651516
0.6,0.0,11,-59.99557412240688
0.6,0.0,12,-57.95114897999184
0.6,0.0,13,-55.25764057056276
0.6,0.0,14,-54.21097903059797
0.6,0.0,15,-51.960915561548035
0.6,0.0,16,-50.31327394992621
0.6,0.0,17,-48.54907646881395
0.6,0.0,18,-47.63880910929967
0.6,0.0,19,-45.48351272796174
0.6,0.0,20,-44.43715884803768
0.6,0.0,21,-43.25497361632151
0.6,0.0,22,-41.64566086805283
0.6,0.0,23,-40.700822697528224
0.6,0.0,24,-39.92368291919854
0.6,0.0,25,-38.684580935129276
0.6,0.0,26,-37.874634771587665
0.6,0.0,27,-37.401061840855505
0.6,0.0,28,-36.64518653698377
0.6,0.0,29,-36.29096835759279
0.6,0.0,30,-35.98496657458972
0.6,0.0,31,-34.19691818392764
0.6,0.0,32,-34.0998410048215
0.6,0.0,33,-31.625427809623716
0.6,0.0,34,-30.871692824360807
0.6,0.0,35,-28.866157540190912
0.6,0.0,36,-26.233816303279326
0.6,0.0,37,-25.561830682300467
0.6,0.0,38,-21.195571381641173
0.6,0.0,39,-21.063058663127194
0.6,0.0,40,-14.967428205642122
0.6,0.0,41,-7.7997972654510335
0.6,0.0,42,-7.532287636148695
0.6,0.0,43,-5.926082545629228
0.6,0.0,44,-4.694906537094738
0.6,0.0,45,-4.430079054793822
0.6,0.0,46,-3.510072657067326
0.6,0.0,47,-2.9497890790439385
0.6,0.0,48,-2.1410794127182697
0.6,0.0,49,-1.2940494555220141
0.6,0.0,50,-0.2848006698568355
0.6,0.0,51,0.7987779680408806
0.6,0.0,52,2.04663666064819
0.6,0.0,53,3.34176604690677
0.6,0.0,54,4.748729297896531
0.6,0.0,55,6.277791680415973
0.6,0.0,56,7.911843897893306
0.6,0.0,57,9.621744519924448
0.6,0.0,58,11.403377696838987
0.6,0.0,59,13.273705645834937
0.6,0.0,60,15.16872178125098
0.6,0.0,61,16.94357680697522
0.6,0.0,62,16.97586081272879
0.6,0.0,63,17.047321443141907
0.6,0.0,64,18.444055904389884
0.6,0.0,65,18.72917936682629
0.6,0.0,66,18.792333735288047
0.6,0.0,67,19.464736026080217
0.6,0.0,68,19.702664684226548
0.6,0.0,69,20.060657681079647
0.6,0.0,70,20.495479442674878
0.6,0.0,71,20.7749131103364
0.6,0.0,72,21.09550588682154
0.6,0.0,73,21.3062172935866
0.6,0.0,74,21.73062276003379
0.6,0.0,75,21.804305426398848
0.6,0.0,76,22.28764056977913
0.6,0.0,77,22.89323270946455
0.6,0.0,78,22.926132869839506
0.6,0.0,79,25.331761722669384
0.6,0.0,80,31.462622816942627
0.6,0.0,81,33.07165059676797
0.6,0.0,82,35.86946017038923
0.6,0.0,83,36.378744224923246
0.6,0.0,84,37.97593035826162
0.6,0.0,85,39.853320257433936
0.6,0.0,86,40.43337686472609
0.6,0.0,87,42.140953917760555
0.6,0.0,88,42.456347397263784
0.6,0.0,89,43.801353737837005
0.6,0.0,90,44.96168520118849
0.6,0.0,91,45.631086062254035
0.6,0.0,92,46.76946823356964
0.6,0.0,93,47.31328585750811
0.6,0.0,94,48.27976885388906
0.6,0.0,95,49.27914408583132
0.6,0.0,96,50.42191240853382
0.6,0.0,97,51.194776130845824
0.6,0.0,98,51.59446942652691
0.6,0.0,99,52.40438281973381
0.6,0.0,100,53.25202614985751
0.6,0.0,101,53.814936758039785
0.6,0.0,102,54.50744139625133
0.6,0.0,103,56.779749641781756
0.6,0.0,104,59.07753408113927
0.6,0.0,105,61.537681181672816
0.6,0.0,106,64.1638060715162
0.6,0.0,107,65.5554159619976
0.6,0.0,108,67.16066515156793
0.6,0.0,109,69.07496390317795
0.6,0.0,110,70.96440162027089
0.6,0.0,111,72.40488914805198
0.6,0.0,112,74.6205359594709
0.6,0.0,113,76.9621835286954
0.6,0.0,114,79.55525683216551
0.6,0.0,115,82.6436334110834
0.6,0.0,116,86.08088065275783
0.6,0.0,117,90.88643135070186
0.6,0.0,118,95.8536154838989
0.625,0.0,1,-93.57914195332899
0.625,0.0,2,-86.46211163921859
0.625,0.0,3,-81.51793665786835
0.625,0.0,4,-77.43088250932695
0.625,0.0,5,-74.87479164044521
0.625,0.0,6,-72.4229883390507
0.625,0.0,7,-68.9335903621747
0.625,0.0,8,-66.53767682027186
0.625,0.0,9,-64.80839715876817
0.625,0.0,10,-62.17136852917329
0.625,0.0,11,-60.05319930741297
0.625,0.0,12,-57.95400561879018
0.625,0.0,13,-55.28316746658206
0.625,0.0,14,-54.14506279213373
0.625,0.0,15,-52.02981368616915
0.625,0.0,16,-50.26680196782999
0.625,0.0,17,-48.5492591774497
0.625,0.0,18,-47.65959108431517
0.625,0.0,19,-45.431004818418046
0.625,0.0,20,-44.4866215246561
0.625,0.0,21,-43.27417156267552
0.625,0.0,22,-41.583537559341835
0.625,0.0,23,-40.74051874894923
0.625,0.0,24,-39.94903681511232
0.625,0.0,25,-38.639258128057065
0.625,0.0,26,-37.86575073446173
0.625,0.0,27,-37.39731910090316
0.625,0.0,28,-36.683718721794065
0.625,0.0,29,-36.30556614248741
0.625,0.0,30,-35.96120949088322
0.625,0.0,31,-34.193365853443375
0.625,0.0,32,-34.10833826135092
0.625,0.0,33,-31.616329907837724
0.625,0.0,34,-30.87243638544699
0.625,0.0,35,-28.870797648730502
0.625,0.0,36,-26.233263725873655
0.625,0.0,37,-25.560642685869524
0.625,0.0,38,-21.195574800347757
0.625,0.0,39,-21.063473192093824
0.625,0.0,40,-14.967355668456477
0.625,0.0,41,-7.799716397947051
0.625,0.0,42,-7.532343988748252
0.625,0.0,43,-5.926306206343625
0.625,0.0,44,-4.690596637365587
0.625,0.0,45,-4.43831936476478
0.625,0.0,46,-3.488133534509373
0.625,0.0,47,-2.9822293117453
0.625,0.0,48,-2.1157149018258252
0.625,0.0,49,-1.3102308379983896
0.625,0.0,50,-0.2745997110975651
0.625,0.0,51,0.7898150189379294
0.625,0.0,52,2.054439195652378
0.625,0.0,53,3.335546043538585
0.625,0.0,54,4.753007285984353
0.625,0.0,55,6.275359409774595
0.625,0.0,56,7.9128647358184026
0.625,0.0,57,9.621472259292005
0.625,0.0,58,11.403401155268938
0.625,0.0,59,13.273734976566956
0.625,0.0,60,15.16869974264469
0.625,0.0,61,16.944011701678853
0.625,0.0,62,16.977146257023886
0.625,0.0,63,17.045293129639887
0.625,0.0,64,18.447143015169218
0.625,0.0,65,18.729346629578234
0.625,0.0,66,18.788316562447008
0.625,0.0,67,19.461791035658962
0.625,0.0,68,19.709660119992094
0.625,0.0,69,20.061457447930323
0.625,0.0,70,20.47530597277992
0.625,0.0,71,20.816418691789096
0.625,0.0,72,21.053123024131537
0.625,0.0,73,21.323030459564336
0.625,0.0,74,21.755838728656194
0.625,0.0,75,21.77878832894673
0.625,0.0,76,22.288261774843406
0.625,0.0,77,22.89507496269844
0.625,0.0,78,22.924421063497725
0.625,0.0,79,25.331840383717804
0.625,0.0,80,31.462134098408285
0.625,0.0,81,33.071114454021775
0.625,0.0,82,35.87435545360531
0.625,0.0,83,36.37915829800523
0.625,0.0,84,37.967048051463216
0.625,0.0,85,39.8643528375075
0.625,0.0,86,40.423378932310044
0.625,0.0,87,42.143785264136255
0.625,0.0,88,42.462998947278095
0.625,0.0,89,43.80790591138512
0.625,0.0,90,44.926129846299574
0.625,0.0,91,45.63564375174268
0.625,0.0,92,46.878298749898335
0.625,0.0,93,47.21328771772431
0.625,0.0,94,48.25031137929038
0.625,0.0,95,49.36265804780818
0.625,0.0,96,50.3624287536668
0.625,0.0,97,51.23854681506926
0.625,0.0,98,51.51362123185622
0.625,0.0,99,52.45781389579143
0.625,0.0,100,53.34824994841669
0.625,0.0,101,53.727309605307816
0.625,0.0,102,54.490805699182076
0.625,0.0,103,56.78509083949447
0.625,0.0,104,59.08629517628661
0.625,0.0,105,61.49811712809279
0.625,0.0,106,64.21132588791617
0.625,0.0,107,65.5802439837559
0.625,0.0,108,67.1408297855458
0.625,0.0,109,69.05177832949815
0.625,0.0,110,70.9151191657926
0.625,0.0,111,72.4684410639046
0.625,0.0,112,74.59245498624185
0.625,0.0,113,76.99937234497327
0.625,0.0,114,79.53257223395303
0.625,0.0,115,82.64440945488518
0.625,0.0,116,86.08206918848707
0.625,0.0,117,90.88660092592129
0.625,0.0,118,95.85385776680566
0.65,0.0,1,-93.58041256800283
0.65,0.0,2,-86.45008130008779
0.65,0.0,3,-81.54963072272997
0.65,0.0,4,-77.40084250205271
0.65,0.0,5,-74.86534694160457
0.65,0.0,6,-72.4296204998434
0.65,0.0,7,-69.00917590150206
0.65,0.0,8,-66.43553389064581
0.65,0.0,9,-64.7959081010253
0.65,0.0,10,-62.27572680565166
0.65,0.0,11,-59.995574122406424
0.65,0.0,12,-57.9511489799921
0.65,0.0,13,-55.25764057056355
0.65,0.0,14,-54.21097903059811
0.65,0.0,15,-51.960915561548006
0.65,0.0,16,-50.3132739499257
0.65,0.0,17,-48.54907646881438
0.65,0.0,18,-47.63880910929967
0.65,0.0,19,-45.483512727961624
0.65,0.0,20,-44.43715884803848
0.65,0.0,21,-43.25497361632253
0.65,0.0,22,-41.6456608680528
0.65,0.0,23,-40.700822697528196
0.65,0.0,24,-39.92368291919857
0.65,0.0,25,-38.68458093512973
0.65,0.0,26,-37.87463477158792
0.65,0.0,27,-37.40106184085539
0.65,0.0,28,-36.645186536983516
0.65,0.0,29,-36.29096835759279
0.65,0.0,30,-35.98496657458969
0.65,0.0,31,-34.196918183927764
0.65,0.0,32,-34.09984100482134
0.65,0.0,33,-31.625427809623616
0.65,0.0,34,-30.871692824360508
0.65,0.0,35,-28.866157540190812
0.65,0.0,36,-26.233816303279
0.65,0.0,37,-25.561830682300098
0.65,0.0,38,-21.195571381640818
0.65,0.0,39,-21.063058663126824
0.65,0.0,40,-14.967428205641852
0.65,0.0,41,-7.799797265451048
0.65,0.0,42,-7.532287636148567
0.65,0.0,43,-5.926082545629214
0.65,0.0,44,-4.694906537094667
0.65,0.0,45,-4.430079054793794
0.65,0.0,46,-3.5100726570672975
0.65,0.0,47,-2.9497890790439385
0.65,0.0,48,-2.1410794127182413
0.65,0.0,49,-1.2940494555219573
0.65,0.0,50,-0.28480066985677865
0.65,0.0,51,0.7987779680408806
0.65,0.0,52,2.0466366606482325
0.65,0.0,53,3.341766046906784
0.65,0.0,54,4.74872929789656
0.65,0.0,55,6.277791680416101
0.65,0.0,56,7.911843897893348
0.65,0.0,57,9.621744519924462
0.65,0.0,58,11.403377696839101
0.65,0.0,59,13.273705645835008
0.65,0.0,60,15.168721781250937
0.65,0.0,61,16.943576806975358
0.65,0.0,62,16.975860812728857
0.65,0.0,63,17.04732144314183
0.65,0.0,64,18.444055904389828
0.65,0.0,65,18.729179366826322
0.65,0.0,66,18.792333735288064
0.65,0.0,67,19.464736026080203
0.65,0.0,68,19.702664684226804
0.65,0.0,69,20.060657681079775
0.65,0.0,70,20.495479442675176
0.65,0.0,71,20.774913110336442
0.65,0.0,72,21.0955058868216
0.65,0.0,73,21.306217293586556
0.65,0.0,74,21.730622760033917
0.65,0.0,75,21.8043054263993
0.65,0.0,76,22.28764056977927
0.65,0.0,77,22.893232709464723
0.65,0.0,78,22.926132869839495
0.65,0.0,79,25.331761722669313
0.65,0.0,80,31.46262281694203
0.65,0.0,81,33.07165059676748
0.65,0.0,82,35.869460170388656
0.65,0.0,83,36.37874422492299
0.65,0.0,84,37.97593035826212
0.65,0.0,85,39.85332025743333
0.65,0.0,86,40.43337686472519
0.65,0.0,87,42.14095391776019
0.65,0.0,88,42.456347397263
0.65,0.0,89,43.80135373783716
0.65,0.0,90,44.96168520118898
0.65,0.0,91,45.631086062254276
0.65,0.0,92,46.76946823357024
0.65,0.0,93,47.313285857508326
0.65,0.0,94,48.27976885388888
0.65,0.0,95,49.27914408583151
0.65,0.0,96,50.421912408533515
0.65,0.0,97,51.19477613084529
0.65,0.0,98,51.59446942652644
0.65,0.0,99,52.4043828197338
0.65,0.0,100,53.25202614985718
0.65,0.0,101,53.81493675804068
0.65,0.0,102,54.50744139625185
0.65,0.0,103,56.779749641782274
0.65,0.0,104,59.07753408113845
0.65,0.0,105,61.53768118167314
0.65,0.0,106,64.16380607151561
0.65,0.0,107,65.55541596199853
0.65,0.0,108,67.1606651515681
0.65,0.0,109,69.07496390317652
0.65,0.0,110,70.96440162027147
0.65,0.0,111,72.40488914805101
0.65,0.0,112,74.6205359594704
0.65,0.0,113,76.96218352869622
0.65,0.0,114,79.5552568321653
0.65,0.0,115,82.64363341108347
0.65,0.0,116,86.08088065275822
0.65,0.0,117,90.88643135070201
0.65,0.0,118,95.85361548389876
0.675,0.0,1,-93.57914195332955
0.675,0.0,2,-86.4621116392189
0.675,0.0,3,-81.51793665786863
0.675,0.0,4,-77.43088250932729
0.675,0.0,5,-74.87479164044592
0.675,0.0,6,-72.42298833905139
0.675,0.0,7,-68.93359036217521
0.675,0.0,8,-66.53767682027228
0.675,0.0,9,-64.80839715876849
0.675,0.0,10,-62.17136852917375
0.675,0.0,11,-60.05319930741288
0.675,0.0,12,-57.95400561878992
0.675,0.0,13,-55.283167466582285
0.675,0.0,14,-54.1450627921341
0.675,0.0,15,-52.029813686169064
0.675,0.0,16,-50.26680196783016
0.675,0.0,17,-48.549259177449414
0.675,0.0,18,-47.659591084315025
0.675,0.0,19,-45.43100481841782
0.675,0.0,20,-44.486621524656044
0.675,0.0,21,-43.27417156267549
0.675,0.0,22,-41.58353755934198
0.675,0.0,23,-40.7405187489494
0.675,0.0,24,-39.94903681511249
0.675,0.0,25,-38.639258128057236
0.675,0.0,26,-37.8657507344617
0.675,0.0,27,-37.39731910090322
0.675,0.0,28,-36.68371872179421
0.675,0.0,29,-36.305566142487606
0.675,0.0,30,-35.96120949088345
0.675,0.0,31,-34.19336585344309
0.675,0.0,32,-34.10833826135085
0.675,0.0,33,-31.616329907837624
0.675,0.0,34,-30.872436385446804
0.675,0.0,35,-28.870797648730502
0.675,0.0,36,-26.233263725873257
0.675,0.0,37,-25.560642685869354
0.675,0.0,38,-21.195574800347558
0.675,0.0,39,-21.063473192093625
0.675,0.0,40,-14.967355668456094
0.675,0.0,41,-7.7997163979471225
0.675,0.0,42,-7.532343988748224
0.675,0.0,43,-5.926306206343597
0.675,0.0,44,-4.690596637365587
0.675,0.0,45,-4.438319364764766
0.675,0.0,46,-3.4881335345093305
0.675,0.0,47,-2.9822293117453427
0.675,0.0,48,-2.115714901825797
0.675,0.0,49,-1.3102308379984038
0.675,0.0,50,-0.27459971109753667
0.675,0.0,51,0.7898150189378441
0.675,0.0,52,2.0544391956523924
0.675,0.0,53,3.3355460435386135
0.675,0.0,54,4.753007285984367
0.675,0.0,55,6.27535940977458
0.675,0.0,56,7.9128647358184026
0.675,0.0,57,9.621472259292077
0.675,0.0,58,11.403401155268881
0.675,0.0,59,13.273734976566985
0.675,0.0,60,15.16869974264462
0.675,0.0,61,16.94401170167877
0.675,0.0,62,16.97714625702381
0.675,0.0,63,17.045293129639848
0.675,0.0,64,18.447143015169146
0.675,0.0,65,18.72934662957814
0.675,0.0,66,18.788316562447
0.675,0.0,67,19.46179103565902
0.675,0.0,68,19.709660119992108
0.675,0.0,69,20.061457447930238
0.675,0.0,70,20.475305972779907
0.675,0.0,71,20.816418691789252
0.675,0.0,72,21.05312302413165
0.675,0.0,73,21.32303045956442
0.675,0.0,74,21.75583872865623
0.675,0.0,75,21.778788328946817
0.675,0.0,76,22.28826177484332
0.675,0.0,77,22.89507496269861
0.675,0.0,78,22.9244210634976
0.675,0.0,79,25.33184038371779
0.675,0.0,80,31.462134098408143
0.675,0.0,81,33.07111445402174
0.675,0.0,82,35.874355453605396
0.675,0.0,83,36.379158298005265
0.675,0.0,84,37.967048051462996
0.675,0.0,85,39.86435283750737
0.675,0.0,86,40.42337893230987
0.675,0.0,87,42.14378526413603
0.675,0.0,88,42.462998947278166
0.675,0.0,89,43.807905911385284
0.675,0.0,90,44.92612984629967
0.675,0.0,91,45.635643751742016
0.675,0.0,92,46.87829874989816
0.675,0.0,93,47.213287717724384
0.675,0.0,94,48.250311379290295
0.675,0.0,95,49.36265804780855
0.675,0.0,96,50.36242875366731
0.675,0.0,97,51.23854681506914
0.675,0.0,98,51.51362123185632
0.675,0.0,99,52.457813895791524
0.675,0.0,100,53.34824994841699
0.675,0.0,101,53.72730960530781
0.675,0.0,102,54.49080569918199
0.675,0.0,103,56.78509083949443
0.675,0.0,104,59.08629517628634
0.675,0.0,105,61.49811712809241
0.675,0.0,106,64.21132588791644
0.675,0.0,107,65.58024398375575
0.675,0.0,108,67.14082978554579
0.675,0.0,109,69.05177832949755
0.675,0.0,110,70.9151191657937
0.675,0.0,111,72.4684410639049
0.675,0.0,112,74.59245498624098
0.675,0.0,113,76.99937234497399
0.675,0.0,114,79.53257223395258
0.675,0.0,115,82.64440945488529
0.675,0.0,116,86.08206918848688
0.675,0.0,117,90.88660092592185
0.675,0.0,118,95.85385776680579
0.7,0.0,1,-93.58041256800175
0.7,0.0,2,-86.45008130008782
0.7,0.0,3,-81.54963072272975
0.7,0.0,4,-77.40084250205231
0.7,0.0,5,-74.86534694160414
0.7,0.0,6,-72.42962049984371
0.7,0.0,7,-69.00917590150189
0.7,0.0,8,-66.4355338906451
0.7,0.0,9,-64.79590810102516
0.7,0.0,10,-62.27572680565143
0.7,0.0,11,-59.99557412240682
0.7,0.0,12,-57.95114897999122
0.7,0.0,13,-55.25764057056307
0.7,0.0,14,-54.21097903059862
0.7,0.0,15,-51.96091556154752
0.7,0.0,16,-50.3132739499261
0.7,0.0,17,-48.549076468814036
0.7,0.0,18,-47.6388091092999
0.7,0.0,19,-45.48351272796077
0.7,0.0,20,-44.43715884803751
0.7,0.0,21,-43.25497361632176
0.7,0.0,22,-41.64566086805269
0.7,0.0,23,-40.70082269752842
0.7,0.0,24,-39.92368291919837
0.7,0.0,25,-38.68458093512916
0.7,0.0,26,-37.87463477158789
0.7,0.0,27,-37.40106184085545
0.7,0.0,28,-36.64518653698357
0.7,0.0,29,-36.29096835759276
0.7,0.0,30,-35.984966574589464
0.7,0.0,31,-34.196918183927515
0.7,0.0,32,-34.099841004821755
0.7,0.0,33,-31.625427809623787
0.7,0.0,34,-30.87169282436072
0.7,0.0,35,-28.866157540190812
0.7,0.0,36,-26.233816303278573
0.7,0.0,37,-25.561830682300254
0.7,0.0,38,-21.195571381640903
0.7,0.0,39,-21.063058663127066
0.7,0.0,40,-14.967428205641653
0.7,0.0,41,-7.799797265451062
0.7,0.0,42,-7.532287636148666
0.7,0.0,43,-5.926082545629242
0.7,0.0,44,-4.694906537094695
0.7,0.0,45,-4.430079054793751
0.7,0.0,46,-3.5100726570673544
0.7,0.0,47,-2.949789079043981
0.7,0.0,48,-2.1410794127182697
0.7,0.0,49,-1.2940494555220425
0.7,0.0,50,-0.2848006698568071
0.7,0.0,51,0.7987779680408664
0.7,0.0,52,2.046636660648133
0.7,0.0,53,3.34176604690677
0.7,0.0,54,4.748729297896531
0.7,0.0,55,6.277791680416016
0.7,0.0,56,7.9118438978932915
0.7,0.0,57,9.62174451992442
0.7,0.0,58,11.403377696839101
0.7,0.0,59,13.27370564583505
0.7,0.0,60,15.168721781250937
0.7,0.0,61,16.943576806975276
0.7,0.0,62,16.97586081272871
0.7,0.0,63,17.047321443141815
0.7,0.0,64,18.444055904389785
0.7,0.0,65,18.72917936682628
0.7,0.0,66,18.792333735288093
0.7,0.0,67,19.464736026080104
0.7,0.0,68,19.702664684226633
0.7,0.0,69,20.060657681079633
0.7,0.0,70,20.49547944267499
0.7,0.0,71,20.7749131103364
0.7,0.0,72,21.095505886821698
0.7,0.0,73,21.30621729358667
0.7,0.0,74,21.730622760033853
0.7,0.0,75,21.804305426399083
0.7,0.0,76,22.28764056977954
0.7,0.0,77,22.893232709464268
0.7,0.0,78,22.92613286983986
0.7,0.0,79,25.33176172266913
0.7,0.0,80,31.4626228169421
0.7,0.0,81,33.07165059676752
0.7,0.0,82,35.86946017038903
0.7,0.0,83,36.378744224922954
0.7,0.0,84,37.97593035826108
0.7,0.0,85,39.853320257433225
0.7,0.0,86,40.43337686472491
0.7,0.0,87,42.14095391776038
0.7,0.0,88,42.456347397263215
0.7,0.0,89,43.80135373783722
0.7,0.0,90,44.96168520118854
0.7,0.0,91,45.631086062253594
0.7,0.0,92,46.76946823357011
0.7,0.0,93,47.313285857508134
0.7,0.0,94,48.279768853888754
0.7,0.0,95,49.279144085831575
0.7,0.0,96,50.42191240853366
0.7,0.0,97,51.19477613084569
0.7,0.0,98,51.59446942652706
0.7,0.0,99,52.40438281973335
0.7,0.0,100,53.2520261498581
0.7,0.0,101,53.8149367580424
0.7,0.0,102,54.507441396252524
0.7,0.0,103,56.779749641781294
0.7,0.0,104,59.077534081139106
0.7,0.0,105,61.53768118167411
0.7,0.0,106,64.16380607151615
0.7,0.0,107,65.55541596199734
0.7,0.0,108,67.16066515156882
0.7,0.0,109,69.07496390317844
0.7,0.0,110,70.9644016202723
0.7,0.0,111,72.40488914805253
0.7,0.0,112,74.6205359594718
0.7,0.0,113,76.96218352869667
0.7,0.0,114,79.55525683216729
0.7,0.0,115,82.6436334110833
0.7,0.0,116,86.08088065275808
0.7,0.0,117,90.88643135070156
0.7,0.0,118,95.85361548389872
0.725,0.0,1,-93.57914195332958
0.725,0.0,2,-86.46211163921919
0.725,0.0,3,-81.51793665786911
0.725,0.0,4,-77.43088250932689
0.725,0.0,5,-74.87479164044584
0.725,0.0,6,-72.4229883390515
0.725,0.0,7,-68.93359036217524
0.725,0.0,8,-66.53767682027228
0.725,0.0,9,-64.80839715876795
0.725,0.0,10,-62.171368529173265
0.725,0.0,11,-60.05319930741294
0.725,0.0,12,-57.95400561878975
0.725,0.0,13,-55.28316746658237
0.725,0.0,14,-54.1450627921339
0.725,0.0,15,-52.029813686168865
0.725,0.0,16,-50.26680196782999
0.725,0.0,17,-48.54925917744961
0.725,0.0,18,-47.65959108431551
0.725,0.0,19,-45.431004818418444
0.725,0.0,20,-44.486621524656044
0.725,0.0,21,-43.27417156267549
0.725,0.0,22,-41.583537559342034
0.725,0.0,23,-40.740518748949256
0.725,0.0,24,-39.949036815112606
0.725,0.0,25,-38.63925812805721
0.725,0.0,26,-37.865750734461784
0.725,0.0,27,-37.39731910090296
0.725,0.0,28,-36.68371872179429
0.725,0.0,29,-36.305566142487635
0.725,0.0,30,-35.96120949088345
0.725,0.0,31,-34.19336585344346
0.725,0.0,32,-34.10833826135099
0.725,0.0,33,-31.616329907838093
0.725,0.0,34,-30.87243638544693
0.725,0.0,35,-28.870797648730345
0.725,0.0,36,-26.233263725873698
0.725,0.0,37,-25.56064268586958
0.725,0.0,38,-21.19557480034767
0.725,0.0,39,-21.06347319209354
0.725,0.0,40,-14.967355668456776
0.725,0.0,41,-7.799716397946966
0.725,0.0,42,-7.532343988748224
0.725,0.0,43,-5.926306206343611
0.725,0.0,44,-4.690596637365601
0.725,0.0,45,-4.4383193647648085
0.725,0.0,46,-3.488133534509359
0.725,0.0,47,-2.9822293117453
0.725,0.0,48,-2.115714901825797
0.725,0.0,49,-1.310230837998418
0.725,0.0,50,-0.2745997110975509
0.725,0.0,51,0.7898150189378725
0.725,0.0,52,2.0544391956523924
0.725,0.0,53,3.335546043538585
0.725,0.0,54,4.753007285984339
0.725,0.0,55,6.275359409774609
0.725,0.0,56,7.912864735818303
0.725,0.0,57,9.621472259292048
0.725,0.0,58,11.403401155268895
0.725,0.0,59,13.273734976566999
0.725,0.0,60,15.168699742644634
0.725,0.0,61,16.944011701678896
0.725,0.0,62,16.977146257023577
0.725,0.0,63,17.04529312963986
0.725,0.0,64,18.44714301516926
0.725,0.0,65,18.729346629578117
0.725,0.0,66,18.788316562446916
0.725,0.0,67,19.46179103565899
0.725,0.0,68,19.70966011999198
0.725,0.0,69,20.061457447930195
0.725,0.0,70,20.47530597277982
0.725,0.0,71,20.81641869178918
0.725,0.0,72,21.053123024131395
0.725,0.0,73,21.32303045956411
0.725,0.0,74,21.755838728656162
0.725,0.0,75,21.778788328946646
0.725,0.0,76,22.288261774843335
0.725,0.0,77,22.895074962698583
0.725,0.0,78,22.924421063497533
0.725,0.0,79,25.331840383718117
0.725,0.0,80,31.462134098408356
0.725,0.0,81,33.07111445402235
0.725,0.0,82,35.87435545360536
0.725,0.0,83,36.3791582980055
0.725,0.0,84,37.967048051463564
0.725,0.0,85,39.86435283750741
0.725,0.0,86,40.42337893230967
0.725,0.0,87,42.143785264136156
0.725,0.0,88,42.46299894727842
0.725,0.0,89,43.80790591138511
0.725,0.0,90,44.92612984629919
0.725,0.0,91,45.63564375174182
0.725,0.0,92,46.87829874989768
0.725,0.0,93,47.213287717724526
0.725,0.0,94,48.250311379289755
0.725,0.0,95,49.36265804780872
0.725,0.0,96,50.36242875366705
0.725,0.0,97,51.238546815069284
0.725,0.0,98,51.5136212318555
0.725,0.0,99,52.45781389579127
0.725,0.0,100,53.348249948416544
0.725,0.0,101,53.72730960530857
0.725,0.0,102,54.49080569918166
0.725,0.0,103,56.7850908394936
0.725,0.0,104,59.08629517628635
0.725,0.0,105,61.49811712809268
0.725,0.0,106,64.2113258879163
0.725,0.0,107,65.58024398375424
0.725,0.0,108,67.14082978554518
0.725,0.0,109,69.0517783294982
0.725,0.0,110,70.91511916579357
0.725,0.0,111,72.46844106390587
0.725,0.0,112,74.5924549862411
0.725,0.0,113,76.9993723449744
0.725,0.0,114,79.53257223395254
0.725,0.0,115,82.64440945488474
0.725,0.0,116,86.08206918848667
0.725,0.0,117,90.88660092592156
0.725,0.0,118,95.85385776680569
0.75,0.0,1,-93.5804125680024
0.75,0.0,2,-86.45008130008736
0.75,0.0,3,-81.54963072272975
0.75,0.0,4,-77.4008425020522
0.75,0.0,5,-74.86534694160429
0.75,0.0,6,-72.42962049984357
0.75,0.0,7,-69.0091759015018
0.75,0.0,8,-66.43553389064601
0.75,0.0,9,-64.79590810102567
0.75,0.0,10,-62.275726805651686
0.75,0.0,11,-59.995574122406225
0.75,0.0,12,-57.95114897999201
0.75,0.0,13,-55.25764057056327
0.75,0.0,14,-54.210979030598594
0.75,0.0,15,-51.96091556154792
0.75,0.0,16,-50.31327394992576
0.75,0.0,17,-48.54907646881372
0.75,0.0,18,-47.63880910930001
0.75,0.0,19,-45.48351272796168
0.75,0.0,20,-44.43715884803734
0.75,0.0,21,-43.254973616321735
0.75,0.0,22,-41.64566086805269
0.75,0.0,23,-40.70082269752916
0.75,0.0,24,-39.92368291919911
0.75,0.0,25,-38.6845809351297
0.75,0.0,26,-37.8746347715871
0.75,0.0,27,-37.401061840856016
0.75,0.0,28,-36.645186536983545
0.75,0.0,29,-36.29096835759347
0.75,0.0,30,-35.98496657458958
0.75,0.0,31,-34.196918183927636
0.75,0.0,32,-34.09984100482117
0.75,0.0,33,-31.62542780962356
0.75,0.0,34,-30.87169282436028
0.75,0.0,35,-28.866157540190542
0.75,0.0,36,-26.233816303279
0.75,0.0,37,-25.561830682300126
0.75,0.0,38,-21.19557138164096
0.75,0.0,39,-21.063058663126697
0.75,0.0,40,-14.967428205641767
0.75,0.0,41,-7.799797265451005
0.75,0.0,42,-7.532287636148638
0.75,0.0,43,-5.926082545629271
0.75,0.0,44,-4.694906537094724
0.75,0.0,45,-4.430079054793822
0.75,0.0,46,-3.5100726570673118
0.75,0.0,47,-2.9497890790439527
0.75,0.0,48,-2.141079412718284
0.75,0.0,49,-1.2940494555219715
0.75,0.0,50,-0.2848006698568213
0.75,0.0,51,0.7987779680408948
0.75,0.0,52,2.0466366606481756
0.75,0.0,53,3.3417660469068124
0.75,0.0,54,4.748729297896588
0.75,0.0,55,6.277791680416001
0.75,0.0,56,7.911843897893419
0.75,0.0,57,9.621744519924519
0.75,0.0,58,11.403377696839271
0.75,0.0,59,13.273705645835093
0.75,0.0,60,15.16872178125098
0.75,0.0,61,16.943576806975294
0.75,0.0,62,16.97586081272879
0.75,0.0,63,17.047321443141843
0.75,0.0,64,18.4440559043899
0.75,0.0,65,18.729179366826298
0.75,0.0,66,18.79233373528806
0.75,0.0,67,19.46473602608016
0.75,0.0,68,19.702664684226733
0.75,0.0,69,20.06065768107969
0.75,0.0,70,20.495479442675276
0.75,0.0,71,20.77491311033681
0.75,0.0,72,21.095505886821798
0.75,0.0,73,21.30621729358647
0.75,0.0,74,21.730622760033892
0.75,0.0,75,21.80430542639926
0.75,0.0,76,22.287640569779413
0.75,0.0,77,22.89323270946484
0.75,0.0,78,22.926132869839588
0.75,0.0,79,25.331761722669327
0.75,0.0,80,31.46262281694227
0.75,0.0,81,33.071650596767334
0.75,0.0,82,35.869460170388784
0.75,0.0,83,36.37874422492306
0.75,0.0,84,37.97593035826149
0.75,0.0,85,39.85332025743335
0.75,0.0,86,40.433376864725396
0.75,0.0,87,42.140953917759845
0.75,0.0,88,42.456347397263414
0.75,0.0,89,43.801353737837
0.75,0.0,90,44.96168520118841
0.75,0.0,91,45.63108606225416
0.75,0.0,92,46.76946823356993
0.75,0.0,93,47.31328585750866
0.75,0.0,94,48.27976885388892
0.75,0.0,95,49.279144085831504
0.75,0.0,96,50.42191240853294
0.75,0.0,97,51.194776130845725
0.75,0.0,98,51.59446942652656
0.75,0.0,99,52.40438281973317
0.75,0.0,100,53.25202614985777
0.75,0.0,101,53.81493675804202
0.75,0.0,102,54.50744139625121
0.75,0.0,103,56.77974964178253
0.75,0.0,104,59.077534081139106
0.75,0.0,105,61.53768118167225
0.75,0.0,106,64.16380607151638
0.75,0.0,107,65.55541596199791
0.75,0.0,108,67.16066515156785
0.75,0.0,109,69.0749639031755
0.75,0.0,110,70.9644016202715
0.75,0.0,111,72.40488914805147
0.75,0.0,112,74.62053595947064
0.75,0.0,113,76.96218352869624
0.75,0.0,114,79.55525683216575
0.75,0.0,115,82.64363341108326
0.75,0.0,116,86.08088065275817
0.75,0.0,117,90.8864313507019
0.75,0.0,118,95.85361548389866
0.775,0.0,1,-93.5791419533297
0.775,0.0,2,-86.46211163921916
0.775,0.0,3,-81.51793665786812
0.775,0.0,4,-77.43088250932732
0.775,0.0,5,-74.87479164044598
0.775,0.0,6,-72.42298833905085
0.775,0.0,7,-68.93359036217524
0.775,0.0,8,-66.53767682027268
0.775,0.0,9,-64.8083971587676
0.775,0.0,10,-62.17136852917372
0.775,0.0,11,-60.05319930741226
0.775,0.0,12,-57.95400561878992
0.775,0.0,13,-55.283167466582995
0.775,0.0,14,-54.145062792134325
0.775,0.0,15,-52.02981368616943
0.775,0.0,16,-50.266801967830304
0.775,0.0,17,-48.54925917744973
0.775,0.0,18,-47.65959108431565
0.775,0.0,19,-45.43100481841813
0.775,0.0,20,-44.48662152465576
0.775,0.0,21,-43.27417156267603
0.775,0.0,22,-41.58353755934263
0.775,0.0,23,-40.74051874894948
0.775,0.0,24,-39.949036815112606
0.775,0.0,25,-38.63925812805698
0.775,0.0,26,-37.86575073446161
0.775,0.0,27,-37.397319100903445
0.775,0.0,28,-36.68371872179449
0.775,0.0,29,-36.30556614248769
0.775,0.0,30,-35.96120949088365
0.775,0.0,31,-34.19336585344282
0.775,0.0,32,-34.10833826135069
0.775,0.0,33,-31.616329907837667
0.775,0.0,34,-30.87243638544669
0.775,0.0,35,-28.870797648730445
0.775,0.0,36,-26.233263725873755
0.775,0.0,37,-25.56064268586931
0.775,0.0,38,-21.195574800347487
0.775,0.0,39,-21.06347319209341
0.775,0.0,40,-14.96735566845635
0.775,0.0,41,-7.799716397947165
0.775,0.0,42,-7.532343988748181
0.775,0.0,43,-5.926306206343654
0.775,0.0,44,-4.690596637365616
0.775,0.0,45,-4.438319364764794
0.775,0.0,46,-3.488133534509373
0.775,0.0,47,-2.982229311745357
0.775,0.0,48,-2.115714901825797
0.775,0.0,49,-1.310230837998418
0.775,0.0,50,-0.2745997110975509
0.775,0.0,51,0.789815018937901
0.775,0.0,52,2.0544391956523356
0.775,0.0,53,3.3355460435386135
0.775,0.0,54,4.753007285984324
0.775,0.0,55,6.27535940977458
0.775,0.0,56,7.9128647358183315
0.775,0.0,57,9.621472259292105
0.775,0.0,58,11.403401155268924
0.775,0.0,59,13.273734976566985
0.775,0.0,60,15.168699742644506
0.775,0.0,61,16.944011701678736
0.775,0.0,62,16.977146257023573
0.775,0.0,63,17.045293129639838
0.775,0.0,64,18.447143015169118
0.775,0.0,65,18.729346629578103
0.775,0.0,66,18.788316562447005
0.775,0.0,67,19.46179103565906
0.775,0.0,68,19.709660119992137
0.775,0.0,69,20.061457447930152
0.775,0.0,70,20.47530597277978
0.775,0.0,71,20.816418691789394
0.775,0.0,72,21.053123024131523
0.775,0.0,73,21.32303045956445
0.775,0.0,74,21.755838728656347
0.775,0.0,75,21.77878832894674
0.775,0.0,76,22.288261774843477
0.775,0.0,77,22.89507496269857
0.775,0.0,78,22.92442106349755
0.775,0.0,79,25.33184038371691
0.775,0.0,80,31.4621340984079
0.775,0.0,81,33.071114454020865
0.775,0.0,82,35.87435545360534
0.775,0.0,83,36.379158298004796
0.775,0.0,84,37.96704805146269
0.775,0.0,85,39.86435283750784
0.775,0.0,86,40.42337893230938
0.775,0.0,87,42.14378526413589
0.775,0.0,88,42.46299894727849
0.775,0.0,89,43.80790591138569
0.775,0.0,90,44.92612984629937
0.775,0.0,91,45.63564375174105
0.775,0.0,92,46.878298749897816
0.775,0.0,93,47.21328771772456
0.775,0.0,94,48.25031137929008
0.775,0.0,95,49.36265804780793
0.775,0.0,96,50.36242875366695
0.775,0.0,97,51.23854681506909
0.775,0.0,98,51.51362123185685
0.775,0.0,99,52.457813895791595
0.775,0.0,100,53.34824994841715
0.775,0.0,101,53.72730960530808
0.775,0.0,102,54.49080569918198
0.775,0.0,103,56.78509083949394
0.775,0.0,104,59.08629517628585
0.775,0.0,105,61.49811712809179
0.775,0.0,106,64.21132588791727
0.775,0.0,107,65.58024398375562
0.775,0.0,108,67.1408297855456
0.775,0.0,109,69.05177832949872
0.775,0.0,110,70.9151191657943
0.775,0.0,111,72.46844106390424
0.775,0.0,112,74.59245498624196
0.775,0.0,113,76.99937234497442
0.775,0.0,114,79.53257223395288
0.775,0.0,115,82.64440945488539
0.775,0.0,116,86.08206918848684
0.775,0.0,117,90.88660092592174
0.775,0.0,118,95.85385776680587
0.8,0.0,1,-93.58041256800274
0.8,0.0,2,-86.45008130008716
0.8,0.0,3,-81.54963072272966
0.8,0.0,4,-77.40084250205285
0.8,0.0,5,-74.86534694160409
0.8,0.0,6,-72.42962049984322
0.8,0.0,7,-69.00917590150178
0.8,0.0,8,-66.43553389064573
0.8,0.0,9,-64.79590810102565
0.8,0.0,10,-62.275726805651715
0.8,0.0,11,-59.99557412240688
0.8,0.0,12,-57.95114897999241
0.8,0.0,13,-55.25764057056327
0.8,0.0,14,-54.210979030597656
0.8,0.0,15,-51.96091556154806
0.8,0.0,16,-50.31327394992607
0.8,0.0,17,-48.54907646881372
0.8,0.0,18,-47.638809109299785
0.8,0.0,19,-45.483512727962335
0.8,0.0,20,-44.43715884803706
0.8,0.0,21,-43.254973616322644
0.8,0.0,22,-41.64566086805337
0.8,0.0,23,-40.700822697528764
0.8,0.0,24,-39.923682919198654
0.8,0.0,25,-38.684580935129276
0.8,0.0,26,-37.87463477158724
0.8,0.0,27,-37.40106184085539
0.8,0.0,28,-36.6451865369834
0.8,0.0,29,-36.29096835759299
0.8,0.0,30,-35.984966574589464
0.8,0.0,31,-34.19691818392805
0.8,0.0,32,-34.09984100482103
0.8,0.0,33,-31.625427809623574
0.8,0.0,34,-30.87169282436099
0.8,0.0,35,-28.86615754019074
0.8,0.0,36,-26.233816303279198
0.8,0.0,37,-25.561830682300126
0.8,0.0,38,-21.19557138164093
0.8,0.0,39,-21.063058663126938
0.8,0.0,40,-14.967428205642008
0.8,0.0,41,-7.79979726545109
0.8,0.0,42,-7.532287636148652
0.8,0.0,43,-5.926082545629214
0.8,0.0,44,-4.694906537094695
0.8,0.0,45,-4.430079054793822
0.8,0.0,46,-3.510072657067255
0.8,0.0,47,-2.949789079043981
0.8,0.0,48,-2.141079412718298
0.8,0.0,49,-1.294049455521943
0.8,0.0,50,-0.2848006698568071
0.8,0.0,51,0.7987779680408522
0.8,0.0,52,2.046636660648204
0.8,0.0,53,3.3417660469067982
0.8,0.0,54,4.74872929789656
0.8,0.0,55,6.277791680416016
0.8,0.0,56,7.911843897893419
0.8,0.0,57,9.621744519924448
0.8,0.0,58,11.403377696839186
0.8,0.0,59,13.273705645835065
0.8,0.0,60,15.168721781251023
0.8,0.0,61,16.943576806975322
0.8,0.0,62,16.975860812728882
0.8,0.0,63,17.047321443141854
0.8,0.0,64,18.444055904389927
0.8,0.0,65,18.729179366826347
0.8,0.0,66,18.792333735288203
0.8,0.0,67,19.46473602608023
0.8,0.0,68,19.702664684226633
0.8,0.0,69,20.060657681079746
0.8,0.0,70,20.495479442675276
0.8,0.0,71,20.774913110336655
0.8,0.0,72,21.095505886821655
0.8,0.0,73,21.30621729358633
0.8,0.0,74,21.730622760033754
0.8,0.0,75,21.80430542639879
0.8,0.0,76,22.287640569779185
0.8,0.0,77,22.893232709464844
0.8,0.0,78,22.926132869839506
0.8,0.0,79,25.331761722669427
0.8,0.0,80,31.46262281694233
0.8,0.0,81,33.07165059676773
0.8,0.0,82,35.86946017038922
0.8,0.0,83,36.37874422492332
0.8,0.0,84,37.97593035826208
0.8,0.0,85,39.85332025743421
0.8,0.0,86,40.433376864725226
0.8,0.0,87,42.14095391776022
0.8,0.0,88,42.45634739726344
0.8,0.0,89,43.801353737836756
0.8,0.0,90,44.96168520118917
0.8,0.0,91,45.63108606225387
0.8,0.0,92,46.76946823357058
0.8,0.0,93,47.31328585750838
0.8,0.0,94,48.279768853888875
0.8,0.0,95,49.2791440858317
0.8,0.0,96,50.421912408533984
0.8,0.0,97,51.19477613084485
0.8,0.0,98,51.59446942652643
0.8,0.0,99,52.40438281973295
0.8,0.0,100,53.25202614985721
0.8,0.0,101,53.814936758042094
0.8,0.0,102,54.50744139625132
0.8,0.0,103,56.77974964178206
0.8,0.0,104,59.077534081138175
0.8,0.0,105,61.53768118167196
0.8,0.0,106,64.16380607151612
0.8,0.0,107,65.5554159619979
0.8,0.0,108,67.16066515156794
0.8,0.0,109,69.07496390317625
0.8,0.0,110,70.96440162027082
0.8,0.0,111,72.4048891480514
0.8,0.0,112,74.62053595947049
0.8,0.0,113,76.9621835286949
0.8,0.0,114,79.55525683216572
0.8,0.0,115,82.6436334110833
0.8,0.0,116,86.08088065275794
0.8,0.0,117,90.88643135070205
0.8,0.0,118,95.85361548389872
0.825,0.0,1,-93.57914195332967
0.825,0.0,2,-86.46211163921905
0.825,0.0,3,-81.51793665786849
0.825,0.0,4,-77.4308825093272
0.825,0.0,5,-74.874791640446
0.825,0.0,6,-72.4229883390513
0.825,0.0,7,-68.93359036217493
0.825,0.0,8,-66.53767682027208
0.825,0.0,9,-64.80839715876817
0.825,0.0,10,-62.17136852917372
0.825,0.0,11,-60.05319930741297
0.825,0.0,12,-57.95400561878978
0.825,0.0,13,-55.283167466582285
0.825,0.0,14,-54.14506279213461
0.825,0.0,15,-52.029813686169035
0.825,0.0,16,-50.26680196782982
0.825,0.0,17,-48.5492591774493
0.825,0.0,18,-47.65959108431511
0.825,0.0,19,-45.431004818418046
0.825,0.0,20,-44.486621524656044
0.825,0.0,21,-43.27417156267575
0.825,0.0,22,-41.58353755934215
0.825,0.0,23,-40.7405187489492
0.825,0.0,24,-39.94903681511252
0.825,0.0,25,-38.639258128057065
0.825,0.0,26,-37.86575073446167
0.825,0.0,27,-37.39731910090333
0.825,0.0,28,-36.68371872179438
0.825,0.0,29,-36.30556614248752
0.825,0.0,30,-35.961209490883704
0.825,0.0,31,-34.19336585344317
0.825,0.0,32,-34.10833826135093
0.825,0.0,33,-31.616329907837752
0.825,0.0,34,-30.87243638544689
0.825,0.0,35,-28.870797648730488
0.825,0.0,36,-26.233263725873257
0.825,0.0,37,-25.560642685869396
0.825,0.0,38,-21.19557480034753
0.825,0.0,39,-21.063473192093653
0.825,0.0,40,-14.967355668456051
0.825,0.0,41,-7.799716397947066
0.825,0.0,42,-7.5323439887482095
0.825,0.0,43,-5.926306206343639
0.825,0.0,44,-4.690596637365616
0.825,0.0,45,-4.438319364764794
0.825,0.0,46,-3.4881335345093163
0.825,0.0,47,-2.9822293117453
0.825,0.0,48,-2.115714901825797
0.825,0.0,49,-1.3102308379984038
0.825,0.0,50,-0.27459971109753667
0.825,0.0,51,0.7898150189378583
0.825,0.0,52,2.05443919565235
0.825,0.0,53,3.3355460435385993
0.825,0.0,54,4.753007285984353
0.825,0.0,55,6.275359409774595
0.825,0.0,56,7.912864735818388
0.825,0.0,57,9.62147225929209
0.825,0.0,58,11.403401155268895
0.825,0.0,59,13.27373497656697
0.825,0.0,60,15.168699742644591
0.825,0.0,61,16.94401170167876
0.825,0.0,62,16.977146257023772
0.825,0.0,63,17.045293129639866
0.825,0.0,64,18.44714301516916
0.825,0.0,65,18.72934662957809
0.825,0.0,66,18.788316562446962
0.825,0.0,67,19.461791035659033
0.825,0.0,68,19.70966011999205
0.825,0.0,69,20.061457447930167
0.825,0.0,70,20.475305972779836
0.825,0.0,71,20.816418691789323
0.825,0.0,72,21.05312302413158
0.825,0.0,73,21.323030459564336
0.825,0.0,74,21.75583872865621
0.825,0.0,75,21.778788328946792
0.825,0.0,76,22.28826177484325
0.825,0.0,77,22.89507496269851
0.825,0.0,78,22.924421063497565
0.825,0.0,79,25.331840383718045
0.825,0.0,80,31.462134098408214
0.825,0.0,81,33.071114454021995
0.825,0.0,82,35.87435545360549
0.825,0.0,83,36.379158298005386
0.825,0.0,84,37.967048051462825
0.825,0.0,85,39.86435283750761
0.825,0.0,86,40.423378932309724
0.825,0.0,87,42.143785264136
0.825,0.0,88,42.46299894727834
0.825,0.0,89,43.80790591138538
0.825,0.0,90,44.92612984629961
0.825,0.0,91,45.635643751741455
0.825,0.0,92,46.87829874989779
0.825,0.0,93,47.21328771772472
0.825,0.0,94,48.25031137929006
0.825,0.0,95,49.36265804780862
0.825,0.0,96,50.362428753667245
0.825,0.0,97,51.238546815069284
0.825,0.0,98,51.51362123185621
0.825,0.0,99,52.457813895791425
0.825,0.0,100,53.34824994841684
0.825,0.0,101,53.727309605307994
0.825,0.0,102,54.490805699181806
0.825,0.0,103,56.785090839494565
0.825,0.0,104,59.086295176286356
0.825,0.0,105,61.49811712809227
0.825,0.0,106,64.2113258879168
0.825,0.0,107,65.58024398375537
0.825,0.0,108,67.14082978554592
0.825,0.0,109,69.05177832949798
0.825,0.0,110,70.91511916579367
0.825,0.0,111,72.46844106390478
0.825,0.0,112,74.59245498624134
0.825,0.0,113,76.9993723449741
0.825,0.0,114,79.53257223395248
0.825,0.0,115,82.64440945488546
0.825,0.0,116,86.08206918848673
0.825,0.0,117,90.88660092592157
0.825,0.0,118,95.85385776680576
0.85,0.0,1,-93.58041256800263
0.85,0.0,2,-86.45008130008804
0.85,0.0,3,-81.5496307227302
0.85,0.0,4,-77.4008425020526
0.85,0.0,5,-74.86534694160449
0.85,0.0,6,-72.42962049984382
0.85,0.0,7,-69.00917590150232
0.85,0.0,8,-66.43553389064618
0.85,0.0,9,-64.79590810102556
0.85,0.0,10,-62.2757268056516
0.85,0.0,11,-59.995574122406566
0.85,0.0,12,-57.95114897999247
0.85,0.0,13,-55.25764057056392
0.85,0.0,14,-54.21097903059794
0.85,0.0,15,-51.960915561547836
0.85,0.0,16,-50.31327394992502
0.85,0.0,17,-48.549076468814405
0.85,0.0,18,-47.63880910930047
0.85,0.0,19,-45.48351272796154
0.85,0.0,20,-44.43715884803842
0.85,0.0,21,-43.254973616322076
0.85,0.0,22,-41.64566086805223
0.85,0.0,23,-40.70082269752834
0.85,0.0,24,-39.92368291919874
0.85,0.0,25,-38.684580935129276
0.85,0.0,26,-37.8746347715867
0.85,0.0,27,-37.4010618408567
0.85,0.0,28,-36.645186536983516
0.85,0.0,29,-36.29096835759316
0.85,0.0,30,-35.984966574590004
0.85,0.0,31,-34.19691818392767
0.85,0.0,32,-34.09984100482113
0.85,0.0,33,-31.62542780962326
0.85,0.0,34,-30.871692824359982
0.85,0.0,35,-28.866157540190372
0.85,0.0,36,-26.233816303279298
0.85,0.0,37,-25.561830682300155
0.85,0.0,38,-21.195571381640747
0.85,0.0,39,-21.063058663126597
0.85,0.0,40,-14.967428205641951
0.85,0.0,41,-7.799797265450962
0.85,0.0,42,-7.532287636148553
0.85,0.0,43,-5.926082545629299
0.85,0.0,44,-4.69490653709471
0.85,0.0,45,-4.430079054793794
0.85,0.0,46,-3.5100726570672833
0.85,0.0,47,-2.949789079043967
0.85,0.0,48,-2.1410794127182413
0.85,0.0,49,-1.2940494555219288
0.85,0.0,50,-0.28480066985679287
0.85,0.0,51,0.7987779680408948
0.85,0.0,52,2.04663666064819
0.85,0.0,53,3.3417660469068267
0.85,0.0,54,4.748729297896617
0.85,0.0,55,6.277791680416101
0.85,0.0,56,7.911843897893419
0.85,0.0,57,9.621744519924476
0.85,0.0,58,11.403377696839286
0.85,0.0,59,13.273705645835037
0.85,0.0,60,15.168721781250909
0.85,0.0,61,16.9435768069753
0.85,0.0,62,16.97586081272878
0.85,0.0,63,17.047321443141783
0.85,0.0,64,18.444055904389955
0.85,0.0,65,18.729179366826376
0.85,0.0,66,18.792333735288118
0.85,0.0,67,19.46473602608019
0.85,0.0,68,19.70266468422669
0.85,0.0,69,20.060657681079817
0.85,0.0,70,20.49547944267529
0.85,0.0,71,20.774913110336414
0.85,0.0,72,21.095505886821883
0.85,0.0,73,21.306217293586556
0.85,0.0,74,21.73062276003387
0.85,0.0,75,21.804305426399008
0.85,0.0,76,22.287640569779214
0.85,0.0,77,22.893232709464975
0.85,0.0,78,22.926132869839915
0.85,0.0,79,25.331761722669356
0.85,0.0,80,31.462622816942286
0.85,0.0,81,33.071650596767675
0.85,0.0,82,35.86946017038893
0.85,0.0,83,36.37874422492295
0.85,0.0,84,37.97593035826139
0.85,0.0,85,39.853320257433616
0.85,0.0,86,40.43337686472584
0.85,0.0,87,42.140953917760044
0.85,0.0,88,42.456347397263215
0.85,0.0,89,43.80135373783666
0.85,0.0,90,44.96168520118801
0.85,0.0,91,45.631086062253864
0.85,0.0,92,46.76946823357034
0.85,0.0,93,47.31328585750872
0.85,0.0,94,48.27976885388901
0.85,0.0,95,49.27914408583194
0.85,0.0,96,50.42191240853382
0.85,0.0,97,51.19477613084591
0.85,0.0,98,51.594469426526345
0.85,0.0,99,52.40438281973262
0.85,0.0,100,53.25202614985775
0.85,0.0,101,53.814936758041014
0.85,0.0,102,54.5074413962501
0.85,0.0,103,56.77974964178207
0.85,0.0,104,59.07753408113926
0.85,0.0,105,61.53768118167218
0.85,0.0,106,64.1638060715168
0.85,0.0,107,65.55541596199856
0.85,0.0,108,67.16066515156818
0.85,0.0,109,69.0749639031762
0.85,0.0,110,70.96440162027099
0.85,0.0,111,72.40488914805127
0.85,0.0,112,74.62053595947128
0.85,0.0,113,76.96218352869596
0.85,0.0,114,79.5552568321663
0.85,0.0,115,82.64363341108297
0.85,0.0,116,86.08088065275844
0.85,0.0,117,90.88643135070163
0.85,0.0,118,95.8536154838987
0.875,0.0,1,-93.57914195332955
0.875,0.0,2,-86.4621116392189
0.875,0.0,3,-81.51793665786826
0.875,0.0,4,-77.43088250932746
0.875,0.0,5,-74.87479164044603
0.875,0.0,6,-72.42298833905093
0.875,0.0,7,-68.93359036217558
0.875,0.0,8,-66.53767682027265
0.875,0.0,9,-64.80839715876803
0.875,0.0,10,-62.17136852917352
0.875,0.0,11,-60.05319930741237
0.875,0.0,12,-57.95400561878998
0.875,0.0,13,-55.28316746658285
0.875,0.0,14,-54.14506279213407
0.875,0.0,15,-52.02981368616901
0.875,0.0,16,-50.266801967830276
0.875,0.0,17,-48.54925917744973
0.875,0.0,18,-47.65959108431545
0.875,0.0,19,-45.431004818417904
0.875,0.0,20,-44.48662152465562
0.875,0.0,21,-43.274171562675235
0.875,0.0,22,-41.583537559342005
0.875,0.0,23,-40.74051874894951
0.875,0.0,24,-39.94903681511252
0.875,0.0,25,-38.63925812805718
0.875,0.0,26,-37.86575073446173
0.875,0.0,27,-37.3973191009033
0.875,0.0,28,-36.68371872179452
0.875,0.0,29,-36.30556614248789
0.875,0.0,30,-35.96120949088365
0.875,0.0,31,-34.19336585344298
0.875,0.0,32,-34.1083382613507
0.875,0.0,33,-31.616329907837695
0.875,0.0,34,-30.87243638544679
0.875,0.0,35,-28.870797648730488
0.875,0.0,36,-26.23326372587377
0.875,0.0,37,-25.56064268586934
0.875,0.0,38,-21.195574800347714
0.875,0.0,39,-21.063473192093525
0.875,0.0,40,-14.967355668456634
0.875,0.0,41,-7.799716397947051
0.875,0.0,42,-7.5323439887482095
0.875,0.0,43,-5.926306206343639
0.875,0.0,44,-4.69059663736563
0.875,0.0,45,-4.438319364764766
0.875,0.0,46,-3.4881335345093163
0.875,0.0,47,-2.9822293117453142
0.875,0.0,48,-2.1157149018257826
0.875,0.0,49,-1.3102308379984038
0.875,0.0,50,-0.2745997110975651
0.875,0.0,51,0.7898150189378583
0.875,0.0,52,2.0544391956523924
0.875,0.0,53,3.3355460435386277
0.875,0.0,54,4.753007285984367
0.875,0.0,55,6.275359409774623
0.875,0.0,56,7.912864735818346
0.875,0.0,57,9.62147225929212
0.875,0.0,58,11.403401155268895
0.875,0.0,59,13.273734976566942
0.875,0.0,60,15.168699742644648
0.875,0.0,61,16.944011701678782
0.875,0.0,62,16.977146257023623
0.875,0.0,63,17.045293129639845
0.875,0.0,64,18.447143015169104
0.875,0.0,65,18.72934662957812
0.875,0.0,66,18.788316562447058
0.875,0.0,67,19.46179103565909
0.875,0.0,68,19.709660119992265
0.875,0.0,69,20.061457447930124
0.875,0.0,70,20.47530597277992
0.875,0.0,71,20.81641869178931
0.875,0.0,72,21.053123024131608
0.875,0.0,73,21.323030459564222
0.875,0.0,74,21.755838728656453
0.875,0.0,75,21.77878832894685
0.875,0.0,76,22.28826177484349
0.875,0.0,77,22.89507496269871
0.875,0.0,78,22.924421063497608
0.875,0.0,79,25.331840383717292
0.875,0.0,80,31.4621340984079
0.875,0.0,81,33.071114454021355
0.875,0.0,82,35.87435545360535
0.875,0.0,83,36.37915829800504
0.875,0.0,84,37.96704805146299
0.875,0.0,85,39.864352837507504
0.875,0.0,86,40.423378932309504
0.875,0.0,87,42.14378526413596
0.875,0.0,88,42.46299894727842
0.875,0.0,89,43.80790591138566
0.875,0.0,90,44.92612984629952
0.875,0.0,91,45.63564375174173
0.875,0.0,92,46.87829874989816
0.875,0.0,93,47.213287717724846
0.875,0.0,94,48.25031137929012
0.875,0.0,95,49.362658047808075
0.875,0.0,96,50.362428753667345
0.875,0.0,97,51.23854681506928
0.875,0.0,98,51.51362123185613
0.875,0.0,99,52.457813895791425
0.875,0.0,100,53.34824994841688
0.875,0.0,101,53.727309605308044
0.875,0.0,102,54.49080569918169
0.875,0.0,103,56.78509083949426
0.875,0.0,104,59.08629517628614
0.875,0.0,105,61.49811712809246
0.875,0.0,106,64.21132588791579
0.875,0.0,107,65.58024398375574
0.875,0.0,108,67.14082978554589
0.875,0.0,109,69.05177832949761
0.875,0.0,110,70.91511916579425
0.875,0.0,111,72.46844106390441
0.875,0.0,112,74.59245498624153
0.875,0.0,113,76.9993723449741
0.875,0.0,114,79.53257223395255
0.875,0.0,115,82.64440945488501
0.875,0.0,116,86.08206918848693
0.875,0.0,117,90.88660092592188
0.875,0.0,118,95.85385776680579
0.9,0.0,1,-93.58041256800189
0.9,0.0,2,-86.45008130008671
0.9,0.0,3,-81.54963072272912
0.9,0.0,4,-77.40084250205228
0.9,0.0,5,-74.86534694160397
0.9,0.0,6,-72.42962049984263
0.9,0.0,7,-69.00917590150158
0.9,0.0,8,-66.4355338906455
0.9,0.0,9,-64.79590810102528
0.9,0.0,10,-62.2757268056514
0.9,0.0,11,-59.995574122406424
0.9,0.0,12,-57.951148979992354
0.9,0.0,13,-55.25764057056307
0.9,0.0,14,-54.21097903059814
0.9,0.0,15,-51.96091556154792
0.9,0.0,16,-50.3132739499257
0.9,0.0,17,-48.54907646881347
0.9,0.0,18,-47.638809109299814
0.9,0.0,19,-45.48351272796137
0.9,0.0,20,-44.43715884803743
0.9,0.0,21,-43.25497361632233
0.9,0.0,22,-41.645660868052715
0.9,0.0,23,-40.70082269752916
0.9,0.0,24,-39.92368291919877
0.9,0.0,25,-38.68458093512905
0.9,0.0,26,-37.874634771587466
0.9,0.0,27,-37.401061840855675
0.9,0.0,28,-36.64518653698332
0.9,0.0,29,-36.290968357592845
0.9,0.0,30,-35.98496657458938
0.9,0.0,31,-34.19691818392784
0.9,0.0,32,-34.09984100482111
0.9,0.0,33,-31.625427809623687
0.9,0.0,34,-30.87169282436082
0.9,0.0,35,-28.866157540191054
0.9,0.0,36,-26.23381630327914
0.9,0.0,37,-25.561830682300467
0.9,0.0,38,-21.19557138164099
0.9,0.0,39,-21.063058663126824
0.9,0.0,40,-14.96742820564198
0.9,0.0,41,-7.799797265451019
0.9,0.0,42,-7.532287636148666
0.9,0.0,43,-5.9260825456292
0.9,0.0,44,-4.694906537094724
0.9,0.0,45,-4.430079054793779
0.9,0.0,46,-3.510072657067326
0.9,0.0,47,-2.9497890790439527
0.9,0.0,48,-2.1410794127182697
0.9,0.0,49,-1.2940494555219715
0.9,0.0,50,-0.2848006698568071
0.9,0.0,51,0.7987779680408806
0.9,0.0,52,2.0466366606482325
0.9,0.0,53,3.3417660469068267
0.9,0.0,54,4.748729297896574
0.9,0.0,55,6.277791680415973
0.9,0.0,56,7.9118438978933625
0.9,0.0,57,9.621744519924519
0.9,0.0,58,11.403377696839073
0.9,0.0,59,13.27370564583505
0.9,0.0,60,15.16872178125098
0.9,0.0,61,16.943576806975305
0.9,0.0,62,16.975860812728904
0.9,0.0,63,17.047321443141826
0.9,0.0,64,18.4440559043898
0.9,0.0,65,18.729179366826262
0.9,0.0,66,18.792333735288356
0.9,0.0,67,19.464736026080317
0.9,0.0,68,19.70266468422669
0.9,0.0,69,20.06065768107986
0.9,0.0,70,20.495479442675276
0.9,0.0,71,20.7749131103366
0.9,0.0,72,21.09550588682167
0.9,0.0,73,21.306217293586585
0.9,0.0,74,21.730622760033807
0.9,0.0,75,21.804305426398987
0.9,0.0,76,22.287640569779313
0.9,0.0,77,22.893232709464833
0.9,0.0,78,22.92613286983936
0.9,0.0,79,25.331761722669384
0.9,0.0,80,31.46262281694274
0.9,0.0,81,33.071650596767626
0.9,0.0,82,35.869460170389054
0.9,0.0,83,36.3787442249233
0.9,0.0,84,37.975930358261785
0.9,0.0,85,39.85332025743354
0.9,0.0,86,40.43337686472568
0.9,0.0,87,42.140953917760825
0.9,0.0,88,42.45634739726393
0.9,0.0,89,43.80135373783758
0.9,0.0,90,44.961685201188764
0.9,0.0,91,45.63108606225418
0.9,0.0,92,46.769468233570414
0.9,0.0,93,47.3132858575085
0.9,0.0,94,48.27976885388896
0.9,0.0,95,49.27914408583135
0.9,0.0,96,50.421912408533245
0.9,0.0,97,51.19477613084547
0.9,0.0,98,51.59446942652586
0.9,0.0,99,52.404382819733215
0.9,0.0,100,53.25202614985738
0.9,0.0,101,53.81493675804079
0.9,0.0,102,54.507441396251565
0.9,0.0,103,56.77974964178204
0.9,0.0,104,59.07753408113841
0.9,0.0,105,61.53768118167312
0.9,0.0,106,64.16380607151632
0.9,0.0,107,65.55541596199848
0.9,0.0,108,67.16066515156767
0.9,0.0,109,69.07496390317608
0.9,0.0,110,70.96440162027156
0.9,0.0,111,72.40488914805165
0.9,0.0,112,74.62053595947033
0.9,0.0,113,76.96218352869485
0.9,0.0,114,79.55525683216592
0.9,0.0,115,82.64363341108304
0.9,0.0,116,86.08088065275696
0.9,0.0,117,90.88643135070201
0.9,0.0,118,95.85361548389864
0.925,0.0,1,-93.57914195332935
0.925,0.0,2,-86.46211163921896
0.925,0.0,3,-81.51793665786812
0.925,0.0,4,-77.43088250932703
0.925,0.0,5,-74.87479164044572
0.925,0.0,6,-72.42298833905073
0.925,0.0,7,-68.9335903621751
0.925,0.0,8,-66.53767682027234
0.925,0.0,9,-64.80839715876812
0.925,0.0,10,-62.17136852917372
0.925,0.0,11,-60.053199307412626
0.925,0.0,12,-57.95400561879006
0.925,0.0,13,-55.28316746658268
0.925,0.0,14,-54.14506279213367
0.925,0.0,15,-52.02981368616915
0.925,0.0,16,-50.26680196783042
0.925,0.0,17,-48.549259177449585
0.925,0.0,18,-47.65959108431525
0.925,0.0,19,-45.431004818418245
0.925,0.0,20,-44.48662152465573
0.925,0.0,21,-43.27417156267535
0.925,0.0,22,-41.583537559342346
0.925,0.0,23,-40.74051874894931
0.925,0.0,24,-39.949036815112635
0.925,0.0,25,-38.63925812805698
0.925,0.0,26,-37.86575073446167
0.925,0.0,27,-37.397319100903474
0.925,0.0,28,-36.68371872179418
0.925,0.0,29,-36.30556614248766
0.925,0.0,30,-35.961209490883675
0.925,0.0,31,-34.19336585344298
0.925,0.0,32,-34.10833826135078
0.925,0.0,33,-31.61632990783781
0.925,0.0,34,-30.87243638544669
0.925,0.0,35,-28.870797648730544
0.925,0.0,36,-26.23326372587364
0.925,0.0,37,-25.560642685869396
0.925,0.0,38,-21.195574800347458
0.925,0.0,39,-21.063473192093582
0.925,0.0,40,-14.967355668456165
0.925,0.0,41,-7.79971639794708
0.925,0.0,42,-7.532343988748238
0.925,0.0,43,-5.926306206343625
0.925,0.0,44,-4.690596637365644
0.925,0.0,45,-4.438319364764823
0.925,0.0,46,-3.488133534509373
0.925,0.0,47,-2.982229311745357
0.925,0.0,48,-2.1157149018258252
0.925,0.0,49,-1.3102308379984606
0.925,0.0,50,-0.2745997110975651
0.925,0.0,51,0.7898150189378583
0.925,0.0,52,2.054439195652364
0.925,0.0,53,3.3355460435385993
0.925,0.0,54,4.753007285984339
0.925,0.0,55,6.275359409774595
0.925,0.0,56,7.912864735818388
0.925,0.0,57,9.62147225929212
0.925,0.0,58,11.403401155268867
0.925,0.0,59,13.273734976567027
0.925,0.0,60,15.168699742644606
0.925,0.0,61,16.94401170167877
0.925,0.0,62,16.9771462570237
0.925,0.0,63,17.045293129639827
0.925,0.0,64,18.447143015169146
0.925,0.0,65,18.729346629578156
0.925,0.0,66,18.788316562447044
0.925,0.0,67,19.461791035659047
0.925,0.0,68,19.70966011999215
0.925,0.0,69,20.061457447930152
0.925,0.0,70,20.47530597277985
0.925,0.0,71,20.81641869178941
0.925,0.0,72,21.053123024131494
0.925,0.0,73,21.323030459564322
0.925,0.0,74,21.75583872865639
0.925,0.0,75,21.77878832894695
0.925,0.0,76,22.288261774843406
0.925,0.0,77,22.89507496269857
0.925,0.0,78,22.92442106349758
0.925,0.0,79,25.331840383717207
0.925,0.0,80,31.462134098408058
0.925,0.0,81,33.0711144540212
0.925,0.0,82,35.8743554536054
0.925,0.0,83,36.37915829800486
0.925,0.0,84,37.96704805146267
0.925,0.0,85,39.86435283750776
0.925,0.0,86,40.423378932309475
0.925,0.0,87,42.143785264135936
0.925,0.0,88,42.462998947278244
0.925,0.0,89,43.80790591138539
0.925,0.0,90,44.92612984629934
0.925,0.0,91,45.63564375174143
0.925,0.0,92,46.878298749898114
0.925,0.0,93,47.213287717724754
0.925,0.0,94,48.25031137929032
0.925,0.0,95,49.3626580478083
0.925,0.0,96,50.36242875366711
0.925,0.0,97,51.23854681506949
0.925,0.0,98,51.51362123185691
0.925,0.0,99,52.45781389579157
0.925,0.0,100,53.34824994841745
0.925,0.0,101,53.72730960530815
0.925,0.0,102,54.49080569918161
0.925,0.0,103,56.785090839494764
0.925,0.0,104,59.0862951762859
0.925,0.0,105,61.498117128092176
0.925,0.0,106,64.211325887916
0.925,0.0,107,65.58024398375598
0.925,0.0,108,67.14082978554534
0.925,0.0,109,69.05177832949813
0.925,0.0,110,70.91511916579404
0.925,0.0,111,72.46844106390502
0.925,0.0,112,74.59245498624165
0.925,0.0,113,76.99937234497438
0.925,0.0,114,79.53257223395269
0.925,0.0,115,82.64440945488552
0.925,0.0,116,86.08206918848678
0.925,0.0,117,90.88660092592225
0.925,0.0,118,95.85385776680576
0.95,0.0,1,-93.58041256800223
0.95,0.0,2,-86.45008130008725
0.95,0.0,3,-81.54963072272977
0.95,0.0,4,-77.40084250205248
0.95,0.0,5,-74.8653469416044
0.95,0.0,6,-72.42962049984348
0.95,0.0,7,-69.00917590150209
0.95,0.0,8,-66.43553389064581
0.95,0.0,9,-64.79590810102559
0.95,0.0,10,-62.27572680565157
0.95,0.0,11,-59.995574122407106
0.95,0.0,12,-57.95114897999221
0.95,0.0,13,-55.25764057056327
0.95,0.0,14,-54.210979030598565
0.95,0.0,15,-51.960915561548035
0.95,0.0,16,-50.31327394992553
0.95,0.0,17,-48.54907646881415
0.95,0.0,18,-47.63880910929987
0.95,0.0,19,-45.483512727961255
0.95,0.0,20,-44.43715884803771
0.95,0.0,21,-43.254973616322275
0.95,0.0,22,-41.64566086805249
0.95,0.0,23,-40.70082269752888
0.95,0.0,24,-39.923682919198455
0.95,0.0,25,-38.68458093512922
0.95,0.0,26,-37.87463477158761
0.95,0.0,27,-37.4010618408559
0.95,0.0,28,-36.645186536983175
0.95,0.0,29,-36.290968357592675
0.95,0.0,30,-35.98496657458949
0.95,0.0,31,-34.19691818392776
0.95,0.0,32,-34.099841004821386
0.95,0.0,33,-31.625427809623545
0.95,0.0,34,-30.871692824360892
0.95,0.0,35,-28.866157540190756
0.95,0.0,36,-26.233816303278957
0.95,0.0,37,-25.561830682300084
0.95,0.0,38,-21.19557138164086
0.95,0.0,39,-21.06305866312701
0.95,0.0,40,-14.967428205641795
0.95,0.0,41,-7.799797265451076
0.95,0.0,42,-7.532287636148695
0.95,0.0,43,-5.9260825456292
0.95,0.0,44,-4.694906537094681
0.95,0.0,45,-4.430079054793765
0.95,0.0,46,-3.5100726570673118
0.95,0.0,47,-2.9497890790439385
0.95,0.0,48,-2.1410794127182697
0.95,0.0,49,-1.2940494555219857
0.95,0.0,50,-0.2848006698568213
0.95,0.0,51,0.7987779680408664
0.95,0.0,52,2.04663666064819
0.95,0.0,53,3.341766046906784
0.95,0.0,54,4.748729297896574
0.95,0.0,55,6.277791680416044
0.95,0.0,56,7.911843897893348
0.95,0.0,57,9.621744519924434
0.95,0.0,58,11.403377696839144
0.95,0.0,59,13.27370564583505
0.95,0.0,60,15.168721781250937
0.95,0.0,61,16.943576806975333
0.95,0.0,62,16.975860812728826
0.95,0.0,63,17.047321443141865
0.95,0.0,64,18.44405590438997
0.95,0.0,65,18.729179366826326
0.95,0.0,66,18.792333735288185
0.95,0.0,67,19.464736026080146
0.95,0.0,68,19.702664684226605
0.95,0.0,69,20.060657681079746
0.95,0.0,70,20.49547944267519
0.95,0.0,71,20.774913110336627
0.95,0.0,72,21.095505886821698
0.95,0.0,73,21.30621729358657
0.95,0.0,74,21.730622760033793
0.95,0.0,75,21.804305426398845
0.95,0.0,76,22.287640569779285
0.95,0.0,77,22.89323270946467
0.95,0.0,78,22.9261328698397
0.95,0.0,79,25.331761722668915
0.95,0.0,80,31.462622816941973
0.95,0.0,81,33.071650596767505
0.95,0.0,82,35.86946017038922
0.95,0.0,83,36.37874422492316
0.95,0.0,84,37.97593035826147
0.95,0.0,85,39.85332025743376
0.95,0.0,86,40.43337686472507
0.95,0.0,87,42.14095391775995
0.95,0.0,88,42.45634739726326
0.95,0.0,89,43.80135373783696
0.95,0.0,90,44.961685201188686
0.95,0.0,91,45.63108606225385
0.95,0.0,92,46.769468233570464
0.95,0.0,93,47.31328585750862
0.95,0.0,94,48.279768853889315
0.95,0.0,95,49.27914408583189
0.95,0.0,96,50.42191240853389
0.95,0.0,97,51.19477613084504
0.95,0.0,98,51.59446942652678
0.95,0.0,99,52.40438281973307
0.95,0.0,100,53.2520261498578
0.95,0.0,101,53.81493675804202
0.95,0.0,102,54.507441396251785
0.95,0.0,103,56.779749641780974
0.95,0.0,104,59.07753408113883
0.95,0.0,105,61.53768118167374
0.95,0.0,106,64.16380607151578
0.95,0.0,107,65.55541596199825
0.95,0.0,108,67.16066515156851
0.95,0.0,109,69.07496390317738
0.95,0.0,110,70.96440162027098
0.95,0.0,111,72.40488914805198
0.95,0.0,112,74.62053595947157
0.95,0.0,113,76.96218352869586
0.95,0.0,114,79.55525683216595
0.95,0.0,115,82.64363341108313
0.95,0.0,116,86.08088065275756
0.95,0.0,117,90.88643135070166
0.95,0.0,118,95.85361548389857
0.975,0.0,1,-93.57914195332913
0.975,0.0,2,-86.46211163921862
0.975,0.0,3,-81.51793665786852
0.975,0.0,4,-77.43088250932678
0.975,0.0,5,-74.8747916404457
0.975,0.0,6,-72.42298833905093
0.975,0.0,7,-68.9335903621751
0.975,0.0,8,-66.53767682027194
0.975,0.0,9,-64.80839715876789
0.975,0.0,10,-62.17136852917341
0.975,0.0,11,-60.053199307412854
0.975,0.0,12,-57.95400561879029
0.975,0.0,13,-55.283167466582626
0.975,0.0,14,-54.14506279213359
0.975,0.0,15,-52.02981368616949
0.975,0.0,16,-50.26680196782988
0.975,0.0,17,-48.54925917744961
0.975,0.0,18,-47.659591084315196
0.975,0.0,19,-45.4310048184181
0.975,0.0,20,-44.48662152465596
0.975,0.0,21,-43.27417156267555
0.975,0.0,22,-41.583537559342034
0.975,0.0,23,-40.74051874894923
0.975,0.0,24,-39.94903681511241
0.975,0.0,25,-38.639258128057065
0.975,0.0,26,-37.86575073446204
0.975,0.0,27,-37.39731910090336
0.975,0.0,28,-36.68371872179404
0.975,0.0,29,-36.305566142487606
0.975,0.0,30,-35.96120949088342
0.975,0.0,31,-34.193365853443204
0.975,0.0,32,-34.10833826135083
0.975,0.0,33,-31.616329907837724
0.975,0.0,34,-30.87243638544686
0.975,0.0,35,-28.870797648730615
0.975,0.0,36,-26.233263725873513
0.975,0.0,37,-25.560642685869468
0.975,0.0,38,-21.19557480034773
0.975,0.0,39,-21.06347319209381
0.975,0.0,40,-14.967355668456477
0.975,0.0,41,-7.79971639794698
0.975,0.0,42,-7.532343988748252
0.975,0.0,43,-5.926306206343625
0.975,0.0,44,-4.690596637365644
0.975,0.0,45,-4.438319364764794
0.975,0.0,46,-3.4881335345093163
0.975,0.0,47,-2.9822293117453
0.975,0.0,48,-2.1157149018257826
0.975,0.0,49,-1.3102308379984038
0.975,0.0,50,-0.27459971109753667
0.975,0.0,51,0.789815018937901
0.975,0.0,52,2.054439195652378
0.975,0.0,53,3.3355460435386135
0.975,0.0,54,4.753007285984353
0.975,0.0,55,6.275359409774595
0.975,0.0,56,7.912864735818374
0.975,0.0,57,9.621472259292034
0.975,0.0,58,11.403401155268924
0.975,0.0,59,13.273734976566914
0.975,0.0,60,15.168699742644606
0.975,0.0,61,16.944011701678843
0.975,0.0,62,16.977146257023843
0.975,0.0,63,17.045293129639845
0.975,0.0,64,18.447143015169218
0.975,0.0,65,18.729346629578156
0.975,0.0,66,18.788316562447058
0.975,0.0,67,19.46179103565899
0.975,0.0,68,19.70966011999215
0.975,0.0,69,20.06145744793021
0.975,0.0,70,20.475305972779893
0.975,0.0,71,20.81641869178911
0.975,0.0,72,21.05312302413151
0.975,0.0,73,21.323030459564052
0.975,0.0,74,21.755838728656368
0.975,0.0,75,21.77878832894681
0.975,0.0,76,22.28826177484345
0.975,0.0,77,22.895074962698608
0.975,0.0,78,22.92442106349762
0.975,0.0,79,25.331840383717548
0.975,0.0,80,31.462134098407986
0.975,0.0,81,33.07111445402168
0.975,0.0,82,35.87435545360543
0.975,0.0,83,36.37915829800508
0.975,0.0,84,37.96704805146297
0.975,0.0,85,39.86435283750756
0.975,0.0,86,40.42337893230964
0.975,0.0,87,42.14378526413614
0.975,0.0,88,42.46299894727832
0.975,0.0,89,43.80790591138528
0.975,0.0,90,44.926129846299396
0.975,0.0,91,45.635643751742116
0.975,0.0,92,46.87829874989842
0.975,0.0,93,47.21328771772485
0.975,0.0,94,48.25031137929016
0.975,0.0,95,49.3626580478079
0.975,0.0,96,50.36242875366703
0.975,0.0,97,51.238546815069334
0.975,0.0,98,51.513621231855986
0.975,0.0,99,52.457813895791354
0.975,0.0,100,53.34824994841706
0.975,0.0,101,53.72730960530799
0.975,0.0,102,54.49080569918175
0.975,0.0,103,56.78509083949483
0.975,0.0,104,59.08629517628638
0.975,0.0,105,61.49811712809302
0.975,0.0,106,64.21132588791554
0.975,0.0,107,65.58024398375655
0.975,0.0,108,67.14082978554633
0.975,0.0,109,69.05177832949812
0.975,0.0,110,70.91511916579356
0.975,0.0,111,72.4684410639054
0.975,0.0,112,74.59245498624217
0.975,0.0,113,76.99937234497364
0.975,0.0,114,79.53257223395191
0.975,0.0,115,82.64440945488491
0.975,0.0,116,86.0820691884868
0.975,0.0,117,90.8866009259214
0.975,0.0,118,95.85385776680565
0.0,0.025,1,-93.61425594543998
0.0,0.025,2,-86.28832725439277
0.0,0.025,3,-81.0369530054294
0.0,0.025,4,-78.58214320753659
0.0,0.025,5,-74.39425671196555
0.0,0.025,6,-71.23791215706022
0.0,0.025,7,-70.30897678067795
0.0,0.025,8,-66.10916795071857
0.0,0.025,9,-64.40520518270715
0.0,0.025,10,-62.60932592459254
0.0,0.025,11,-59.83169072280434
0.0,0.025,12,-57.485011990701636
0.0,0.025,13,-56.266289595804395
0.0,0.025,14,-53.42273649135707
0.0,0.025,15,-51.8542894324908
0.0,0.025,16,-50.89414349195208
0.0,0.025,17,-48.16944656750745
0.0,0.025,18,-47.604673610151636
0.0,0.025,19,-45.9235553432478
0.0,0.025,20,-44.07513747074769
0.0,0.025,21,-43.14005797845853
0.0,0.025,22,-42.08375034607646
0.0,0.025,23,-40.378489661198
0.0,0.025,24,-39.86029258005071
0.0,0.025,25,-38.99372059948654
0.0,0.025,26,-37.69859382108824
0.0,0.025,27,-37.23461147668017
0.0,0.025,28,-36.82974374721924
0.0,0.025,29,-36.31058714348619
0.0,0.025,30,-35.912253022664274
0.0,0.025,31,-34.205879049159044
0.0,0.025,32,-34.096068457779154
0.0,0.025,33,-31.6213639061926
0.0,0.025,34,-30.873548282153152
0.0,0.025,35,-28.86048253820333
0.0,0.025,36,-26.230495972540155
0.0,0.025,37,-25.56080770271781
0.0,0.025,38,-21.1945857040688
0.0,0.025,39,-21.06464272084625
0.0,0.025,40,-14.96724188998644
0.0,0.025,41,-7.808937141644108
0.0,0.025,42,-7.531261290856065
0.0,0.025,43,-5.919039647700316
0.0,0.025,44,-4.636348508420454
0.0,0.025,45,-4.45447854560507
0.0,0.025,46,-3.545333425332444
0.0,0.025,47,-2.861482379440673
0.0,0.025,48,-2.1916327823853123
0.0,0.025,49,-1.2373031958110658
0.0,0.025,50,-0.3190486962775765
0.0,0.025,51,0.8600260077528361
0.0,0.025,52,2.026914603908594
0.0,0.025,53,3.3672209837579032
0.0,0.025,54,4.748169843524721
0.0,0.025,55,6.2808731306657535
0.0,0.025,56,7.90734602024223
0.0,0.025,57,9.62058149041431
0.0,0.025,58,11.409581542244325
0.0,0.025,59,13.271834079945137
0.0,0.025,60,15.179021146290708
0.0,0.025,61,16.944669109487567
0.0,0.025,62,16.972341482658905
0.0,0.025,63,17.044174013028908
0.0,0.025,64,18.428375015954913
0.0,0.025,65,18.69816473741158
0.0,0.025,66,18.75606539522537
0.0,0.025,67,19.398703459219035
0.0,0.025,68,19.646992203957396
0.0,0.025,69,20.112450388131805
0.0,0.025,70,20.486155821801532
0.0,0.025,71,20.811968789008887
0.0,0.025,72,21.09133697254984
0.0,0.025,73,21.32461631072458
0.0,0.025,74,21.742541459903464
0.0,0.025,75,21.833993145939303
0.0,0.025,76,22.28936030009291
0.0,0.025,77,22.857240083921695
0.0,0.025,78,22.92363962628058
0.0,0.025,79,25.331551185633657
0.0,0.025,80,31.463545919001817
0.0,0.025,81,33.06632113523428
0.0,0.025,82,35.86542513088509
0.0,0.025,83,36.39006981632325
0.0,0.025,84,38.009717149215
0.0,0.025,85,39.878463777417636
0.0,0.025,86,40.44283860479867
0.0,0.025,87,42.23712202490789
0.0,0.025,88,42.44667764704436
0.0,0.025,89,43.740173327927444
0.0,0.025,90,45.27670456997041
0.0,0.025,91,45.617467836410135
0.0,0.025,92,46.846161585367604
0.0,0.025,93,47.07328023727017
0.0,0.025,94,48.661952891853595
0.0,0.025,95,49.33336785931691
0.0,0.025,96,50.1054155552187
0.0,0.025,97,50.98757263394377
0.0,0.025,98,51.83050793305365
0.0,0.025,99,52.53205804314307
0.0,0.025,100,53.14369982441438
0.0,0.025,101,53.675193889532395
0.0,0.025,102,54.58468730822099
0.0,0.025,103,56.795138803512614
0.0,0.025,104,59.09938712971833
0.0,0.025,105,61.56681849001146
0.0,0.025,106,64.151017534142
0.0,0.025,107,65.6975307164276
0.0,0.025,108,66.78726945780159
0.0,0.025,109,69.30975223554732
0.0,0.025,110,70.75460662645142
0.0,0.025,111,72.44499280258526
0.0,0.025,112,74.7052204832295
0.0,0.025,113,76.80303396348984
0.0,0.025,114,79.6812435630979
0.0,0.025,115,82.63225903109738
0.0,0.025,116,86.26677229131637
0.0,0.025,117,91.27354473818883
0.0,0.025,118,96.79130710543207
0.025,0.025,1,-93.60970800315782
0.025,0.025,2,-86.28354424758298
0.025,0.025,3,-81.21448750593315
0.025,0.025,4,-78.17362354525564
0.025,0.025,5,-74.86510415932854
0.025,0.025,6,-71.39882643778883
0.025,0.025,7,-69.26889626625741
0.025,0.025,8,-67.47011975849158
0.025,0.025,9,-63.08122791165478
0.025,0.025,10,-62.69864471742552
0.025,0.025,11,-60.76989677492439
0.025,0.025,12,-57.181895151508016
0.025,0.025,13,-55.55593740246506
0.025,0.025,14,-54.41705760299864
0.025,0.025,15,-51.439757339024354
0.025,0.025,16,-50.596272847359714
0.025,0.025,17,-49.02249122542612
0.025,0.025,18,-47.007608744325566
0.025,0.025,19,-45.393081228762966
0.025,0.025,20,-45.07481963980216
0.025,0.025,21,-42.686957463805626
0.025,0.025,22,-41.59327020265137
0.025,0.025,23,-41.329705530496014
0.025,0.025,24,-39.3962531396641
0.025,0.025,25,-38.73381599532529
0.025,0.025,26,-38.254549993814905
0.025,0.025,27,-36.87106064027441
0.025,0.025,28,-36.74224426047359
0.025,0.025,29,-36.54550812817975
0.025,0.025,30,-35.88240185034731
0.025,0.025,31,-34.203315892053844
0.025,0.025,32,-34.0958453062198
0.025,0.025,33,-31.619711422472008
0.025,0.025,34,-30.87446479785828
0.025,0.025,35,-28.861283333912198
0.025,0.025,36,-26.230513781410906
0.025,0.025,37,-25.56044098375274
0.025,0.025,38,-21.194729356723784
0.025,0.025,39,-21.06447067900679
0.025,0.025,40,-14.967275408303792
0.025,0.025,41,-7.807588037268459
0.025,0.025,42,-7.533745166609776
0.025,0.025,43,-5.908784658574405
0.025,0.025,44,-4.769044021551849
0.025,0.025,45,-4.2463695651021
0.025,0.025,46,-3.6821527346939575
0.025,0.025,47,-2.8008258248308238
0.025,0.025,48,-2.1768487656367768
0.025,0.025,49,-1.286660342815651
0.025,0.025,50,-0.27711966352730144
0.025,0.025,51,0.8342826522531084
0.025,0.025,52,2.0439258394142854
0.025,0.025,53,3.355379591701066
0.025,0.025,54,4.755290199798935
0.025,0.025,55,6.277946208076344
0.025,0.025,56,7.908060983129559
0.025,0.025,57,9.620521580296327
0.025,0.025,58,11.40961903479166
0.025,0.025,59,13.271757286802568
0.025,0.025,60,15.179064345283123
0.025,0.025,61,16.946563159336634
0.025,0.025,62,16.972215583000697
0.025,0.025,63,17.041966087938412
0.025,0.025,64,18.432640703109698
0.025,0.025,65,18.697962079055493
0.025,0.025,66,18.751046858181578
0.025,0.025,67,19.396718906149516
0.025,0.025,68,19.65625655026527
0.025,0.025,69,20.094878309289683
0.025,0.025,70,20.505697138464186
0.025,0.025,71,20.83085827484051
0.025,0.025,72,21.026546674547404
0.025,0.025,73,21.385073113813547
0.025,0.025,74,21.694457469638735
0.025,0.025,75,21.860298920965164
0.025,0.025,76,22.288649658692037
0.025,0.025,77,22.85777454968094
0.025,0.025,78,22.92315775294069
0.025,0.025,79,25.33149175170732
0.025,0.025,80,31.46355772520573
0.025,0.025,81,33.06655018961187
0.025,0.025,82,35.86596180396
0.025,0.025,83,36.3906701926147
0.025,0.025,84,38.005888430571915
0.025,0.025,85,39.88850766353802
0.025,0.025,86,40.43222980797426
0.025,0.025,87,42.23672541257156
0.025,0.025,88,42.43695263422159
0.025,0.025,89,43.79844076425997
0.025,0.025,90,45.26570897236013
0.025,0.025,91,45.45610867470487
0.025,0.025,92,46.993025637762976
0.025,0.025,93,47.48311499218382
0.025,0.025,94,47.84262745251048
0.025,0.025,95,49.723687268565435
0.025,0.025,96,50.529679643006
0.025,0.025,97,50.907194370068
0.025,0.025,98,51.1626473574955
0.025,0.025,99,52.88599350737852
0.025,0.025,100,53.28486842025574
0.025,0.025,101,53.572341530622055
0.025,0.025,102,54.51296912962038
0.025,0.025,103,56.793841602284964
0.025,0.025,104,59.09610414886569
0.025,0.025,105,61.583519491965795
0.025,0.025,106,64.17990932458365
0.025,0.025,107,65.49351897239659
0.025,0.025,108,67.02008005628565
0.025,0.025,109,69.44559748515195
0.025,0.025,110,70.33050468098668
0.025,0.025,111,72.889028670575
0.025,0.025,112,74.35041622049765
0.025,0.025,113,76.99893821635538
0.025,0.025,114,79.59319404561117
0.025,0.025,115,82.66332231710001
0.025,0.025,116,86.25908866019851
0.025,0.025,117,91.27431600998028
0.025,0.025,118,96.79117223486935
0.05,0.025,1,-93.61425594544038
0.05,0.025,2,-86.28832725439317
0.05,0.025,3,-81.0369530054288
0.05,0.025,4,-78.58214320753684
0.05,0.025,5,-74.39425671196584
0.05,0.025,6,-71.23791215706036
0.05,0.025,7,-70.30897678067787
0.05,0.025,8,-66.109167950718
0.05,0.025,9,-64.40520518270681
0.05,0.025,10,-62.60932592459274
0.05,0.025,11,-59.83169072280434
0.05,0.025,12,-57.48501199070215
0.05,0.025,13,-56.2662895958036
0.05,0.025,14,-53.42273649135696
0.05,0.025,15,-51.854289432490944
0.05,0.025,16,-50.89414349195222
0.05,0.025,17,-48.16944656750813
0.05,0.025,18,-47.60467361015198
0.05,0.025,19,-45.92355534324888
0.05,0.025,20,-44.075137470748544
0.05,0.025,21,-43.14005797845867
0.05,0.025,22,-42.08375034607634
0.05,0.025,23,-40.37848966119809
0.05,0.025,24,-39.86029258005071
0.05,0.025,25,-38.993720599486906
0.05,0.025,26,-37.69859382108855
0.05,0.025,27,-37.2346114766804
0.05,0.025,28,-36.82974374721941
0.05,0.025,29,-36.31058714348565
0.05,0.025,30,-35.91225302266453
0.05,0.025,31,-34.205879049159115
0.05,0.025,32,-34.09606845777924
0.05,0.025,33,-31.6213639061926
0.05,0.025,34,-30.873548282152825
0.05,0.025,35,-28.860482538202817
0.05,0.025,36,-26.230495972540126
0.05,0.025,37,-25.560807702717597
0.05,0.025,38,-21.1945857040687
0.05,0.025,39,-21.06464272084621
0.05,0.025,40,-14.967241889986127
0.05,0.025,41,-7.808937141643852
0.05,0.025,42,-7.53126129085598
0.05,0.025,43,-5.919039647700288
0.05,0.025,44,-4.63634850842044
0.05,0.025,45,-4.45447854560507
0.05,0.025,46,-3.5453334253325295
0.05,0.025,47,-2.8614823794406448
0.05,0.025,48,-2.1916327823853123
0.05,0.025,49,-1.2373031958110232
0.05,0.025,50,-0.3190486962776049
0.05,0.025,51,0.8600260077528503
0.05,0.025,52,2.026914603908608
0.05,0.025,53,3.367220983757946
0.05,0.025,54,4.748169843524863
0.05,0.025,55,6.280873130665839
0.05,0.025,56,7.907346020242386
0.05,0.025,57,9.62058149041441
0.05,0.025,58,11.409581542244297
0.05,0.025,59,13.27183407994508
0.05,0.025,60,15.179021146290523
0.05,0.025,61,16.944669109487524
0.05,0.025,62,16.97234148265887
0.05,0.025,63,17.04417401302909
0.05,0.025,64,18.428375015955126
0.05,0.025,65,18.69816473741174
0.05,0.025,66,18.756065395225367
0.05,0.025,67,19.398703459219064
0.05,0.025,68,19.646992203957566
0.05,0.025,69,20.11245038813182
0.05,0.025,70,20.48615582180159
0.05,0.025,71,20.811968789009356
0.05,0.025,72,21.091336972549627
0.05,0.025,73,21.324616310724764
0.05,0.025,74,21.742541459904345
0.05,0.025,75,21.833993145939388
0.05,0.025,76,22.289360300092696
0.05,0.025,77,22.857240083921777
0.05,0.025,78,22.92363962628061
0.05,0.025,79,25.331551185633586
0.05,0.025,80,31.46354591900088
0.05,0.025,81,33.06632113523383
0.05,0.025,82,35.865425130884596
0.05,0.025,83,36.39006981632289
0.05,0.025,84,38.009717149214474
0.05,0.025,85,39.87846377741793
0.05,0.025,86,40.442838604797686
0.05,0.025,87,42.23712202490768
0.05,0.025,88,42.446677647043494
0.05,0.025,89,43.74017332792794
0.05,0.025,90,45.2767045699702
0.05,0.025,91,45.61746783640958
0.05,0.025,92,46.84616158536868
0.05,0.025,93,47.07328023727035
0.05,0.025,94,48.661952891853566
0.05,0.025,95,49.33336785931614
0.05,0.025,96,50.10541555521898
0.05,0.025,97,50.987572633944154
0.05,0.025,98,51.830507933053674
0.05,0.025,99,52.53205804314372
0.05,0.025,100,53.14369982441396
0.05,0.025,101,53.67519388953233
0.05,0.025,102,54.58468730822064
0.05,0.025,103,56.79513880351286
0.05,0.025,104,59.09938712971872
0.05,0.025,105,61.566818490011286
0.05,0.025,106,64.15101753414265
0.05,0.025,107,65.69753071642776
0.05,0.025,108,66.78726945780187
0.05,0.025,109,69.30975223554711
0.05,0.025,110,70.75460662645119
0.05,0.025,111,72.44499280258472
0.05,0.025,112,74.70522048322997
0.05,0.025,113,76.80303396349024
0.05,0.025,114,79.68124356309774
0.05,0.025,115,82.63225903109628
0.05,0.025,116,86.2667722913161
0.05,0.025,117,91.27354473818934
0.05,0.025,118,96.79130710543198
0.075,0.025,1,-93.60970800315779
0.075,0.025,2,-86.283544247584
0.075,0.025,3,-81.21448750593287
0.075,0.025,4,-78.17362354525581
0.075,0.025,5,-74.86510415932825
0.075,0.025,6,-71.39882643778894
0.075,0.025,7,-69.26889626625685
0.075,0.025,8,-67.47011975849138
0.075,0.025,9,-63.081227911655006
0.075,0.025,10,-62.69864471742592
0.075,0.025,11,-60.76989677492388
0.075,0.025,12,-57.18189515150691
0.075,0.025,13,-55.55593740246586
0.075,0.025,14,-54.41705760299864
0.075,0.025,15,-51.43975733902515
0.075,0.025,16,-50.59627284735926
0.075,0.025,17,-49.02249122542749
0.075,0.025,18,-47.007608744325964
0.075,0.025,19,-45.393081228763734
0.075,0.025,20,-45.07481963980182
0.075,0.025,21,-42.68695746380659
0.075,0.025,22,-41.593270202650544
0.075,0.025,23,-41.32970553049522
0.075,0.025,24,-39.396253139664154
0.075,0.025,25,-38.733815995324974
0.075,0.025,26,-38.25454999381468
0.075,0.025,27,-36.87106064027541
0.075,0.025,28,-36.742244260473164
0.075,0.025,29,-36.54550812817941
0.075,0.025,30,-35.88240185034688
0.075,0.025,31,-34.20331589205383
0.075,0.025,32,-34.095845306219545
0.075,0.025,33,-31.619711422472463
0.075,0.025,34,-30.874464797858863
0.075,0.025,35,-28.861283333912084
0.075,0.025,36,-26.230513781410906
0.075,0.025,37,-25.56044098375277
0.075,0.025,38,-21.19472935672418
0.075,0.025,39,-21.06447067900676
0.075,0.025,40,-14.967275408304246
0.075,0.025,41,-7.807588037268701
0.075,0.025,42,-7.533745166609904
0.075,0.025,43,-5.908784658574319
0.075,0.025,44,-4.76904402155192
0.075,0.025,45,-4.246369565102157
0.075,0.025,46,-3.6821527346939718
0.075,0.025,47,-2.800825824830838
0.075,0.025,48,-2.176848765636805
0.075,0.025,49,-1.2866603428156367
0.075,0.025,50,-0.277119663527273
0.075,0.025,51,0.8342826522530657
0.075,0.025,52,2.0439258394142428
0.075,0.025,53,3.3553795917010376
0.075,0.025,54,4.755290199798736
0.075,0.025,55,6.277946208076386
0.075,0.025,56,7.9080609831295305
0.075,0.025,57,9.620521580296241
0.075,0.025,58,11.409619034791532
0.075,0.025,59,13.271757286802398
0.075,0.025,60,15.179064345282967
0.075,0.025,61,16.946563159336655
0.075,0.025,62,16.972215583001105
0.075,0.025,63,17.04196608793869
0.075,0.025,64,18.432640703109556
0.075,0.025,65,18.69796207905549
0.075,0.025,66,18.751046858181823
0.075,0.025,67,19.396718906149644
0.075,0.025,68,19.65625655026534
0.075,0.025,69,20.094878309289683
0.075,0.025,70,20.505697138464342
0.075,0.025,71,20.83085827484058
0.075,0.025,72,21.026546674547234
0.075,0.025,73,21.38507311381379
0.075,0.025,74,21.69445746963862
0.075,0.025,75,21.86029892096441
0.075,0.025,76,22.288649658692194
0.075,0.025,77,22.85777454968047
0.075,0.025,78,22.923157752940423
0.075,0.025,79,25.33149175170766
0.075,0.025,80,31.46355772520627
0.075,0.025,81,33.06655018961201
0.075,0.025,82,35.86596180396006
0.075,0.025,83,36.39067019261463
0.075,0.025,84,38.00588843057199
0.075,0.025,85,39.88850766353792
0.075,0.025,86,40.43222980797448
0.075,0.025,87,42.236725412571765
0.075,0.025,88,42.43695263422174
0.075,0.025,89,43.798440764259446
0.075,0.025,90,45.265708972359946
0.075,0.025,91,45.4561086747048
0.075,0.025,92,46.993025637763104
0.075,0.025,93,47.48311499218462
0.075,0.025,94,47.84262745250945
0.075,0.025,95,49.723687268564646
0.075,0.025,96,50.52967964300635
0.075,0.025,97,50.907194370067764
0.075,0.025,98,51.16264735749475
0.075,0.025,99,52.88599350737722
0.075,0.025,100,53.28486842025603
0.075,0.025,101,53.57234153062128
0.075,0.025,102,54.51296912962035
0.075,0.025,103,56.79384160228502
0.075,0.025,104,59.09610414886544
0.075,0.025,105,61.583519491964914
0.075,0.025,106,64.17990932458378
0.075,0.025,107,65.49351897239505
0.075,0.025,108,67.02008005628443
0.075,0.025,109,69.44559748515275
0.075,0.025,110,70.33050468098732
0.075,0.025,111,72.88902867057442
0.075,0.025,112,74.35041622049788
0.075,0.025,113,76.99893821635345
0.075,0.025,114,79.59319404560993
0.075,0.025,115,82.66332231710005
0.075,0.025,116,86.25908866019677
0.075,0.025,117,91.2743160099791
0.075,0.025,118,96.791172234869
0.1,0.025,1,-93.61425594544058
0.1,0.025,2,-86.28832725439362
0.1,0.025,3,-81.03695300542863
0.1,0.025,4,-78.58214320753699
0.1,0.025,5,-74.39425671196595
0.1,0.025,6,-71.23791215706039
0.1,0.025,7,-70.30897678067795
0.1,0.025,8,-66.10916795071817
0.1,0.025,9,-64.4052051827065
0.1,0.025,10,-62.60932592459231
0.1,0.025,11,-59.831690722804254
0.1,0.025,12,-57.48501199070215
0.1,0.025,13,-56.26628959580306
0.1,0.025,14,-53.42273649135804
0.1,0.025,15,-51.85428943249106
0.1,0.025,16,-50.89414349195265
0.1,0.025,17,-48.16944656750856
0.1,0.025,18,-47.60467361015209
0.1,0.025,19,-45.92355534324862
0.1,0.025,20,-44.07513747074857
0.1,0.025,21,-43.14005797845921
0.1,0.025,22,-42.083750346075945
0.1,0.025,23,-40.378489661198486
0.1,0.025,24,-39.86029258005114
0.1,0.025,25,-38.99372059948688
0.1,0.025,26,-37.69859382108892
0.1,0.025,27,-37.23461147668125
0.1,0.025,28,-36.82974374721944
0.1,0.025,29,-36.31058714348579
0.1,0.025,30,-35.9122530226651
0.1,0.025,31,-34.20587904915886
0.1,0.025,32,-34.09606845777913
0.1,0.025,33,-31.62136390619243
0.1,0.025,34,-30.873548282152868
0.1,0.025,35,-28.860482538202902
0.1,0.025,36,-26.23049597254048
0.1,0.025,37,-25.56080770271747
0.1,0.025,38,-21.1945857040688
0.1,0.025,39,-21.06464272084621
0.1,0.025,40,-14.967241889986425
0.1,0.025,41,-7.8089371416439235
0.1,0.025,42,-7.5312612908558805
0.1,0.025,43,-5.91903964770033
0.1,0.025,44,-4.636348508420397
0.1,0.025,45,-4.454478545605113
0.1,0.025,46,-3.5453334253325153
0.1,0.025,47,-2.861482379440588
0.1,0.025,48,-2.191632782385284
0.1,0.025,49,-1.2373031958109948
0.1,0.025,50,-0.31904869627756227
0.1,0.025,51,0.8600260077528645
0.1,0.025,52,2.0269146039085655
0.1,0.025,53,3.3672209837579743
0.1,0.025,54,4.748169843524849
0.1,0.025,55,6.2808731306658245
0.1,0.025,56,7.9073460202424
0.1,0.025,57,9.620581490414466
0.1,0.025,58,11.409581542244283
0.1,0.025,59,13.271834079945307
0.1,0.025,60,15.179021146290893
0.1,0.025,61,16.94466910948748
0.1,0.025,62,16.972341482658713
0.1,0.025,63,17.04417401302896
0.1,0.025,64,18.428375015955197
0.1,0.025,65,18.698164737411698
0.1,0.025,66,18.756065395225267
0.1,0.025,67,19.39870345921878
0.1,0.025,68,19.646992203957765
0.1,0.025,69,20.112450388131563
0.1,0.025,70,20.486155821801518
0.1,0.025,71,20.81196878900937
0.1,0.025,72,21.091336972549428
0.1,0.025,73,21.324616310724764
0.1,0.025,74,21.742541459904416
0.1,0.025,75,21.833993145939374
0.1,0.025,76,22.28936030009298
0.1,0.025,77,22.857240083921564
0.1,0.025,78,22.923639626280707
0.1,0.025,79,25.331551185633316
0.1,0.025,80,31.46354591900034
0.1,0.025,81,33.066321135233615
0.1,0.025,82,35.86542513088472
0.1,0.025,83,36.390069816322864
0.1,0.025,84,38.009717149214445
0.1,0.025,85,39.87846377741784
0.1,0.025,86,40.4428386047976
0.1,0.025,87,42.23712202490707
0.1,0.025,88,42.446677647043295
0.1,0.025,89,43.74017332792769
0.1,0.025,90,45.27670456997038
0.1,0.025,91,45.61746783640933
0.1,0.025,92,46.84616158536808
0.1,0.025,93,47.073280237269756
0.1,0.025,94,48.661952891853446
0.1,0.025,95,49.33336785931574
0.1,0.025,96,50.105415555218556
0.1,0.025,97,50.98757263394316
0.1,0.025,98,51.83050793305421
0.1,0.025,99,52.53205804314415
0.1,0.025,100,53.143699824413936
0.1,0.025,101,53.675193889531386
0.1,0.025,102,54.58468730822028
0.1,0.025,103,56.79513880351287
0.1,0.025,104,59.099387129719254
0.1,0.025,105,61.566818490012075
0.1,0.025,106,64.15101753414157
0.1,0.025,107,65.6975307164273
0.1,0.025,108,66.78726945780144
0.1,0.025,109,69.30975223554864
0.1,0.025,110,70.75460662645168
0.1,0.025,111,72.44499280258493
0.1,0.025,112,74.7052204832305
0.1,0.025,113,76.80303396348987
0.1,0.025,114,79.68124356309839
0.1,0.025,115,82.63225903109732
0.1,0.025,116,86.26677229131545
0.1,0.025,117,91.27354473819072
0.1,0.025,118,96.79130710543224
0.125,0.025,1,-93.60970800315805
0.125,0.025,2,-86.28354424758355
0.125,0.025,3,-81.21448750593298
0.125,0.025,4,-78.17362354525604
0.125,0.025,5,-74.86510415932825
0.125,0.025,6,-71.39882643778888
0.125,0.025,7,-69.26889626625685
0.125,0.025,8,-67.47011975849212
0.125,0.025,9,-63.08122791165421
0.125,0.025,10,-62.698644717425864
0.125,0.025,11,-60.769896774924106
0.125,0.025,12,-57.18189515150668
0.125,0.025,13,-55.55593740246577
0.125,0.025,14,-54.417057602998014
0.125,0.025,15,-51.43975733902626
0.125,0.025,16,-50.59627284735983
0.125,0.025,17,-49.02249122542777
0.125,0.025,18,-47.00760874432571
0.125,0.025,19,-45.3930812287643
0.125,0.025,20,-45.07481963980156
0.125,0.025,21,-42.686957463806166
0.125,0.025,22,-41.593270202650544
0.125,0.025,23,-41.3297055304957
0.125,0.025,24,-39.39625313966367
0.125,0.025,25,-38.73381599532503
0.125,0.025,26,-38.25454999381448
0.125,0.025,27,-36.87106064027519
0.125,0.025,28,-36.742244260473846
0.125,0.025,29,-36.54550812817912
0.125,0.025,30,-35.88240185034677
0.125,0.025,31,-34.20331589205349
0.125,0.025,32,-34.0958453062195
0.125,0.025,33,-31.619711422472037
0.125,0.025,34,-30.874464797858337
0.125,0.025,35,-28.861283333912084
0.125,0.025,36,-26.230513781410835
0.125,0.025,37,-25.5604409837527
0.125,0.025,38,-21.194729356723485
0.125,0.025,39,-21.06447067900649
0.125,0.025,40,-14.967275408303607
0.125,0.025,41,-7.807588037268516
0.125,0.025,42,-7.533745166609705
0.125,0.025,43,-5.90878465857439
0.125,0.025,44,-4.7690440215519345
0.125,0.025,45,-4.246369565102015
0.125,0.025,46,-3.6821527346939718
0.125,0.025,47,-2.8008258248308096
0.125,0.025,48,-2.1768487656367768
0.125,0.025,49,-1.2866603428156225
0.125,0.025,50,-0.277119663527273
0.125,0.025,51,0.8342826522531084
0.125,0.025,52,2.0439258394142428
0.125,0.025,53,3.355379591701009
0.125,0.025,54,4.755290199798807
0.125,0.025,55,6.277946208076429
0.125,0.025,56,7.9080609831295305
0.125,0.025,57,9.620521580296227
0.125,0.025,58,11.409619034791532
0.125,0.025,59,13.271757286802526
0.125,0.025,60,15.179064345283024
0.125,0.025,61,16.946563159336755
0.125,0.025,62,16.972215583000953
0.125,0.025,63,17.041966087938537
0.125,0.025,64,18.4326407031095
0.125,0.025,65,18.69796207905554
0.125,0.025,66,18.751046858181855
0.125,0.025,67,19.396718906149616
0.125,0.025,68,19.65625655026534
0.125,0.025,69,20.094878309289726
0.125,0.025,70,20.505697138464114
0.125,0.025,71,20.830858274840438
0.125,0.025,72,21.026546674547035
0.125,0.025,73,21.38507311381356
0.125,0.025,74,21.694457469638564
0.125,0.025,75,21.86029892096488
0.125,0.025,76,22.28864965869215
0.125,0.025,77,22.857774549680137
0.125,0.025,78,22.923157752940714
0.125,0.025,79,25.331491751707546
0.125,0.025,80,31.463557725206257
0.125,0.025,81,33.066550189611945
0.125,0.025,82,35.86596180395975
0.125,0.025,83,36.390670192614344
0.125,0.025,84,38.00588843057238
0.125,0.025,85,39.888507663538185
0.125,0.025,86,40.43222980797513
0.125,0.025,87,42.23672541257193
0.125,0.025,88,42.436952634222486
0.125,0.025,89,43.79844076425978
0.125,0.025,90,45.265708972359754
0.125,0.025,91,45.45610867470512
0.125,0.025,92,46.993025637763445
0.125,0.025,93,47.48311499218466
0.125,0.025,94,47.842627452510115
0.125,0.025,95,49.72368726856596
0.125,0.025,96,50.529679643006816
0.125,0.025,97,50.90719437006797
0.125,0.025,98,51.16264735749492
0.125,0.025,99,52.88599350737661
0.125,0.025,100,53.28486842025598
0.125,0.025,101,53.57234153062162
0.125,0.025,102,54.512969129621105
0.125,0.025,103,56.79384160228586
0.125,0.025,104,59.09610414886614
0.125,0.025,105,61.58351949196448
0.125,0.025,106,64.17990932458406
0.125,0.025,107,65.49351897239568
0.125,0.025,108,67.02008005628494
0.125,0.025,109,69.4455974851524
0.125,0.025,110,70.3305046809863
0.125,0.025,111,72.88902867057459
0.125,0.025,112,74.35041622049732
0.125,0.025,113,76.99893821635533
0.125,0.025,114,79.59319404561116
0.125,0.025,115,82.66332231710119
0.125,0.025,116,86.25908866019911
0.125,0.025,117,91.27431600998057
0.125,0.025,118,96.79117223486966
0.15,0.025,1,-93.61425594544038
0.15,0.025,2,-86.28832725439356
0.15,0.025,3,-81.03695300542886
0.15,0.025,4,-78.58214320753679
0.15,0.025,5,-74.39425671196621
0.15,0.025,6,-71.23791215706073
0.15,0.025,7,-70.3089767806788
0.15,0.025,8,-66.10916795071823
0.15,0.025,9,-64.40520518270687
0.15,0.025,10,-62.6093259245924
0.15,0.025,11,-59.83169072280408
0.15,0.025,12,-57.485011990702546
0.15,0.025,13,-56.26628959580232
0.15,0.025,14,-53.42273649135656
0.15,0.025,15,-51.85428943249171
0.15,0.025,16,-50.89414349195168
0.15,0.025,17,-48.16944656750779
0.15,0.025,18,-47.604673610152204
0.15,0.025,19,-45.923555343249106
0.15,0.025,20,-44.07513747074755
0.15,0.025,21,-43.140057978458785
0.15,0.025,22,-42.08375034607725
0.15,0.025,23,-40.37848966119786
0.15,0.025,24,-39.86029258005054
0.15,0.025,25,-38.99372059948696
0.15,0.025,26,-37.69859382108881
0.15,0.025,27,-37.234611476681025
0.15,0.025,28,-36.829743747219666
0.15,0.025,29,-36.310587143485336
0.15,0.025,30,-35.91225302266507
0.15,0.025,31,-34.20587904915848
0.15,0.025,32,-34.09606845777895
0.15,0.025,33,-31.621363906192542
0.15,0.025,34,-30.873548282152655
0.15,0.025,35,-28.86048253820259
0.15,0.025,36,-26.230495972540353
0.15,0.025,37,-25.560807702717696
0.15,0.025,38,-21.194585704068686
0.15,0.025,39,-21.06464272084635
0.15,0.025,40,-14.96724188998617
0.15,0.025,41,-7.8089371416437245
0.15,0.025,42,-7.531261290855994
0.15,0.025,43,-5.919039647700316
0.15,0.025,44,-4.636348508420454
0.15,0.025,45,-4.454478545605056
0.15,0.025,46,-3.545333425332558
0.15,0.025,47,-2.861482379440659
0.15,0.025,48,-2.191632782385284
0.15,0.025,49,-1.2373031958110232
0.15,0.025,50,-0.3190486962775907
0.15,0.025,51,0.8600260077528361
0.15,0.025,52,2.026914603908608
0.15,0.025,53,3.3672209837580027
0.15,0.025,54,4.748169843524948
0.15,0.025,55,6.280873130665938
0.15,0.025,56,7.907346020242429
0.15,0.025,57,9.620581490414452
0.15,0.025,58,11.40958154224434
0.15,0.025,59,13.271834079945052
0.15,0.025,60,15.179021146290651
0.15,0.025,61,16.94466910948735
0.15,0.025,62,16.972341482658337
0.15,0.025,63,17.044174013028815
0.15,0.025,64,18.428375015954956
0.15,0.025,65,18.698164737411826
0.15,0.025,66,18.75606539522514
0.15,0.025,67,19.398703459218794
0.15,0.025,68,19.64699220395748
0.15,0.025,69,20.11245038813159
0.15,0.025,70,20.486155821801646
0.15,0.025,71,20.811968789008944
0.15,0.025,72,21.09133697254957
0.15,0.025,73,21.32461631072502
0.15,0.025,74,21.74254145990473
0.15,0.025,75,21.833993145939075
0.15,0.025,76,22.28936030009241
0.15,0.025,77,22.857240083921425
0.15,0.025,78,22.923639626280618
0.15,0.025,79,25.331551185633714
0.15,0.025,80,31.463545919001533
0.15,0.025,81,33.06632113523404
0.15,0.025,82,35.865425130884496
0.15,0.025,83,36.390069816323454
0.15,0.025,84,38.00971714921452
0.15,0.025,85,39.878463777417075
0.15,0.025,86,40.442838604798006
0.15,0.025,87,42.23712202490786
0.15,0.025,88,42.44667764704381
0.15,0.025,89,43.740173327927224
0.15,0.025,90,45.276704569969965
0.15,0.025,91,45.617467836409226
0.15,0.025,92,46.84616158536916
0.15,0.025,93,47.07328023727078
0.15,0.025,94,48.661952891853474
0.15,0.025,95,49.333367859315025
0.15,0.025,96,50.10541555521902
0.15,0.025,97,50.98757263394329
0.15,0.025,98,51.83050793305327
0.15,0.025,99,52.53205804314378
0.15,0.025,100,53.14369982441413
0.15,0.025,101,53.67519388953317
0.15,0.025,102,54.584687308221596
0.15,0.025,103,56.795138803512735
0.15,0.025,104,59.0993871297192
0.15,0.025,105,61.56681849001054
0.15,0.025,106,64.15101753414356
0.15,0.025,107,65.69753071642874
0.15,0.025,108,66.78726945780295
0.15,0.025,109,69.30975223554698
0.15,0.025,110,70.75460662645101
0.15,0.025,111,72.44499280258495
0.15,0.025,112,74.70522048323105
0.15,0.025,113,76.80303396349103
0.15,0.025,114,79.68124356309826
0.15,0.025,115,82.63225903109706
0.15,0.025,116,86.2667722913159
0.15,0.025,117,91.27354473819011
0.15,0.025,118,96.7913071054323
0.175,0.025,1,-93.60970800315745
0.175,0.025,2,-86.28354424758344
0.175,0.025,3,-81.21448750593281
0.175,0.025,4,-78.17362354525632
0.175,0.025,5,-74.86510415932842
0.175,0.025,6,-71.39882643778863
0.175,0.025,7,-69.2688962662567
0.175,0.025,8,-67.47011975849132
0.175,0.025,9,-63.08122791165481
0.175,0.025,10,-62.69864471742558
0.175,0.025,11,-60.76989677492385
0.175,0.025,12,-57.18189515150682
0.175,0.025,13,-55.55593740246577
0.175,0.025,14,-54.41705760299895
0.175,0.025,15,-51.43975733902495
0.175,0.025,16,-50.59627284735974
0.175,0.025,17,-49.0224912254276
0.175,0.025,18,-47.00760874432608
0.175,0.025,19,-45.393081228762625
0.175,0.025,20,-45.07481963980196
0.175,0.025,21,-42.68695746380568
0.175,0.025,22,-41.593270202650885
0.175,0.025,23,-41.32970553049596
0.175,0.025,24,-39.39625313966347
0.175,0.025,25,-38.733815995324576
0.175,0.025,26,-38.25454999381462
0.175,0.025,27,-36.87106064027444
0.175,0.025,28,-36.74224426047335
0.175,0.025,29,-36.54550812817938
0.175,0.025,30,-35.88240185034668
0.175,0.025,31,-34.20331589205401
0.175,0.025,32,-34.095845306219466
0.175,0.025,33,-31.619711422472292
0.175,0.025,34,-30.874464797858735
0.175,0.025,35,-28.86128333391197
0.175,0.025,36,-26.230513781411005
0.175,0.025,37,-25.560440983752457
0.175,0.025,38,-21.194729356723926
0.175,0.025,39,-21.064470679006618
0.175,0.025,40,-14.967275408304005
0.175,0.025,41,-7.807588037268701
0.175,0.025,42,-7.533745166609776
0.175,0.025,43,-5.908784658574376
0.175,0.025,44,-4.76904402155192
0.175,0.025,45,-4.2463695651021
0.175,0.025,46,-3.6821527346939433
0.175,0.025,47,-2.8008258248307527
0.175,0.025,48,-2.1768487656367768
0.175,0.025,49,-1.2866603428156367
0.175,0.025,50,-0.27711966352728723
0.175,0.025,51,0.83428265225308
0.175,0.025,52,2.043925839414314
0.175,0.025,53,3.355379591700995
0.175,0.025,54,4.7552901997988215
0.175,0.025,55,6.277946208076443
0.175,0.025,56,7.908060983129587
0.175,0.025,57,9.620521580296256
0.175,0.025,58,11.409619034791604
0.175,0.025,59,13.27175728680244
0.175,0.025,60,15.179064345283052
0.175,0.025,61,16.946563159336677
0.175,0.025,62,16.972215583001258
0.175,0.025,63,17.04196608793862
0.175,0.025,64,18.43264070310954
0.175,0.025,65,18.69796207905554
0.175,0.025,66,18.751046858181752
0.175,0.025,67,19.3967189061497
0.175,0.025,68,19.656256550265184
0.175,0.025,69,20.094878309289882
0.175,0.025,70,20.505697138464242
0.175,0.025,71,20.830858274840537
0.175,0.025,72,21.026546674547234
0.175,0.025,73,21.38507311381386
0.175,0.025,74,21.694457469638934
0.175,0.025,75,21.860298920964965
0.175,0.025,76,22.288649658692123
0.175,0.025,77,22.85777454968052
0.175,0.025,78,22.923157752940632
0.175,0.025,79,25.33149175170773
0.175,0.025,80,31.46355772520579
0.175,0.025,81,33.066550189612244
0.175,0.025,82,35.865961803960005
0.175,0.025,83,36.39067019261474
0.175,0.025,84,38.00588843057228
0.175,0.025,85,39.88850766353762
0.175,0.025,86,40.43222980797477
0.175,0.025,87,42.236725412571914
0.175,0.025,88,42.436952634222045
0.175,0.025,89,43.798440764259894
0.175,0.025,90,45.26570897235904
0.175,0.025,91,45.45610867470443
0.175,0.025,92,46.993025637762585
0.175,0.025,93,47.48311499218413
0.175,0.025,94,47.8426274525097
0.175,0.025,95,49.723687268565506
0.175,0.025,96,50.52967964300641
0.175,0.025,97,50.90719437006796
0.175,0.025,98,51.16264735749478
0.175,0.025,99,52.8859935073766
0.175,0.025,100,53.28486842025595
0.175,0.025,101,53.57234153062244
0.175,0.025,102,54.512969129621275
0.175,0.025,103,56.79384160228553
0.175,0.025,104,59.0961041488655
0.175,0.025,105,61.58351949196572
0.175,0.025,106,64.1799093245838
0.175,0.025,107,65.49351897239484
0.175,0.025,108,67.02008005628531
0.175,0.025,109,69.44559748515249
0.175,0.025,110,70.3305046809869
0.175,0.025,111,72.88902867057442
0.175,0.025,112,74.35041622049721
0.175,0.025,113,76.99893821635496
0.175,0.025,114,79.59319404561015
0.175,0.025,115,82.66332231709993
0.175,0.025,116,86.25908866019819
0.175,0.025,117,91.27431600998047
0.175,0.025,118,96.79117223486939
0.2,0.025,1,-93.61425594543955
0.2,0.025,2,-86.2883272543926
0.2,0.025,3,-81.03695300542854
0.2,0.025,4,-78.58214320753653
0.2,0.025,5,-74.39425671196487
0.2,0.025,6,-71.23791215706036
0.2,0.025,7,-70.30897678067724
0.2,0.025,8,-66.10916795071786
0.2,0.025,9,-64.40520518270667
0.2,0.025,10,-62.609325924592
0.2,0.025,11,-59.83169072280462
0.2,0.025,12,-57.485011990703086
0.2,0.025,13,-56.26628959580539
0.2,0.025,14,-53.42273649135721
0.2,0.025,15,-51.854289432491655
0.2,0.025,16,-50.89414349195148
0.2,0.025,17,-48.169446567507705
0.2,0.025,18,-47.60467361015172
0.2,0.025,19,-45.92355534324925
0.2,0.025,20,-44.075137470747805
0.2,0.025,21,-43.14005797845884
0.2,0.025,22,-42.083750346076684
0.2,0.025,23,-40.37848966119809
0.2,0.025,24,-39.860292580050654
0.2,0.025,25,-38.99372059948628
0.2,0.025,26,-37.69859382108889
0.2,0.025,27,-37.23461147668054
0.2,0.025,28,-36.82974374721944
0.2,0.025,29,-36.31058714348573
0.2,0.025,30,-35.91225302266527
0.2,0.025,31,-34.205879049158696
0.2,0.025,32,-34.09606845777896
0.2,0.025,33,-31.621363906192656
0.2,0.025,34,-30.873548282152967
0.2,0.025,35,-28.86048253820279
0.2,0.025,36,-26.230495972540226
0.2,0.025,37,-25.560807702717682
0.2,0.025,38,-21.194585704068658
0.2,0.025,39,-21.06464272084621
0.2,0.025,40,-14.967241889985843
0.2,0.025,41,-7.808937141643696
0.2,0.025,42,-7.531261290855994
0.2,0.025,43,-5.919039647700359
0.2,0.025,44,-4.6363485084204115
0.2,0.025,45,-4.4544785456051414
0.2,0.025,46,-3.545333425332572
0.2,0.025,47,-2.861482379440659
0.2,0.025,48,-2.191632782385284
0.2,0.025,49,-1.2373031958109948
0.2,0.025,50,-0.3190486962775765
0.2,0.025,51,0.8600260077528503
0.2,0.025,52,2.026914603908608
0.2,0.025,53,3.3672209837579743
0.2,0.025,54,4.748169843524977
0.2,0.025,55,6.280873130665924
0.2,0.025,56,7.907346020242414
0.2,0.025,57,9.620581490414494
0.2,0.025,58,11.40958154224441
0.2,0.025,59,13.271834079945236
0.2,0.025,60,15.179021146290708
0.2,0.025,61,16.94466910948744
0.2,0.025,62,16.97234148265899
0.2,0.025,63,17.044174013029323
0.2,0.025,64,18.428375015955254
0.2,0.025,65,18.698164737411922
0.2,0.025,66,18.756065395225335
0.2,0.025,67,19.398703459219163
0.2,0.025,68,19.64699220395768
0.2,0.025,69,20.11245038813165
0.2,0.025,70,20.48615582180173
0.2,0.025,71,20.811968789008603
0.2,0.025,72,21.091336972549414
0.2,0.025,73,21.324616310724792
0.2,0.025,74,21.74254145990463
0.2,0.025,75,21.833993145939118
0.2,0.025,76,22.28936030009264
0.2,0.025,77,22.857240083921248
0.2,0.025,78,22.923639626280483
0.2,0.025,79,25.331551185633188
0.2,0.025,80,31.463545919001263
0.2,0.025,81,33.06632113523377
0.2,0.025,82,35.865425130885065
0.2,0.025,83,36.390069816322764
0.2,0.025,84,38.0097171492146
0.2,0.025,85,39.87846377741828
0.2,0.025,86,40.442838604798986
0.2,0.025,87,42.23712202490753
0.2,0.025,88,42.44667764704367
0.2,0.025,89,43.74017332792682
0.2,0.025,90,45.276704569970306
0.2,0.025,91,45.61746783641003
0.2,0.025,92,46.84616158536772
0.2,0.025,93,47.073280237269685
0.2,0.025,94,48.66195289185331
0.2,0.025,95,49.33336785931598
0.2,0.025,96,50.1054155552189
0.2,0.025,97,50.98757263394517
0.2,0.025,98,51.830507933053084
0.2,0.025,99,52.53205804314229
0.2,0.025,100,53.14369982441386
0.2,0.025,101,53.67519388953358
0.2,0.025,102,54.584687308221355
0.2,0.025,103,56.79513880351316
0.2,0.025,104,59.09938712971924
0.2,0.025,105,61.5668184900121
0.2,0.025,106,64.1510175341422
0.2,0.025,107,65.69753071642792
0.2,0.025,108,66.78726945780068
0.2,0.025,109,69.30975223554817
0.2,0.025,110,70.75460662645119
0.2,0.025,111,72.44499280258563
0.2,0.025,112,74.70522048323029
0.2,0.025,113,76.80303396348897
0.2,0.025,114,79.6812435630977
0.2,0.025,115,82.63225903109634
0.2,0.025,116,86.26677229131676
0.2,0.025,117,91.27354473818778
0.2,0.025,118,96.79130710543183
0.225,0.025,1,-93.6097080031577
0.225,0.025,2,-86.28354424758341
0.225,0.025,3,-81.21448750593338
0.225,0.025,4,-78.17362354525572
0.225,0.025,5,-74.86510415932831
0.225,0.025,6,-71.39882643778931
0.225,0.025,7,-69.26889626625713
0.225,0.025,8,-67.47011975849135
0.225,0.025,9,-63.081227911653954
0.225,0.025,10,-62.69864471742598
0.225,0.025,11,-60.76989677492368
0.225,0.025,12,-57.18189515150645
0.225,0.025,13,-55.55593740246623
0.225,0.025,14,-54.417057602998526
0.225,0.025,15,-51.439757339025746
0.225,0.025,16,-50.59627284735926
0.225,0.025,17,-49.022491225426606
0.225,0.025,18,-47.00760874432582
0.225,0.025,19,-45.39308122876416
0.225,0.025,20,-45.07481963980162
0.225,0.025,21,-42.686957463806394
0.225,0.025,22,-41.59327020265131
0.225,0.025,23,-41.32970553049579
0.225,0.025,24,-39.396253139664495
0.225,0.025,25,-38.73381599532543
0.225,0.025,26,-38.25454999381488
0.225,0.025,27,-36.871060640275616
0.225,0.025,28,-36.74224426047408
0.225,0.025,29,-36.54550812817929
0.225,0.025,30,-35.88240185034711
0.225,0.025,31,-34.203315892053574
0.225,0.025,32,-34.09584530621952
0.225,0.025,33,-31.619711422472264
0.225,0.025,34,-30.87446479785814
0.225,0.025,35,-28.86128333391217
0.225,0.025,36,-26.23051378141092
0.225,0.025,37,-25.560440983752756
0.225,0.025,38,-21.19472935672333
0.225,0.025,39,-21.064470679006746
0.225,0.025,40,-14.96727540830355
0.225,0.025,41,-7.807588037268573
0.225,0.025,42,-7.5337451666097905
0.225,0.025,43,-5.908784658574348
0.225,0.025,44,-4.769044021551878
0.225,0.025,45,-4.246369565102114
0.225,0.025,46,-3.6821527346939433
0.225,0.025,47,-2.8008258248308238
0.225,0.025,48,-2.1768487656368194
0.225,0.025,49,-1.286660342815594
0.225,0.025,50,-0.277119663527273
0.225,0.025,51,0.8342826522531226
0.225,0.025,52,2.0439258394142286
0.225,0.025,53,3.3553795917010802
0.225,0.025,54,4.755290199798878
0.225,0.025,55,6.277946208076358
0.225,0.025,56,7.908060983129516
0.225,0.025,57,9.620521580296298
0.225,0.025,58,11.409619034791532
0.225,0.025,59,13.271757286802497
0.225,0.025,60,15.179064345282967
0.225,0.025,61,16.94656315933669
0.225,0.025,62,16.9722155830008
0.225,0.025,63,17.0419660879384
0.225,0.025,64,18.432640703109513
0.225,0.025,65,18.697962079055447
0.225,0.025,66,18.751046858181844
0.225,0.025,67,19.39671890614943
0.225,0.025,68,19.65625655026534
0.225,0.025,69,20.09487830928974
0.225,0.025,70,20.505697138464157
0.225,0.025,71,20.830858274840452
0.225,0.025,72,21.02654667454709
0.225,0.025,73,21.38507311381342
0.225,0.025,74,21.694457469638678
0.225,0.025,75,21.860298920964723
0.225,0.025,76,22.28864965869225
0.225,0.025,77,22.857774549680325
0.225,0.025,78,22.923157752940533
0.225,0.025,79,25.33149175170766
0.225,0.025,80,31.4635577252062
0.225,0.025,81,33.06655018961223
0.225,0.025,82,35.86596180395928
0.225,0.025,83,36.39067019261416
0.225,0.025,84,38.005888430571915
0.225,0.025,85,39.8885076635376
0.225,0.025,86,40.432229807975176
0.225,0.025,87,42.236725412571616
0.225,0.025,88,42.43695263422285
0.225,0.025,89,43.79844076425918
0.225,0.025,90,45.26570897235978
0.225,0.025,91,45.456108674704716
0.225,0.025,92,46.99302563776324
0.225,0.025,93,47.48311499218464
0.225,0.025,94,47.842627452510214
0.225,0.025,95,49.72368726856579
0.225,0.025,96,50.5296796430064
0.225,0.025,97,50.9071943700684
0.225,0.025,98,51.16264735749496
0.225,0.025,99,52.8859935073776
0.225,0.025,100,53.284868420255606
0.225,0.025,101,53.57234153062175
0.225,0.025,102,54.512969129621155
0.225,0.025,103,56.79384160228497
0.225,0.025,104,59.09610414886588
0.225,0.025,105,61.583519491964914
0.225,0.025,106,64.17990932458378
0.225,0.025,107,65.49351897239632
0.225,0.025,108,67.02008005628507
0.225,0.025,109,69.44559748515232
0.225,0.025,110,70.33050468098679
0.225,0.025,111,72.88902867057489
0.225,0.025,112,74.35041622049847
0.225,0.025,113,76.99893821635536
0.225,0.025,114,79.59319404561028
0.225,0.025,115,82.66332231710057
0.225,0.025,116,86.25908866019857
0.225,0.025,117,91.27431600997987
0.225,0.025,118,96.79117223486953
0.25,0.025,1,-93.61425594544072
0.25,0.025,2,-86.28832725439337
0.25,0.025,3,-81.03695300542866
0.25,0.025,4,-78.5821432075373
0.25,0.025,5,-74.39425671196635
0.25,0.025,6,-71.23791215705988
0.25,0.025,7,-70.30897678067801
0.25,0.025,8,-66.10916795071786
0.25,0.025,9,-64.40520518270678
0.25,0.025,10,-62.60932592459257
0.25,0.025,11,-59.83169072280417
0.25,0.025,12,-57.485011990702205
0.25,0.025,13,-56.266289595803485
0.25,0.025,14,-53.42273649135616
0.25,0.025,15,-51.85428943249205
0.25,0.025,16,-50.89414349195191
0.25,0.025,17,-48.16944656750785
0.25,0.025,18,-47.604673610151806
0.25,0.025,19,-45.92355534324899
0.25,0.025,20,-44.07513747074715
0.25,0.025,21,-43.1400579784587
0.25,0.025,22,-42.08375034607677
0.25,0.025,23,-40.37848966119766
0.25,0.025,24,-39.86029258005054
0.25,0.025,25,-38.99372059948682
0.25,0.025,26,-37.69859382108838
0.25,0.025,27,-37.23461147668009
0.25,0.025,28,-36.82974374721944
0.25,0.025,29,-36.31058714348633
0.25,0.025,30,-35.91225302266476
0.25,0.025,31,-34.20587904915813
0.25,0.025,32,-34.09606845777901
0.25,0.025,33,-31.62136390619223
0.25,0.025,34,-30.873548282152555
0.25,0.025,35,-28.86048253820279
0.25,0.025,36,-26.230495972540496
0.25,0.025,37,-25.560807702717753
0.25,0.025,38,-21.1945857040687
0.25,0.025,39,-21.064642720846223
0.25,0.025,40,-14.967241889986283
0.25,0.025,41,-7.808937141643796
0.25,0.025,42,-7.531261290856079
0.25,0.025,43,-5.919039647700345
0.25,0.025,44,-4.636348508420454
0.25,0.025,45,-4.454478545605056
0.25,0.025,46,-3.5453334253325437
0.25,0.025,47,-2.8614823794406306
0.25,0.025,48,-2.1916327823852697
0.25,0.025,49,-1.237303195811009
0.25,0.025,50,-0.3190486962775765
0.25,0.025,51,0.8600260077528361
0.25,0.025,52,2.026914603908608
0.25,0.025,53,3.3672209837579175
0.25,0.025,54,4.748169843524849
0.25,0.025,55,6.28087313066591
0.25,0.025,56,7.907346020242471
0.25,0.025,57,9.620581490414366
0.25,0.025,58,11.40958154224441
0.25,0.025,59,13.271834079945108
0.25,0.025,60,15.179021146290623
0.25,0.025,61,16.94466910948744
0.25,0.025,62,16.97234148265883
0.25,0.025,63,17.04417401302919
0.25,0.025,64,18.428375015954984
0.25,0.025,65,18.698164737411695
0.25,0.025,66,18.756065395225306
0.25,0.025,67,19.398703459218837
0.25,0.025,68,19.64699220395734
0.25,0.025,69,20.112450388131677
0.25,0.025,70,20.486155821801518
0.25,0.025,71,20.811968789009157
0.25,0.025,72,21.091336972549655
0.25,0.025,73,21.324616310725105
0.25,0.025,74,21.7425414599045
0.25,0.025,75,21.833993145939132
0.25,0.025,76,22.28936030009268
0.25,0.025,77,22.857240083921536
0.25,0.025,78,22.92363962628084
0.25,0.025,79,25.331551185633785
0.25,0.025,80,31.463545919001547
0.25,0.025,81,33.06632113523399
0.25,0.025,82,35.865425130884546
0.25,0.025,83,36.39006981632323
0.25,0.025,84,38.00971714921402
0.25,0.025,85,39.878463777417196
0.25,0.025,86,40.442838604797984
0.25,0.025,87,42.2371220249073
0.25,0.025,88,42.446677647043224
0.25,0.025,89,43.740173327927366
0.25,0.025,90,45.27670456997059
0.25,0.025,91,45.61746783640954
0.25,0.025,92,46.84616158536871
0.25,0.025,93,47.07328023727053
0.25,0.025,94,48.6619528918537
0.25,0.025,95,49.33336785931587
0.25,0.025,96,50.10541555521892
0.25,0.025,97,50.98757263394379
0.25,0.025,98,51.83050793305303
0.25,0.025,99,52.53205804314309
0.25,0.025,100,53.14369982441445
0.25,0.025,101,53.675193889533894
0.25,0.025,102,54.5846873082209
0.25,0.025,103,56.79513880351218
0.25,0.025,104,59.09938712971958
0.25,0.025,105,61.566818490010874
0.25,0.025,106,64.1510175341437
0.25,0.025,107,65.69753071642837
0.25,0.025,108,66.78726945780207
0.25,0.025,109,69.30975223554704
0.25,0.025,110,70.75460662645183
0.25,0.025,111,72.44499280258547
0.25,0.025,112,74.70522048322938
0.25,0.025,113,76.80303396348992
0.25,0.025,114,79.68124356309835
0.25,0.025,115,82.63225903109661
0.25,0.025,116,86.26677229131603
0.25,0.025,117,91.27354473818951
0.25,0.025,118,96.7913071054321
0.275,0.025,1,-93.60970800315759
0.275,0.025,2,-86.28354424758241
0.275,0.025,3,-81.2144875059327
0.275,0.025,4,-78.1736235452557
0.275,0.025,5,-74.86510415932831
0.275,0.025,6,-71.39882643778834
0.275,0.025,7,-69.26889626625639
0.275,0.025,8,-67.47011975849192
0.275,0.025,9,-63.08122791165461
0.275,0.025,10,-62.69864471742558
0.275,0.025,11,-60.769896774923936
0.275,0.025,12,-57.18189515150782
0.275,0.025,13,-55.55593740246506
0.275,0.025,14,-54.417057602998725
0.275,0.025,15,-51.439757339024325
0.275,0.025,16,-50.596272847359685
0.275,0.025,17,-49.02249122542641
0.275,0.025,18,-47.007608744326305
0.275,0.025,19,-45.39308122876285
0.275,0.025,20,-45.07481963980179
0.275,0.025,21,-42.68695746380543
0.275,0.025,22,-41.59327020265151
0.275,0.025,23,-41.3297055304957
0.275,0.025,24,-39.39625313966401
0.275,0.025,25,-38.73381599532554
0.275,0.025,26,-38.254549993815274
0.275,0.025,27,-36.87106064027422
0.275,0.025,28,-36.74224426047298
0.275,0.025,29,-36.54550812818012
0.275,0.025,30,-35.882401850347165
0.275,0.025,31,-34.20331589205359
0.275,0.025,32,-34.095845306219104
0.275,0.025,33,-31.61971142247181
0.275,0.025,34,-30.874464797858423
0.275,0.025,35,-28.86128333391224
0.275,0.025,36,-26.230513781411332
0.275,0.025,37,-25.5604409837527
0.275,0.025,38,-21.194729356723897
0.275,0.025,39,-21.064470679006803
0.275,0.025,40,-14.967275408304062
0.275,0.025,41,-7.807588037268388
0.275,0.025,42,-7.533745166609933
0.275,0.025,43,-5.908784658574305
0.275,0.025,44,-4.7690440215518635
0.275,0.025,45,-4.246369565102228
0.275,0.025,46,-3.6821527346939575
0.275,0.025,47,-2.800825824830852
0.275,0.025,48,-2.176848765636734
0.275,0.025,49,-1.2866603428156225
0.275,0.025,50,-0.27711966352728723
0.275,0.025,51,0.8342826522531226
0.275,0.025,52,2.043925839414271
0.275,0.025,53,3.355379591701066
0.275,0.025,54,4.755290199798921
0.275,0.025,55,6.277946208076358
0.275,0.025,56,7.908060983129516
0.275,0.025,57,9.620521580296298
0.275,0.025,58,11.409619034791632
0.275,0.025,59,13.27175728680254
0.275,0.025,60,15.179064345283138
0.275,0.025,61,16.94656315933666
0.275,0.025,62,16.972215583001002
0.275,0.025,63,17.041966087938608
0.275,0.025,64,18.43264070310967
0.275,0.025,65,18.697962079055454
0.275,0.025,66,18.751046858181706
0.275,0.025,67,19.39671890614939
0.275,0.025,68,19.65625655026524
0.275,0.025,69,20.094878309289598
0.275,0.025,70,20.5056971384641
0.275,0.025,71,20.830858274840637
0.275,0.025,72,21.026546674547134
0.275,0.025,73,21.385073113813604
0.275,0.025,74,21.694457469638735
0.275,0.025,75,21.860298920964823
0.275,0.025,76,22.28864965869201
0.275,0.025,77,22.85777454968043
0.275,0.025,78,22.923157752940696
0.275,0.025,79,25.331491751707745
0.275,0.025,80,31.46355772520566
0.275,0.025,81,33.06655018961217
0.275,0.025,82,35.86596180396
0.275,0.025,83,36.390670192614685
0.275,0.025,84,38.00588843057195
0.275,0.025,85,39.88850766353804
0.275,0.025,86,40.43222980797428
0.275,0.025,87,42.236725412571495
0.275,0.025,88,42.43695263422209
0.275,0.025,89,43.798440764260214
0.275,0.025,90,45.26570897235956
0.275,0.025,91,45.456108674705284
0.275,0.025,92,46.99302563776269
0.275,0.025,93,47.48311499218389
0.275,0.025,94,47.84262745251005
0.275,0.025,95,49.72368726856544
0.275,0.025,96,50.529679643006205
0.275,0.025,97,50.90719437006797
0.275,0.025,98,51.16264735749599
0.275,0.025,99,52.88599350737802
0.275,0.025,100,53.28486842025582
0.275,0.025,101,53.57234153062235
0.275,0.025,102,54.512969129620686
0.275,0.025,103,56.79384160228479
0.275,0.025,104,59.09610414886674
0.275,0.025,105,61.583519491965674
0.275,0.025,106,64.17990932458329
0.275,0.025,107,65.49351897239657
0.275,0.025,108,67.02008005628636
0.275,0.025,109,69.4455974851527
0.275,0.025,110,70.33050468098735
0.275,0.025,111,72.88902867057429
0.275,0.025,112,74.35041622049768
0.275,0.025,113,76.99893821635601
0.275,0.025,114,79.59319404560996
0.275,0.025,115,82.66332231709994
0.275,0.025,116,86.25908866019881
0.275,0.025,117,91.27431600998003
0.275,0.025,118,96.79117223486925
0.3,0.025,1,-93.6142559454399
0.3,0.025,2,-86.28832725439317
0.3,0.025,3,-81.03695300542846
0.3,0.025,4,-78.58214320753656
0.3,0.025,5,-74.39425671196575
0.3,0.025,6,-71.23791215706079
0.3,0.025,7,-70.30897678067895
0.3,0.025,8,-66.10916795071809
0.3,0.025,9,-64.40520518270792
0.3,0.025,10,-62.60932592459231
0.3,0.025,11,-59.831690722804424
0.3,0.025,12,-57.48501199070289
0.3,0.025,13,-56.26628959580408
0.3,0.025,14,-53.42273649135724
0.3,0.025,15,-51.85428943249251
0.3,0.025,16,-50.89414349195174
0.3,0.025,17,-48.16944656750748
0.3,0.025,18,-47.60467361015104
0.3,0.025,19,-45.92355534324868
0.3,0.025,20,-44.07513747074732
0.3,0.025,21,-43.1400579784589
0.3,0.025,22,-42.083750346075774
0.3,0.025,23,-40.37848966119786
0.3,0.025,24,-39.86029258005048
0.3,0.025,25,-38.993720599486224
0.3,0.025,26,-37.69859382108858
0.3,0.025,27,-37.23461147668108
0.3,0.025,28,-36.829743747219894
0.3,0.025,29,-36.31058714348559
0.3,0.025,30,-35.912253022664586
0.3,0.025,31,-34.20587904915821
0.3,0.025,32,-34.09606845777868
0.3,0.025,33,-31.62136390619257
0.3,0.025,34,-30.87354828215338
0.3,0.025,35,-28.860482538202874
0.3,0.025,36,-26.23049597254058
0.3,0.025,37,-25.560807702717554
0.3,0.025,38,-21.1945857040689
0.3,0.025,39,-21.064642720846138
0.3,0.025,40,-14.967241889986369
0.3,0.025,41,-7.8089371416437245
0.3,0.025,42,-7.531261290855866
0.3,0.025,43,-5.919039647700345
0.3,0.025,44,-4.636348508420497
0.3,0.025,45,-4.454478545605056
0.3,0.025,46,-3.545333425332572
0.3,0.025,47,-2.861482379440659
0.3,0.025,48,-2.1916327823853123
0.3,0.025,49,-1.237303195811009
0.3,0.025,50,-0.3190486962775907
0.3,0.025,51,0.8600260077528503
0.3,0.025,52,2.026914603908608
0.3,0.025,53,3.3672209837579743
0.3,0.025,54,4.748169843524892
0.3,0.025,55,6.28087313066591
0.3,0.025,56,7.9073460202424
0.3,0.025,57,9.620581490414438
0.3,0.025,58,11.409581542244524
0.3,0.025,59,13.271834079945123
0.3,0.025,60,15.179021146290722
0.3,0.025,61,16.944669109487183
0.3,0.025,62,16.972341482658422
0.3,0.025,63,17.044174013028876
0.3,0.025,64,18.428375015955027
0.3,0.025,65,18.698164737411894
0.3,0.025,66,18.756065395225285
0.3,0.025,67,19.398703459219007
0.3,0.025,68,19.646992203957566
0.3,0.025,69,20.112450388131535
0.3,0.025,70,20.486155821801688
0.3,0.025,71,20.811968789008944
0.3,0.025,72,21.09133697254937
0.3,0.025,73,21.324616310725034
0.3,0.025,74,21.7425414599048
0.3,0.025,75,21.83399314593929
0.3,0.025,76,22.289360300092554
0.3,0.025,77,22.857240083921624
0.3,0.025,78,22.923639626280707
0.3,0.025,79,25.331551185633387
0.3,0.025,80,31.46354591900159
0.3,0.025,81,33.06632113523388
0.3,0.025,82,35.86542513088483
0.3,0.025,83,36.39006981632272
0.3,0.025,84,38.009717149214346
0.3,0.025,85,39.87846377741814
0.3,0.025,86,40.442838604798446
0.3,0.025,87,42.23712202490774
0.3,0.025,88,42.44667764704345
0.3,0.025,89,43.74017332792689
0.3,0.025,90,45.276704569970065
0.3,0.025,91,45.61746783640996
0.3,0.025,92,46.8461615853687
0.3,0.025,93,47.07328023727061
0.3,0.025,94,48.66195289185306
0.3,0.025,95,49.333367859315906
0.3,0.025,96,50.10541555521911
0.3,0.025,97,50.98757263394488
0.3,0.025,98,51.83050793305268
0.3,0.025,99,52.5320580431424
0.3,0.025,100,53.14369982441389
0.3,0.025,101,53.67519388953348
0.3,0.025,102,54.58468730822163
0.3,0.025,103,56.79513880351218
0.3,0.025,104,59.09938712971891
0.3,0.025,105,61.566818490013226
0.3,0.025,106,64.15101753414027
0.3,0.025,107,65.69753071642997
0.3,0.025,108,66.78726945780187
0.3,0.025,109,69.30975223554782
0.3,0.025,110,70.75460662645189
0.3,0.025,111,72.44499280258569
0.3,0.025,112,74.70522048322985
0.3,0.025,113,76.80303396349035
0.3,0.025,114,79.68124356309808
0.3,0.025,115,82.63225903109607
0.3,0.025,116,86.26677229131558
0.3,0.025,117,91.27354473818758
0.3,0.025,118,96.79130710543194
0.325,0.025,1,-93.60970800315751
0.325,0.025,2,-86.28354424758298
0.325,0.025,3,-81.21448750593355
0.325,0.025,4,-78.17362354525558
0.325,0.025,5,-74.86510415932837
0.325,0.025,6,-71.39882643778886
0.325,0.025,7,-69.26889626625614
0.325,0.025,8,-67.47011975849175
0.325,0.025,9,-63.08122791165455
0.325,0.025,10,-62.698644717425864
0.325,0.025,11,-60.76989677492382
0.325,0.025,12,-57.18189515150665
0.325,0.025,13,-55.55593740246603
0.325,0.025,14,-54.41705760299875
0.325,0.025,15,-51.439757339025604
0.325,0.025,16,-50.59627284735929
0.325,0.025,17,-49.022491225427544
0.325,0.025,18,-47.007608744325935
0.325,0.025,19,-45.39308122876288
0.325,0.025,20,-45.07481963980162
0.325,0.025,21,-42.686957463806564
0.325,0.025,22,-41.59327020265128
0.325,0.025,23,-41.32970553049567
0.325,0.025,24,-39.3962531396639
0.325,0.025,25,-38.73381599532466
0.325,0.025,26,-38.25454999381405
0.325,0.025,27,-36.87106064027486
0.325,0.025,28,-36.7422442604733
0.325,0.025,29,-36.54550812817921
0.325,0.025,30,-35.88240185034694
0.325,0.025,31,-34.20331589205336
0.325,0.025,32,-34.09584530621933
0.325,0.025,33,-31.619711422472008
0.325,0.025,34,-30.874464797858366
0.325,0.025,35,-28.861283333912326
0.325,0.025,36,-26.23051378141126
0.325,0.025,37,-25.5604409837525
0.325,0.025,38,-21.19472935672367
0.325,0.025,39,-21.06447067900656
0.325,0.025,40,-14.967275408303749
0.325,0.025,41,-7.807588037268587
0.325,0.025,42,-7.533745166609833
0.325,0.025,43,-5.908784658574319
0.325,0.025,44,-4.769044021551949
0.325,0.025,45,-4.246369565102086
0.325,0.025,46,-3.682152734693986
0.325,0.025,47,-2.8008258248308664
0.325,0.025,48,-2.1768487656367483
0.325,0.025,49,-1.286660342815651
0.325,0.025,50,-0.27711966352731565
0.325,0.025,51,0.8342826522531226
0.325,0.025,52,2.0439258394142854
0.325,0.025,53,3.3553795917011087
0.325,0.025,54,4.755290199798878
0.325,0.025,55,6.277946208076372
0.325,0.025,56,7.908060983129573
0.325,0.025,57,9.620521580296256
0.325,0.025,58,11.409619034791632
0.325,0.025,59,13.271757286802497
0.325,0.025,60,15.179064345283095
0.325,0.025,61,16.946563159336698
0.325,0.025,62,16.97221558300113
0.325,0.025,63,17.041966087938704
0.325,0.025,64,18.4326407031096
0.325,0.025,65,18.697962079055486
0.325,0.025,66,18.751046858181773
0.325,0.025,67,19.396718906149516
0.325,0.025,68,19.656256550265255
0.325,0.025,69,20.094878309289854
0.325,0.025,70,20.505697138464285
0.325,0.025,71,20.830858274840693
0.325,0.025,72,21.026546674547447
0.325,0.025,73,21.385073113814244
0.325,0.025,74,21.69445746963919
0.325,0.025,75,21.860298920964823
0.325,0.025,76,22.28864965869232
0.325,0.025,77,22.857774549680563
0.325,0.025,78,22.923157752940565
0.325,0.025,79,25.331491751707745
0.325,0.025,80,31.46355772520593
0.325,0.025,81,33.06655018961169
0.325,0.025,82,35.865961803960026
0.325,0.025,83,36.390670192614785
0.325,0.025,84,38.005888430571765
0.325,0.025,85,39.88850766353796
0.325,0.025,86,40.43222980797466
0.325,0.025,87,42.23672541257187
0.325,0.025,88,42.4369526342215
0.325,0.025,89,43.79844076425953
0.325,0.025,90,45.26570897235992
0.325,0.025,91,45.456108674704666
0.325,0.025,92,46.99302563776233
0.325,0.025,93,47.48311499218434
0.325,0.025,94,47.842627452509674
0.325,0.025,95,49.7236872685651
0.325,0.025,96,50.52967964300678
0.325,0.025,97,50.907194370067735
0.325,0.025,98,51.162647357495466
0.325,0.025,99,52.88599350737723
0.325,0.025,100,53.284868420256224
0.325,0.025,101,53.572341530622374
0.325,0.025,102,54.51296912962133
0.325,0.025,103,56.793841602284935
0.325,0.025,104,59.09610414886681
0.325,0.025,105,61.58351949196362
0.325,0.025,106,64.17990932458295
0.325,0.025,107,65.49351897239518
0.325,0.025,108,67.02008005628592
0.325,0.025,109,69.44559748515269
0.325,0.025,110,70.33050468098693
0.325,0.025,111,72.88902867057453
0.325,0.025,112,74.3504162204965
0.325,0.025,113,76.99893821635463
0.325,0.025,114,79.59319404561037
0.325,0.025,115,82.66332231710055
0.325,0.025,116,86.25908866019793
0.325,0.025,117,91.27431600997976
0.325,0.025,118,96.7911722348694
0.35,0.025,1,-93.61425594544072
0.35,0.025,2,-86.28832725439288
0.35,0.025,3,-81.03695300542886
0.35,0.025,4,-78.58214320753702
0.35,0.025,5,-74.39425671196504
0.35,0.025,6,-71.23791215706053
0.35,0.025,7,-70.30897678067801
0.35,0.025,8,-66.10916795071815
0.35,0.025,9,-64.40520518270729
0.35,0.025,10,-62.60932592459271
0.35,0.025,11,-59.831690722804595
0.35,0.025,12,-57.485011990702716
0.35,0.025,13,-56.26628959580508
0.35,0.025,14,-53.42273649135704
0.35,0.025,15,-51.8542894324918
0.35,0.025,16,-50.89414349195222
0.35,0.025,17,-48.16944656750813
0.35,0.025,18,-47.604673610151835
0.35,0.025,19,-45.92355534324905
0.35,0.025,20,-44.07513747074795
0.35,0.025,21,-43.1400579784585
0.35,0.025,22,-42.08375034607663
0.35,0.025,23,-40.37848966119829
0.35,0.025,24,-39.86029258005094
0.35,0.025,25,-38.99372059948628
0.35,0.025,26,-37.69859382108872
0.35,0.025,27,-37.2346114766808
0.35,0.025,28,-36.82974374721944
0.35,0.025,29,-36.31058714348613
0.35,0.025,30,-35.91225302266484
0.35,0.025,31,-34.20587904915856
0.35,0.025,32,-34.09606845777906
0.35,0.025,33,-31.6213639061924
0.35,0.025,34,-30.873548282152555
0.35,0.025,35,-28.860482538202845
0.35,0.025,36,-26.23049597254044
0.35,0.025,37,-25.560807702717682
0.35,0.025,38,-21.19458570406877
0.35,0.025,39,-21.06464272084608
0.35,0.025,40,-14.967241889986013
0.35,0.025,41,-7.80893714164371
0.35,0.025,42,-7.531261290855838
0.35,0.025,43,-5.919039647700245
0.35,0.025,44,-4.6363485084204825
0.35,0.025,45,-4.454478545605113
0.35,0.025,46,-3.5453334253325153
0.35,0.025,47,-2.861482379440659
0.35,0.025,48,-2.1916327823852555
0.35,0.025,49,-1.2373031958110232
0.35,0.025,50,-0.3190486962775765
0.35,0.025,51,0.8600260077528787
0.35,0.025,52,2.026914603908608
0.35,0.025,53,3.3672209837579175
0.35,0.025,54,4.748169843524892
0.35,0.025,55,6.280873130665853
0.35,0.025,56,7.907346020242414
0.35,0.025,57,9.620581490414452
0.35,0.025,58,11.40958154224434
0.35,0.025,59,13.271834079945293
0.35,0.025,60,15.17902114629058
0.35,0.025,61,16.944669109487375
0.35,0.025,62,16.9723414826589
0.35,0.025,63,17.044174013029153
0.35,0.025,64,18.428375015955496
0.35,0.025,65,18.698164737411798
0.35,0.025,66,18.756065395225374
0.35,0.025,67,19.398703459218837
0.35,0.025,68,19.646992203957453
0.35,0.025,69,20.112450388131677
0.35,0.025,70,20.486155821801617
0.35,0.025,71,20.811968789009043
0.35,0.025,72,21.0913369725495
0.35,0.025,73,21.32461631072475
0.35,0.025,74,21.742541459904132
0.35,0.025,75,21.833993145939274
0.35,0.025,76,22.289360300092767
0.35,0.025,77,22.85724008392118
0.35,0.025,78,22.923639626280757
0.35,0.025,79,25.33155118563323
0.35,0.025,80,31.463545919000865
0.35,0.025,81,33.06632113523385
0.35,0.025,82,35.86542513088503
0.35,0.025,83,36.390069816322054
0.35,0.025,84,38.0097171492146
0.35,0.025,85,39.878463777418
0.35,0.025,86,40.44283860479872
0.35,0.025,87,42.23712202490746
0.35,0.025,88,42.44667764704303
0.35,0.025,89,43.74017332792702
0.35,0.025,90,45.27670456997038
0.35,0.025,91,45.61746783640956
0.35,0.025,92,46.846161585368016
0.35,0.025,93,47.07328023727029
0.35,0.025,94,48.6619528918536
0.35,0.025,95,49.33336785931586
0.35,0.025,96,50.10541555521787
0.35,0.025,97,50.98757263394505
0.35,0.025,98,51.83050793305315
0.35,0.025,99,52.532058043142584
0.35,0.025,100,53.143699824414256
0.35,0.025,101,53.67519388953373
0.35,0.025,102,54.584687308220175
0.35,0.025,103,56.79513880351319
0.35,0.025,104,59.099387129719176
0.35,0.025,105,61.56681849001166
0.35,0.025,106,64.1510175341428
0.35,0.025,107,65.69753071642874
0.35,0.025,108,66.78726945780161
0.35,0.025,109,69.30975223554736
0.35,0.025,110,70.75460662645219
0.35,0.025,111,72.44499280258555
0.35,0.025,112,74.70522048322925
0.35,0.025,113,76.80303396349
0.35,0.025,114,79.68124356309778
0.35,0.025,115,82.63225903109645
0.35,0.025,116,86.26677229131579
0.35,0.025,117,91.27354473818819
0.35,0.025,118,96.79130710543188
0.375,0.025,1,-93.60970800315756
0.375,0.025,2,-86.28354424758312
0.375,0.025,3,-81.21448750593332
0.375,0.025,4,-78.17362354525615
0.375,0.025,5,-74.86510415932862
0.375,0.025,6,-71.39882643778866
0.375,0.025,7,-69.26889626625676
0.375,0.025,8,-67.47011975849149
0.375,0.025,9,-63.08122791165489
0.375,0.025,10,-62.69864471742592
0.375,0.025,11,-60.769896774923566
0.375,0.025,12,-57.181895151507135
0.375,0.025,13,-55.555937402465574
0.375,0.025,14,-54.41705760299878
0.375,0.025,15,-51.43975733902535
0.375,0.025,16,-50.5962728473592
0.375,0.025,17,-49.022491225426805
0.375,0.025,18,-47.007608744325395
0.375,0.025,19,-45.39308122876257
0.375,0.025,20,-45.07481963980153
0.375,0.025,21,-42.68695746380574
0.375,0.025,22,-41.59327020265154
0.375,0.025,23,-41.3297055304953
0.375,0.025,24,-39.396253139663415
0.375,0.025,25,-38.733815995325
0.375,0.025,26,-38.254549993814734
0.375,0.025,27,-36.8710606402747
0.375,0.025,28,-36.74224426047334
0.375,0.025,29,-36.545508128179236
0.375,0.025,30,-35.88240185034648
0.375,0.025,31,-34.20331589205376
0.375,0.025,32,-34.09584530621992
0.375,0.025,33,-31.619711422472037
0.375,0.025,34,-30.874464797858934
0.375,0.025,35,-28.861283333912382
0.375,0.025,36,-26.230513781411403
0.375,0.025,37,-25.56044098375267
0.375,0.025,38,-21.19472935672421
0.375,0.025,39,-21.06447067900673
0.375,0.025,40,-14.967275408304275
0.375,0.025,41,-7.807588037268488
0.375,0.025,42,-7.533745166609876
0.375,0.025,43,-5.908784658574376
0.375,0.025,44,-4.7690440215518635
0.375,0.025,45,-4.2463695651021
0.375,0.025,46,-3.6821527346939575
0.375,0.025,47,-2.8008258248307385
0.375,0.025,48,-2.176848765636734
0.375,0.025,49,-1.2866603428156367
0.375,0.025,50,-0.2771196635272588
0.375,0.025,51,0.8342826522531084
0.375,0.025,52,2.043925839414257
0.375,0.025,53,3.3553795917010376
0.375,0.025,54,4.755290199798864
0.375,0.025,55,6.277946208076358
0.375,0.025,56,7.908060983129545
0.375,0.025,57,9.620521580296256
0.375,0.025,58,11.409619034791547
0.375,0.025,59,13.271757286802497
0.375,0.025,60,15.179064345283095
0.375,0.025,61,16.946563159336677
0.375,0.025,62,16.97221558300102
0.375,0.025,63,17.041966087938594
0.375,0.025,64,18.432640703109683
0.375,0.025,65,18.69796207905569
0.375,0.025,66,18.75104685818165
0.375,0.025,67,19.396718906149644
0.375,0.025,68,19.656256550265127
0.375,0.025,69,20.094878309289754
0.375,0.025,70,20.505697138464143
0.375,0.025,71,20.830858274840494
0.375,0.025,72,21.026546674547134
0.375,0.025,73,21.385073113814087
0.375,0.025,74,21.694457469639104
0.375,0.025,75,21.860298920965135
0.375,0.025,76,22.288649658692165
0.375,0.025,77,22.857774549680578
0.375,0.025,78,22.92315775294039
0.375,0.025,79,25.331491751707674
0.375,0.025,80,31.463557725206172
0.375,0.025,81,33.06655018961229
0.375,0.025,82,35.865961803959955
0.375,0.025,83,36.390670192614756
0.375,0.025,84,38.00588843057233
0.375,0.025,85,39.88850766353816
0.375,0.025,86,40.4322298079753
0.375,0.025,87,42.23672541257194
0.375,0.025,88,42.43695263422266
0.375,0.025,89,43.798440764259404
0.375,0.025,90,45.2657089723593
0.375,0.025,91,45.456108674704595
0.375,0.025,92,46.99302563776229
0.375,0.025,93,47.483114992183815
0.375,0.025,94,47.84262745251005
0.375,0.025,95,49.72368726856557
0.375,0.025,96,50.529679643006666
0.375,0.025,97,50.90719437006748
0.375,0.025,98,51.162647357495096
0.375,0.025,99,52.88599350737771
0.375,0.025,100,53.2848684202558
0.375,0.025,101,53.57234153062302
0.375,0.025,102,54.51296912962084
0.375,0.025,103,56.79384160228535
0.375,0.025,104,59.09610414886586
0.375,0.025,105,61.58351949196466
0.375,0.025,106,64.1799093245827
0.375,0.025,107,65.49351897239484
0.375,0.025,108,67.02008005628646
0.375,0.025,109,69.44559748515229
0.375,0.025,110,70.33050468098638
0.375,0.025,111,72.88902867057435
0.375,0.025,112,74.35041622049657
0.375,0.025,113,76.9989382163547
0.375,0.025,114,79.59319404561042
0.375,0.025,115,82.66332231710024
0.375,0.025,116,86.25908866019799
0.375,0.025,117,91.27431600998014
0.375,0.025,118,96.79117223486938
0.4,0.025,1,-93.61425594544023
0.4,0.025,2,-86.28832725439331
0.4,0.025,3,-81.03695300542837
0.4,0.025,4,-78.58214320753676
0.4,0.025,5,-74.39425671196624
0.4,0.025,6,-71.23791215705985
0.4,0.025,7,-70.30897678067758
0.4,0.025,8,-66.10916795071789
0.4,0.025,9,-64.40520518270667
0.4,0.025,10,-62.609325924592426
0.4,0.025,11,-59.83169072280408
0.4,0.025,12,-57.485011990702404
0.4,0.025,13,-56.26628959580334
0.4,0.025,14,-53.422736491357156
0.4,0.025,15,-51.85428943249208
0.4,0.025,16,-50.89414349195191
0.4,0.025,17,-48.16944656750802
0.4,0.025,18,-47.60467361015172
0.4,0.025,19,-45.92355534324899
0.4,0.025,20,-44.07513747074735
0.4,0.025,21,-43.14005797845907
0.4,0.025,22,-42.08375034607586
0.4,0.025,23,-40.378489661198
0.4,0.025,24,-39.86029258005037
0.4,0.025,25,-38.99372059948654
0.4,0.025,26,-37.69859382108909
0.4,0.025,27,-37.23461147668057
0.4,0.025,28,-36.82974374721924
0.4,0.025,29,-36.3105871434861
0.4,0.025,30,-35.912253022664785
0.4,0.025,31,-34.20587904915847
0.4,0.025,32,-34.09606845777881
0.4,0.025,33,-31.6213639061924
0.4,0.025,34,-30.87354828215294
0.4,0.025,35,-28.860482538202547
0.4,0.025,36,-26.23049597254051
0.4,0.025,37,-25.560807702717625
0.4,0.025,38,-21.194585704068928
0.4,0.025,39,-21.06464272084621
0.4,0.025,40,-14.967241889986312
0.4,0.025,41,-7.808937141643611
0.4,0.025,42,-7.531261290855966
0.4,0.025,43,-5.919039647700316
0.4,0.025,44,-4.636348508420426
0.4,0.025,45,-4.454478545605099
0.4,0.025,46,-3.5453334253325295
0.4,0.025,47,-2.8614823794406306
0.4,0.025,48,-2.1916327823852555
0.4,0.025,49,-1.2373031958109948
0.4,0.025,50,-0.3190486962775907
0.4,0.025,51,0.8600260077528503
0.4,0.025,52,2.026914603908608
0.4,0.025,53,3.3672209837580027
0.4,0.025,54,4.748169843524991
0.4,0.025,55,6.280873130665981
0.4,0.025,56,7.907346020242429
0.4,0.025,57,9.620581490414565
0.4,0.025,58,11.409581542244439
0.4,0.025,59,13.271834079945151
0.4,0.025,60,15.179021146290552
0.4,0.025,61,16.944669109487414
0.4,0.025,62,16.972341482658923
0.4,0.025,63,17.044174013029288
0.4,0.025,64,18.428375015955083
0.4,0.025,65,18.698164737411908
0.4,0.025,66,18.756065395225377
0.4,0.025,67,19.398703459219035
0.4,0.025,68,19.646992203957566
0.4,0.025,69,20.112450388131663
0.4,0.025,70,20.486155821801688
0.4,0.025,71,20.811968789008972
0.4,0.025,72,21.091336972549527
0.4,0.025,73,21.324616310724934
0.4,0.025,74,21.742541459904643
0.4,0.025,75,21.833993145939232
0.4,0.025,76,22.289360300092767
0.4,0.025,77,22.85724008392139
0.4,0.025,78,22.923639626280707
0.4,0.025,79,25.331551185633728
0.4,0.025,80,31.463545919001874
0.4,0.025,81,33.06632113523413
0.4,0.025,82,35.86542513088523
0.4,0.025,83,36.39006981632326
0.4,0.025,84,38.009717149214325
0.4,0.025,85,39.87846377741764
0.4,0.025,86,40.44283860479822
0.4,0.025,87,42.23712202490717
0.4,0.025,88,42.446677647043494
0.4,0.025,89,43.74017332792746
0.4,0.025,90,45.27670456997007
0.4,0.025,91,45.61746783640964
0.4,0.025,92,46.846161585368485
0.4,0.025,93,47.07328023727035
0.4,0.025,94,48.66195289185325
0.4,0.025,95,49.33336785931552
0.4,0.025,96,50.105415555218606
0.4,0.025,97,50.98757263394344
0.4,0.025,98,51.83050793305317
0.4,0.025,99,52.53205804314323
0.4,0.025,100,53.14369982441371
0.4,0.025,101,53.67519388953338
0.4,0.025,102,54.58468730822118
0.4,0.025,103,56.79513880351214
0.4,0.025,104,59.09938712971927
0.4,0.025,105,61.5668184900122
0.4,0.025,106,64.15101753414169
0.4,0.025,107,65.69753071642762
0.4,0.025,108,66.78726945780174
0.4,0.025,109,69.30975223554773
0.4,0.025,110,70.75460662645187
0.4,0.025,111,72.44499280258519
0.4,0.025,112,74.70522048322934
0.4,0.025,113,76.80303396348947
0.4,0.025,114,79.68124356309801
0.4,0.025,115,82.63225903109625
0.4,0.025,116,86.26677229131579
0.4,0.025,117,91.27354473818954
0.4,0.025,118,96.79130710543215
0.425,0.025,1,-93.60970800315793
0.425,0.025,2,-86.28354424758281
0.425,0.025,3,-81.21448750593326
0.425,0.025,4,-78.17362354525555
0.425,0.025,5,-74.86510415932834
0.425,0.025,6,-71.39882643778849
0.425,0.025,7,-69.26889626625662
0.425,0.025,8,-67.470119758492
0.425,0.025,9,-63.08122791165489
0.425,0.025,10,-62.69864471742564
0.425,0.025,11,-60.76989677492416
0.425,0.025,12,-57.181895151507874
0.425,0.025,13,-55.55593740246512
0.425,0.025,14,-54.417057602998355
0.425,0.025,15,-51.43975733902461
0.425,0.025,16,-50.5962728473598
0.425,0.025,17,-49.022491225426606
0.425,0.025,18,-47.00760874432525
0.425,0.025,19,-45.39308122876362
0.425,0.025,20,-45.07481963980173
0.425,0.025,21,-42.6869574638056
0.425,0.025,22,-41.5932702026512
0.425,0.025,23,-41.32970553049553
0.425,0.025,24,-39.39625313966427
0.425,0.025,25,-38.73381599532546
0.425,0.025,26,-38.25454999381479
0.425,0.025,27,-36.871060640274806
0.425,0.025,28,-36.7422442604732
0.425,0.025,29,-36.54550812817975
0.425,0.025,30,-35.88240185034691
0.425,0.025,31,-34.20331589205351
0.425,0.025,32,-34.09584530621961
0.425,0.025,33,-31.619711422472008
0.425,0.025,34,-30.87446479785828
0.425,0.025,35,-28.861283333912084
0.425,0.025,36,-26.230513781411048
0.425,0.025,37,-25.560440983752613
0.425,0.025,38,-21.19472935672411
0.425,0.025,39,-21.064470679006746
0.425,0.025,40,-14.967275408304033
0.425,0.025,41,-7.807588037268459
0.425,0.025,42,-7.53374516660989
0.425,0.025,43,-5.908784658574419
0.425,0.025,44,-4.769044021551878
0.425,0.025,45,-4.246369565102114
0.425,0.025,46,-3.682152734693929
0.425,0.025,47,-2.8008258248307953
0.425,0.025,48,-2.1768487656367483
0.425,0.025,49,-1.2866603428156367
0.425,0.025,50,-0.277119663527273
0.425,0.025,51,0.8342826522531084
0.425,0.025,52,2.043925839414271
0.425,0.025,53,3.3553795917010234
0.425,0.025,54,4.755290199798921
0.425,0.025,55,6.277946208076372
0.425,0.025,56,7.908060983129488
0.425,0.025,57,9.620521580296227
0.425,0.025,58,11.40961903479159
0.425,0.025,59,13.271757286802597
0.425,0.025,60,15.179064345283024
0.425,0.025,61,16.946563159336684
0.425,0.025,62,16.972215583000978
0.425,0.025,63,17.04196608793859
0.425,0.025,64,18.432640703109726
0.425,0.025,65,18.697962079055603
0.425,0.025,66,18.75104685818158
0.425,0.025,67,19.39671890614956
0.425,0.025,68,19.656256550265297
0.425,0.025,69,20.094878309289555
0.425,0.025,70,20.505697138464285
0.425,0.025,71,20.830858274840566
0.425,0.025,72,21.02654667454749
0.425,0.025,73,21.385073113813505
0.425,0.025,74,21.69445746963879
0.425,0.025,75,21.860298920964766
0.425,0.025,76,22.28864965869235
0.425,0.025,77,22.857774549680695
0.425,0.025,78,22.92315775294066
0.425,0.025,79,25.331491751707674
0.425,0.025,80,31.463557725205675
0.425,0.025,81,33.06655018961204
0.425,0.025,82,35.865961803959785
0.425,0.025,83,36.39067019261469
0.425,0.025,84,38.005888430571865
0.425,0.025,85,39.88850766353774
0.425,0.025,86,40.43222980797439
0.425,0.025,87,42.2367254125714
0.425,0.025,88,42.436952634221626
0.425,0.025,89,43.79844076425955
0.425,0.025,90,45.265708972360066
0.425,0.025,91,45.45610867470508
0.425,0.025,92,46.99302563776321
0.425,0.025,93,47.48311499218413
0.425,0.025,94,47.84262745251055
0.425,0.025,95,49.72368726856622
0.425,0.025,96,50.52967964300602
0.425,0.025,97,50.90719437006749
0.425,0.025,98,51.16264735749496
0.425,0.025,99,52.88599350737849
0.425,0.025,100,53.284868420256004
0.425,0.025,101,53.57234153062204
0.425,0.025,102,54.51296912962107
0.425,0.025,103,56.79384160228532
0.425,0.025,104,59.096104148865834
0.425,0.025,105,61.5835194919659
0.425,0.025,106,64.17990932458355
0.425,0.025,107,65.49351897239578
0.425,0.025,108,67.02008005628551
0.425,0.025,109,69.44559748515277
0.425,0.025,110,70.33050468098625
0.425,0.025,111,72.88902867057487
0.425,0.025,112,74.35041622049698
0.425,0.025,113,76.99893821635531
0.425,0.025,114,79.59319404561046
0.425,0.025,115,82.66332231710052
0.425,0.025,116,86.25908866019743
0.425,0.025,117,91.27431600998099
0.425,0.025,118,96.7911722348695
0.45,0.025,1,-93.6142559454402
0.45,0.025,2,-86.2883272543932
0.45,0.025,3,-81.03695300542934
0.45,0.025,4,-78.58214320753696
0.45,0.025,5,-74.39425671196592
0.45,0.025,6,-71.23791215706036
0.45,0.025,7,-70.30897678067807
0.45,0.025,8,-66.10916795071891
0.45,0.025,9,-64.4052051827076
0.45,0.025,10,-62.6093259245924
0.45,0.025,11,-59.831690722804225
0.45,0.025,12,-57.48501199070226
0.45,0.025,13,-56.266289595803
0.45,0.025,14,-53.42273649135673
0.45,0.025,15,-51.854289432491655
0.45,0.025,16,-50.894143491951766
0.45,0.025,17,-48.1694465675083
0.45,0.025,18,-47.604673610152176
0.45,0.025,19,-45.92355534324874
0.45,0.025,20,-44.0751374707482
0.45,0.025,21,-43.140057978458444
0.45,0.025,22,-42.08375034607643
0.45,0.025,23,-40.3784896611982
0.45,0.025,24,-39.86029258005048
0.45,0.025,25,-38.99372059948631
0.45,0.025,26,-37.69859382108886
0.45,0.025,27,-37.234611476680485
0.45,0.025,28,-36.82974374721927
0.45,0.025,29,-36.3105871434863
0.45,0.025,30,-35.912253022664586
0.45,0.025,31,-34.205879049159016
0.45,0.025,32,-34.0960684577791
0.45,0.025,33,-31.621363906192542
0.45,0.025,34,-30.87354828215271
0.45,0.025,35,-28.86048253820249
0.45,0.025,36,-26.23049597254051
0.45,0.025,37,-25.560807702717582
0.45,0.025,38,-21.1945857040688
0.45,0.025,39,-21.064642720846138
0.45,0.025,40,-14.967241889986283
0.45,0.025,41,-7.808937141643597
0.45,0.025,42,-7.531261290855838
0.45,0.025,43,-5.919039647700245
0.45,0.025,44,-4.636348508420468
0.45,0.025,45,-4.454478545605085
0.45,0.025,46,-3.545333425332487
0.45,0.025,47,-2.861482379440659
0.45,0.025,48,-2.191632782385284
0.45,0.025,49,-1.2373031958109948
0.45,0.025,50,-0.31904869627756227
0.45,0.025,51,0.8600260077528361
0.45,0.025,52,2.026914603908679
0.45,0.025,53,3.367220983758017
0.45,0.025,54,4.748169843524963
0.45,0.025,55,6.280873130665924
0.45,0.025,56,7.907346020242414
0.45,0.025,57,9.62058149041448
0.45,0.025,58,11.409581542244354
0.45,0.025,59,13.271834079945194
0.45,0.025,60,15.179021146290665
0.45,0.025,61,16.944669109487297
0.45,0.025,62,16.97234148265883
0.45,0.025,63,17.044174013029046
0.45,0.025,64,18.428375015955254
0.45,0.025,65,18.6981647374117
0.45,0.025,66,18.75606539522543
0.45,0.025,67,19.398703459218993
0.45,0.025,68,19.646992203957282
0.45,0.025,69,20.11245038813182
0.45,0.025,70,20.486155821801518
0.45,0.025,71,20.811968789009356
0.45,0.025,72,21.091336972549556
0.45,0.025,73,21.324616310724892
0.45,0.025,74,21.742541459904146
0.45,0.025,75,21.833993145939317
0.45,0.025,76,22.28936030009271
0.45,0.025,77,22.857240083921216
0.45,0.025,78,22.923639626280853
0.45,0.025,79,25.33155118563353
0.45,0.025,80,31.463545919000964
0.45,0.025,81,33.066321135234105
0.45,0.025,82,35.86542513088488
0.45,0.025,83,36.39006981632239
0.45,0.025,84,38.00971714921441
0.45,0.025,85,39.878463777417664
0.45,0.025,86,40.44283860479844
0.45,0.025,87,42.23712202490761
0.45,0.025,88,42.446677647043636
0.45,0.025,89,43.7401733279275
0.45,0.025,90,45.276704569970065
0.45,0.025,91,45.61746783641003
0.45,0.025,92,46.84616158536842
0.45,0.025,93,47.07328023727057
0.45,0.025,94,48.661952891853815
0.45,0.025,95,49.33336785931602
0.45,0.025,96,50.10541555521793
0.45,0.025,97,50.98757263394308
0.45,0.025,98,51.830507933053276
0.45,0.025,99,52.5320580431432
0.45,0.025,100,53.14369982441412
0.45,0.025,101,53.67519388953392
0.45,0.025,102,54.58468730822125
0.45,0.025,103,56.795138803513
0.45,0.025,104,59.09938712971859
0.45,0.025,105,61.566818490011315
0.45,0.025,106,64.15101753414206
0.45,0.025,107,65.69753071642796
0.45,0.025,108,66.78726945780299
0.45,0.025,109,69.3097522355468
0.45,0.025,110,70.75460662645081
0.45,0.025,111,72.44499280258532
0.45,0.025,112,74.70522048322891
0.45,0.025,113,76.80303396348958
0.45,0.025,114,79.68124356309771
0.45,0.025,115,82.63225903109644
0.45,0.025,116,86.26677229131539
0.45,0.025,117,91.27354473818937
0.45,0.025,118,96.79130710543228
0.475,0.025,1,-93.60970800315725
0.475,0.025,2,-86.28354424758238
0.475,0.025,3,-81.21448750593372
0.475,0.025,4,-78.17362354525518
0.475,0.025,5,-74.8651041593288
0.475,0.025,6,-71.3988264377888
0.475,0.025,7,-69.26889626625665
0.475,0.025,8,-67.4701197584918
0.475,0.025,9,-63.08122791165441
0.475,0.025,10,-62.69864471742592
0.475,0.025,11,-60.76989677492499
0.475,0.025,12,-57.18189515150796
0.475,0.025,13,-55.55593740246495
0.475,0.025,14,-54.41705760299875
0.475,0.025,15,-51.439757339024666
0.475,0.025,16,-50.596272847359515
0.475,0.025,17,-49.02249122542581
0.475,0.025,18,-47.00760874432497
0.475,0.025,19,-45.39308122876248
0.475,0.025,20,-45.07481963980213
0.475,0.025,21,-42.6869574638058
0.475,0.025,22,-41.59327020265174
0.475,0.025,23,-41.32970553049556
0.475,0.025,24,-39.39625313966455
0.475,0.025,25,-38.73381599532591
0.475,0.025,26,-38.254549993814194
0.475,0.025,27,-36.87106064027403
0.475,0.025,28,-36.742244260473136
0.475,0.025,29,-36.54550812817983
0.475,0.025,30,-35.882401850346994
0.475,0.025,31,-34.20331589205305
0.475,0.025,32,-34.09584530621951
0.475,0.025,33,-31.619711422471894
0.475,0.025,34,-30.874464797858025
0.475,0.025,35,-28.861283333912226
0.475,0.025,36,-26.230513781411133
0.475,0.025,37,-25.56044098375284
0.475,0.025,38,-21.19472935672384
0.475,0.025,39,-21.064470679006675
0.475,0.025,40,-14.96727540830409
0.475,0.025,41,-7.807588037268303
0.475,0.025,42,-7.533745166609691
0.475,0.025,43,-5.908784658574376
0.475,0.025,44,-4.7690440215518635
0.475,0.025,45,-4.246369565102029
0.475,0.025,46,-3.6821527346939575
0.475,0.025,47,-2.800825824830767
0.475,0.025,48,-2.1768487656367768
0.475,0.025,49,-1.2866603428156225
0.475,0.025,50,-0.2771196635272588
0.475,0.025,51,0.8342826522531084
0.475,0.025,52,2.043925839414257
0.475,0.025,53,3.355379591701052
0.475,0.025,54,4.755290199799006
0.475,0.025,55,6.277946208076344
0.475,0.025,56,7.908060983129559
0.475,0.025,57,9.62052158029637
0.475,0.025,58,11.409619034791703
0.475,0.025,59,13.271757286802568
0.475,0.025,60,15.179064345283223
0.475,0.025,61,16.946563159336687
0.475,0.025,62,16.9722155830009
0.475,0.025,63,17.04196608793864
0.475,0.025,64,18.43264070310974
0.475,0.025,65,18.697962079055323
0.475,0.025,66,18.751046858181518
0.475,0.025,67,19.396718906149502
0.475,0.025,68,19.65625655026504
0.475,0.025,69,20.09487830928974
0.475,0.025,70,20.505697138464072
0.475,0.025,71,20.830858274840494
0.475,0.025,72,21.026546674547163
0.475,0.025,73,21.385073113813803
0.475,0.025,74,21.69445746963892
0.475,0.025,75,21.860298920965647
0.475,0.025,76,22.28864965869225
0.475,0.025,77,22.857774549680943
0.475,0.025,78,22.923157752940824
0.475,0.025,79,25.331491751706835
0.475,0.025,80,31.46355772520576
0.475,0.025,81,33.06655018961195
0.475,0.025,82,35.8659618039602
0.475,0.025,83,36.39067019261458
0.475,0.025,84,38.005888430572206
0.475,0.025,85,39.88850766353788
0.475,0.025,86,40.43222980797483
0.475,0.025,87,42.23672541257181
0.475,0.025,88,42.43695263422248
0.475,0.025,89,43.79844076426033
0.475,0.025,90,45.26570897236014
0.475,0.025,91,45.45610867470466
0.475,0.025,92,46.99302563776291
0.475,0.025,93,47.48311499218414
0.475,0.025,94,47.8426274525103
0.475,0.025,95,49.7236872685654
0.475,0.025,96,50.52967964300661
0.475,0.025,97,50.907194370067394
0.475,0.025,98,51.162647357496134
0.475,0.025,99,52.88599350737893
0.475,0.025,100,53.284868420256025
0.475,0.025,101,53.57234153062355
0.475,0.025,102,54.51296912962037
0.475,0.025,103,56.793841602285205
0.475,0.025,104,59.09610414886697
0.475,0.025,105,61.5835194919654
0.475,0.025,106,64.17990932458335
0.475,0.025,107,65.4935189723965
0.475,0.025,108,67.02008005628531
0.475,0.025,109,69.44559748515255
0.475,0.025,110,70.33050468098682
0.475,0.025,111,72.8890286705736
0.475,0.025,112,74.35041622049629
0.475,0.025,113,76.99893821635567
0.475,0.025,114,79.59319404560966
0.475,0.025,115,82.66332231710022
0.475,0.025,116,86.25908866019867
0.475,0.025,117,91.27431600998082
0.475,0.025,118,96.79117223486955
0.5,0.025,1,-93.61425594543961
0.5,0.025,2,-86.28832725439331
0.5,0.025,3,-81.03695300542874
0.5,0.025,4,-78.5821432075367
0.5,0.025,5,-74.3942567119659
0.5,0.025,6,-71.23791215705988
0.5,0.025,7,-70.30897678067738
0.5,0.025,8,-66.10916795071732
0.5,0.025,9,-64.40520518270698
0.5,0.025,10,-62.60932592459183
0.5,0.025,11,-59.83169072280445
0.5,0.025,12,-57.485011990702716
0.5,0.025,13,-56.26628959580317
0.5,0.025,14,-53.42273649135659
0.5,0.025,15,-51.85428943249194
0.5,0.025,16,-50.89414349195171
0.5,0.025,17,-48.16944656750782
0.5,0.025,18,-47.60467361015155
0.5,0.025,19,-45.92355534324916
0.5,0.025,20,-44.07513747074735
0.5,0.025,21,-43.140057978458984
0.5,0.025,22,-42.08375034607654
0.5,0.025,23,-40.378489661197605
0.5,0.025,24,-39.86029258005051
0.5,0.025,25,-38.99372059948668
0.5,0.025,26,-37.69859382108909
0.5,0.025,27,-37.23461147668111
0.5,0.025,28,-36.82974374721972
0.5,0.025,29,-36.31058714348539
0.5,0.025,30,-35.912253022664814
0.5,0.025,31,-34.20587904915841
0.5,0.025,32,-34.096068457779026
0.5,0.025,33,-31.621363906192713
0.5,0.025,34,-30.873548282152882
0.5,0.025,35,-28.860482538202575
0.5,0.025,36,-26.23049597254102
0.5,0.025,37,-25.560807702717852
0.5,0.025,38,-21.19458570406887
0.5,0.025,39,-21.06464272084625
0.5,0.025,40,-14.967241889986497
0.5,0.025,41,-7.808937141643597
0.5,0.025,42,-7.5312612908558805
0.5,0.025,43,-5.919039647700302
0.5,0.025,44,-4.63634850842044
0.5,0.025,45,-4.454478545605099
0.5,0.025,46,-3.5453334253325863
0.5,0.025,47,-2.8614823794406163
0.5,0.025,48,-2.1916327823853123
0.5,0.025,49,-1.2373031958109948
0.5,0.025,50,-0.3190486962775907
0.5,0.025,51,0.8600260077528645
0.5,0.025,52,2.026914603908594
0.5,0.025,53,3.367220983758017
0.5,0.025,54,4.748169843524977
0.5,0.025,55,6.280873130665952
0.5,0.025,56,7.907346020242414
0.5,0.025,57,9.620581490414509
0.5,0.025,58,11.409581542244439
0.5,0.025,59,13.27183407994508
0.5,0.025,60,15.179021146290538
0.5,0.025,61,16.944669109487563
0.5,0.025,62,16.972341482658944
0.5,0.025,63,17.044174013029235
0.5,0.025,64,18.42837501595517
0.5,0.025,65,18.69816473741196
0.5,0.025,66,18.756065395225498
0.5,0.025,67,19.39870345921912
0.5,0.025,68,19.64699220395741
0.5,0.025,69,20.112450388131492
0.5,0.025,70,20.48615582180163
0.5,0.025,71,20.811968789008645
0.5,0.025,72,21.0913369725493
0.5,0.025,73,21.324616310724835
0.5,0.025,74,21.742541459904714
0.5,0.025,75,21.833993145939004
0.5,0.025,76,22.289360300092568
0.5,0.025,77,22.85724008392142
0.5,0.025,78,22.92363962628061
0.5,0.025,79,25.331551185633714
0.5,0.025,80,31.463545919002073
0.5,0.025,81,33.06632113523433
0.5,0.025,82,35.86542513088528
0.5,0.025,83,36.39006981632365
0.5,0.025,84,38.00971714921439
0.5,0.025,85,39.87846377741771
0.5,0.025,86,40.44283860479871
0.5,0.025,87,42.23712202490746
0.5,0.025,88,42.44667764704377
0.5,0.025,89,43.74017332792706
0.5,0.025,90,45.276704569970036
0.5,0.025,91,45.61746783640934
0.5,0.025,92,46.84616158536897
0.5,0.025,93,47.073280237271085
0.5,0.025,94,48.66195289185323
0.5,0.025,95,49.33336785931533
0.5,0.025,96,50.10541555521863
0.5,0.025,97,50.98757263394337
0.5,0.025,98,51.830507933052914
0.5,0.025,99,52.53205804314223
0.5,0.025,100,53.143699824413616
0.5,0.025,101,53.67519388953356
0.5,0.025,102,54.58468730822159
0.5,0.025,103,56.79513880351249
0.5,0.025,104,59.099387129718956
0.5,0.025,105,61.56681849001137
0.5,0.025,106,64.15101753414231
0.5,0.025,107,65.69753071642775
0.5,0.025,108,66.78726945780255
0.5,0.025,109,69.30975223554779
0.5,0.025,110,70.75460662645142
0.5,0.025,111,72.44499280258549
0.5,0.025,112,74.70522048322889
0.5,0.025,113,76.80303396348904
0.5,0.025,114,79.68124356309724
0.5,0.025,115,82.63225903109556
0.5,0.025,116,86.26677229131575
0.5,0.025,117,91.2735447381886
0.5,0.025,118,96.79130710543205
0.525,0.025,1,-93.60970800315776
0.525,0.025,2,-86.28354424758292
0.525,0.025,3,-81.21448750593301
0.525,0.025,4,-78.17362354525561
0.525,0.025,5,-74.86510415932831
0.525,0.025,6,-71.3988264377886
0.525,0.025,7,-69.26889626625798
0.525,0.025,8,-67.4701197584918
0.525,0.025,9,-63.081227911655006
0.525,0.025,10,-62.69864471742606
0.525,0.025,11,-60.76989677492473
0.525,0.025,12,-57.181895151508954
0.525,0.025,13,-55.55593740246586
0.525,0.025,14,-54.417057602998554
0.525,0.025,15,-51.43975733902475
0.525,0.025,16,-50.59627284735937
0.525,0.025,17,-49.02249122542564
0.525,0.025,18,-47.007608744324855
0.525,0.025,19,-45.39308122876285
0.525,0.025,20,-45.07481963980207
0.525,0.025,21,-42.686957463805456
0.525,0.025,22,-41.59327020265157
0.525,0.025,23,-41.32970553049505
0.525,0.025,24,-39.39625313966387
0.525,0.025,25,-38.733815995325685
0.525,0.025,26,-38.25454999381462
0.525,0.025,27,-36.871060640274266
0.525,0.025,28,-36.74224426047296
0.525,0.025,29,-36.54550812817992
0.525,0.025,30,-35.8824018503466
0.525,0.025,31,-34.20331589205341
0.525,0.025,32,-34.095845306219765
0.525,0.025,33,-31.619711422471866
0.525,0.025,34,-30.874464797858238
0.525,0.025,35,-28.861283333912127
0.525,0.025,36,-26.23051378141112
0.525,0.025,37,-25.56044098375277
0.525,0.025,38,-21.194729356723997
0.525,0.025,39,-21.064470679006803
0.525,0.025,40,-14.96727540830409
0.525,0.025,41,-7.807588037268374
0.525,0.025,42,-7.533745166609805
0.525,0.025,43,-5.90878465857439
0.525,0.025,44,-4.7690440215518635
0.525,0.025,45,-4.246369565102114
0.525,0.025,46,-3.682152734693929
0.525,0.025,47,-2.800825824830767
0.525,0.025,48,-2.1768487656367483
0.525,0.025,49,-1.2866603428156225
0.525,0.025,50,-0.2771196635272588
0.525,0.025,51,0.8342826522531084
0.525,0.025,52,2.0439258394142428
0.525,0.025,53,3.355379591701066
0.525,0.025,54,4.755290199798964
0.525,0.025,55,6.277946208076301
0.525,0.025,56,7.908060983129545
0.525,0.025,57,9.620521580296298
0.525,0.025,58,11.409619034791632
0.525,0.025,59,13.271757286802597
0.525,0.025,60,15.179064345283123
0.525,0.025,61,16.946563159336595
0.525,0.025,62,16.97221558300042
0.525,0.025,63,17.041966087938277
0.525,0.025,64,18.432640703109655
0.525,0.025,65,18.69796207905547
0.525,0.025,66,18.75104685818132
0.525,0.025,67,19.396718906149374
0.525,0.025,68,19.656256550265155
0.525,0.025,69,20.094878309289527
0.525,0.025,70,20.505697138464214
0.525,0.025,71,20.83085827484048
0.525,0.025,72,21.026546674547276
0.525,0.025,73,21.38507311381366
0.525,0.025,74,21.694457469638834
0.525,0.025,75,21.86029892096562
0.525,0.025,76,22.28864965869228
0.525,0.025,77,22.8577745496808
0.525,0.025,78,22.923157752940643
0.525,0.025,79,25.33149175170719
0.525,0.025,80,31.463557725205746
0.525,0.025,81,33.066550189612094
0.525,0.025,82,35.86596180395977
0.525,0.025,83,36.3906701926145
0.525,0.025,84,38.00588843057239
0.525,0.025,85,39.888507663538356
0.525,0.025,86,40.43222980797428
0.525,0.025,87,42.236725412571666
0.525,0.025,88,42.43695263422195
0.525,0.025,89,43.79844076425986
0.525,0.025,90,45.265708972360116
0.525,0.025,91,45.45610867470488
0.525,0.025,92,46.993025637762415
0.525,0.025,93,47.48311499218412
0.525,0.025,94,47.84262745251058
0.525,0.025,95,49.72368726856611
0.525,0.025,96,50.52967964300633
0.525,0.025,97,50.907194370068204
0.525,0.025,98,51.16264735749602
0.525,0.025,99,52.885993507378515
0.525,0.025,100,53.284868420256245
0.525,0.025,101,53.57234153062251
0.525,0.025,102,54.51296912962029
0.525,0.025,103,56.79384160228534
0.525,0.025,104,59.09610414886598
0.525,0.025,105,61.58351949196567
0.525,0.025,106,64.17990932458335
0.525,0.025,107,65.49351897239742
0.525,0.025,108,67.02008005628588
0.525,0.025,109,69.44559748515287
0.525,0.025,110,70.330504680987
0.525,0.025,111,72.8890286705743
0.525,0.025,112,74.35041622049728
0.525,0.025,113,76.99893821635567
0.525,0.025,114,79.59319404561154
0.525,0.025,115,82.66332231710103
0.525,0.025,116,86.25908866019812
0.525,0.025,117,91.27431600997932
0.525,0.025,118,96.79117223486907
0.55,0.025,1,-93.61425594544046
0.55,0.025,2,-86.28832725439311
0.55,0.025,3,-81.03695300542917
0.55,0.025,4,-78.58214320753693
0.55,0.025,5,-74.39425671196538
0.55,0.025,6,-71.23791215706025
0.55,0.025,7,-70.30897678067798
0.55,0.025,8,-66.10916795071871
0.55,0.025,9,-64.4052051827069
0.55,0.025,10,-62.609325924592284
0.55,0.025,11,-59.831690722804225
0.55,0.025,12,-57.48501199070235
0.55,0.025,13,-56.266289595803656
0.55,0.025,14,-53.42273649135744
0.55,0.025,15,-51.85428943249154
0.55,0.025,16,-50.89414349195182
0.55,0.025,17,-48.16944656750776
0.55,0.025,18,-47.60467361015189
0.55,0.025,19,-45.92355534324845
0.55,0.025,20,-44.07513747074758
0.55,0.025,21,-43.140057978458444
0.55,0.025,22,-42.08375034607606
0.55,0.025,23,-40.3784896611982
0.55,0.025,24,-39.860292580050256
0.55,0.025,25,-38.993720599486764
0.55,0.025,26,-37.69859382108875
0.55,0.025,27,-37.23461147668117
0.55,0.025,28,-36.82974374721958
0.55,0.025,29,-36.31058714348639
0.55,0.025,30,-35.912253022664416
0.55,0.025,31,-34.20587904915847
0.55,0.025,32,-34.09606845777888
0.55,0.025,33,-31.62136390619257
0.55,0.025,34,-30.873548282153052
0.55,0.025,35,-28.8604825382031
0.55,0.025,36,-26.23049597254031
0.55,0.025,37,-25.560807702717824
0.55,0.025,38,-21.194585704069027
0.55,0.025,39,-21.064642720846194
0.55,0.025,40,-14.967241889986354
0.55,0.025,41,-7.8089371416439946
0.55,0.025,42,-7.531261290855937
0.55,0.025,43,-5.919039647700302
0.55,0.025,44,-4.63634850842044
0.55,0.025,45,-4.4544785456051414
0.55,0.025,46,-3.545333425332501
0.55,0.025,47,-2.861482379440716
0.55,0.025,48,-2.191632782385298
0.55,0.025,49,-1.237303195811009
0.55,0.025,50,-0.3190486962775765
0.55,0.025,51,0.8600260077528503
0.55,0.025,52,2.026914603908608
0.55,0.025,53,3.367220983757818
0.55,0.025,54,4.7481698435248205
0.55,0.025,55,6.280873130665867
0.55,0.025,56,7.907346020242414
0.55,0.025,57,9.620581490414423
0.55,0.025,58,11.40958154224451
0.55,0.025,59,13.271834079945137
0.55,0.025,60,15.179021146290694
0.55,0.025,61,16.944669109487382
0.55,0.025,62,16.972341482658784
0.55,0.025,63,17.044174013029014
0.55,0.025,64,18.428375015955027
0.55,0.025,65,18.698164737411926
0.55,0.025,66,18.756065395225388
0.55,0.025,67,19.398703459219007
0.55,0.025,68,19.646992203957694
0.55,0.025,69,20.112450388131492
0.55,0.025,70,20.48615582180173
0.55,0.025,71,20.811968789008958
0.55,0.025,72,21.0913369725495
0.55,0.025,73,21.324616310724693
0.55,0.025,74,21.742541459904274
0.55,0.025,75,21.833993145939388
0.55,0.025,76,22.289360300092596
0.55,0.025,77,22.8572400839213
0.55,0.025,78,22.92363962628061
0.55,0.025,79,25.33155118563343
0.55,0.025,80,31.463545919001717
0.55,0.025,81,33.06632113523426
0.55,0.025,82,35.865425130884866
0.55,0.025,83,36.390069816322956
0.55,0.025,84,38.00971714921475
0.55,0.025,85,39.878463777418126
0.55,0.025,86,40.44283860479854
0.55,0.025,87,42.23712202490704
0.55,0.025,88,42.44667764704321
0.55,0.025,89,43.740173327926954
0.55,0.025,90,45.27670456996991
0.55,0.025,91,45.61746783641025
0.55,0.025,92,46.84616158536816
0.55,0.025,93,47.07328023726964
0.55,0.025,94,48.66195289185329
0.55,0.025,95,49.333367859315786
0.55,0.025,96,50.105415555218705
0.55,0.025,97,50.9875726339444
0.55,0.025,98,51.83050793305461
0.55,0.025,99,52.53205804314259
0.55,0.025,100,53.14369982441348
0.55,0.025,101,53.67519388953251
0.55,0.025,102,54.58468730822139
0.55,0.025,103,56.795138803512856
0.55,0.025,104,59.09938712971955
0.55,0.025,105,61.56681849001297
0.55,0.025,106,64.15101753414072
0.55,0.025,107,65.69753071642793
0.55,0.025,108,66.78726945780161
0.55,0.025,109,69.30975223554807
0.55,0.025,110,70.75460662645116
0.55,0.025,111,72.44499280258586
0.55,0.025,112,74.7052204832294
0.55,0.025,113,76.80303396349012
0.55,0.025,114,79.68124356309843
0.55,0.025,115,82.63225903109665
0.55,0.025,116,86.2667722913155
0.55,0.025,117,91.27354473818892
0.55,0.025,118,96.79130710543198
0.575,0.025,1,-93.6097080031574
0.575,0.025,2,-86.2835442475829
0.575,0.025,3,-81.21448750593414
0.575,0.025,4,-78.17362354525552
0.575,0.025,5,-74.86510415932831
0.575,0.025,6,-71.39882643778908
0.575,0.025,7,-69.26889626625588
0.575,0.025,8,-67.47011975849166
0.575,0.025,9,-63.08122791165407
0.575,0.025,10,-62.698644717425836
0.575,0.025,11,-60.769896774923765
0.575,0.025,12,-57.181895151506794
0.575,0.025,13,-55.555937402466114
0.575,0.025,14,-54.41705760299898
0.575,0.025,15,-51.43975733902569
0.575,0.025,16,-50.59627284735943
0.575,0.025,17,-49.022491225425924
0.575,0.025,18,-47.007608744325054
0.575,0.025,19,-45.39308122876217
0.575,0.025,20,-45.07481963980162
0.575,0.025,21,-42.68695746380625
0.575,0.025,22,-41.59327020265168
0.575,0.025,23,-41.32970553049556
0.575,0.025,24,-39.396253139663926
0.575,0.025,25,-38.733815995325315
0.575,0.025,26,-38.25454999381414
0.575,0.025,27,-36.871060640274074
0.575,0.025,28,-36.742244260473456
0.575,0.025,29,-36.545508128179776
0.575,0.025,30,-35.88240185034708
0.575,0.025,31,-34.20331589205316
0.575,0.025,32,-34.09584530621943
0.575,0.025,33,-31.619711422471724
0.575,0.025,34,-30.874464797857726
0.575,0.025,35,-28.861283333912183
0.575,0.025,36,-26.23051378141126
0.575,0.025,37,-25.560440983752628
0.575,0.025,38,-21.194729356723514
0.575,0.025,39,-21.064470679006746
0.575,0.025,40,-14.967275408303834
0.575,0.025,41,-7.807588037268488
0.575,0.025,42,-7.533745166609762
0.575,0.025,43,-5.908784658574376
0.575,0.025,44,-4.769044021551892
0.575,0.025,45,-4.246369565102015
0.575,0.025,46,-3.682152734693986
0.575,0.025,47,-2.800825824830838
0.575,0.025,48,-2.1768487656367768
0.575,0.025,49,-1.286660342815594
0.575,0.025,50,-0.27711966352728723
0.575,0.025,51,0.8342826522530942
0.575,0.025,52,2.0439258394142854
0.575,0.025,53,3.3553795917010945
0.575,0.025,54,4.755290199798964
0.575,0.025,55,6.277946208076315
0.575,0.025,56,7.908060983129559
0.575,0.025,57,9.62052158029627
0.575,0.025,58,11.409619034791646
0.575,0.025,59,13.27175728680271
0.575,0.025,60,15.179064345283152
0.575,0.025,61,16.946563159336705
0.575,0.025,62,16.972215583001095
0.575,0.025,63,17.041966087938548
0.575,0.025,64,18.43264070310954
0.575,0.025,65,18.697962079055415
0.575,0.025,66,18.75104685818158
0.575,0.025,67,19.396718906149488
0.575,0.025,68,19.65625655026514
0.575,0.025,69,20.09487830928977
0.575,0.025,70,20.5056971384642
0.575,0.025,71,20.83085827484055
0.575,0.025,72,21.02654667454763
0.575,0.025,73,21.385073113814045
0.575,0.025,74,21.694457469639758
0.575,0.025,75,21.860298920965505
0.575,0.025,76,22.288649658692336
0.575,0.025,77,22.85777454968076
0.575,0.025,78,22.923157752940956
0.575,0.025,79,25.331491751707205
0.575,0.025,80,31.46355772520549
0.575,0.025,81,33.06655018961197
0.575,0.025,82,35.86596180395974
0.575,0.025,83,36.390670192614415
0.575,0.025,84,38.00588843057165
0.575,0.025,85,39.88850766353733
0.575,0.025,86,40.43222980797457
0.575,0.025,87,42.23672541257204
0.575,0.025,88,42.43695263422163
0.575,0.025,89,43.798440764259006
0.575,0.025,90,45.26570897236026
0.575,0.025,91,45.45610867470406
0.575,0.025,92,46.99302563776218
0.575,0.025,93,47.48311499218466
0.575,0.025,94,47.84262745251015
0.575,0.025,95,49.723687268566124
0.575,0.025,96,50.529679643006325
0.575,0.025,97,50.90719437006826
0.575,0.025,98,51.162647357495736
0.575,0.025,99,52.88599350737843
0.575,0.025,100,53.28486842025609
0.575,0.025,101,53.572341530623625
0.575,0.025,102,54.51296912962155
0.575,0.025,103,56.79384160228493
0.575,0.025,104,59.09610414886675
0.575,0.025,105,61.58351949196485
0.575,0.025,106,64.1799093245831
0.575,0.025,107,65.49351897239589
0.575,0.025,108,67.0200800562861
0.575,0.025,109,69.44559748515285
0.575,0.025,110,70.3305046809867
0.575,0.025,111,72.88902867057445
0.575,0.025,112,74.3504162204968
0.575,0.025,113,76.99893821635575
0.575,0.025,114,79.59319404561009
0.575,0.025,115,82.66332231710051
0.575,0.025,116,86.2590886601986
0.575,0.025,117,91.2743160099811
0.575,0.025,118,96.79117223486955
0.6,0.025,1,-93.61425594544006
0.6,0.025,2,-86.28832725439362
0.6,0.025,3,-81.03695300542829
0.6,0.025,4,-78.58214320753696
0.6,0.025,5,-74.39425671196595
0.6,0.025,6,-71.23791215706
0.6,0.025,7,-70.30897678067744
0.6,0.025,8,-66.10916795071755
0.6,0.025,9,-64.40520518270715
0.6,0.025,10,-62.60932592459248
0.6,0.025,11,-59.831690722804396
0.6,0.025,12,-57.48501199070212
0.6,0.025,13,-56.2662895958036
0.6,0.025,14,-53.422736491357355
0.6,0.025,15,-51.8542894324916
0.6,0.025,16,-50.89414349195199
0.6,0.025,17,-48.16944656750768
0.6,0.025,18,-47.604673610151096
0.6,0.025,19,-45.923555343247855
0.6,0.025,20,-44.07513747074732
0.6,0.025,21,-43.14005797845867
0.6,0.025,22,-42.0837503460762
0.6,0.025,23,-40.37848966119789
0.6,0.025,24,-39.86029258005071
0.6,0.025,25,-38.993720599486196
0.6,0.025,26,-37.69859382108875
0.6,0.025,27,-37.23461147668108
0.6,0.025,28,-36.829743747219865
0.6,0.025,29,-36.310587143486444
0.6,0.025,30,-35.91225302266413
0.6,0.025,31,-34.2058790491583
0.6,0.025,32,-34.09606845777893
0.6,0.025,33,-31.621363906192315
0.6,0.025,34,-30.873548282153024
0.6,0.025,35,-28.860482538203257
0.6,0.025,36,-26.230495972540623
0.6,0.025,37,-25.56080770271771
0.6,0.025,38,-21.19458570406897
0.6,0.025,39,-21.06464272084628
0.6,0.025,40,-14.967241889986639
0.6,0.025,41,-7.8089371416441224
0.6,0.025,42,-7.53126129085598
0.6,0.025,43,-5.919039647700387
0.6,0.025,44,-4.636348508420454
0.6,0.025,45,-4.45447854560507
0.6,0.025,46,-3.545333425332487
0.6,0.025,47,-2.8614823794406874
0.6,0.025,48,-2.1916327823852697
0.6,0.025,49,-1.237303195811009
0.6,0.025,50,-0.31904869627756227
0.6,0.025,51,0.8600260077528645
0.6,0.025,52,2.0269146039085513
0.6,0.025,53,3.3672209837578606
0.6,0.025,54,4.748169843524764
0.6,0.025,55,6.280873130665867
0.6,0.025,56,7.907346020242329
0.6,0.025,57,9.62058149041441
0.6,0.025,58,11.409581542244467
0.6,0.025,59,13.271834079945023
0.6,0.025,60,15.17902114629068
0.6,0.025,61,16.944669109487645
0.6,0.025,62,16.97234148265897
0.6,0.025,63,17.04417401302922
0.6,0.025,64,18.42837501595504
0.6,0.025,65,18.698164737411933
0.6,0.025,66,18.756065395225328
0.6,0.025,67,19.398703459219163
0.6,0.025,68,19.64699220395768
0.6,0.025,69,20.112450388131506
0.6,0.025,70,20.486155821801717
0.6,0.025,71,20.81196878900863
0.6,0.025,72,21.09133697254957
0.6,0.025,73,21.324616310724608
0.6,0.025,74,21.742541459904203
0.6,0.025,75,21.83399314593929
0.6,0.025,76,22.28936030009274
0.6,0.025,77,22.857240083921788
0.6,0.025,78,22.92363962628051
0.6,0.025,79,25.331551185633444
0.6,0.025,80,31.46354591900203
0.6,0.025,81,33.06632113523412
0.6,0.025,82,35.86542513088517
0.6,0.025,83,36.39006981632358
0.6,0.025,84,38.00971714921466
0.6,0.025,85,39.87846377741826
0.6,0.025,86,40.442838604798915
0.6,0.025,87,42.23712202490753
0.6,0.025,88,42.44667764704393
0.6,0.025,89,43.74017332792721
0.6,0.025,90,45.2767045699703
0.6,0.025,91,45.61746783641038
0.6,0.025,92,46.84616158536801
0.6,0.025,93,47.073280237270446
0.6,0.025,94,48.6619528918528
0.6,0.025,95,49.3333678593159
0.6,0.025,96,50.10541555521882
0.6,0.025,97,50.98757263394413
0.6,0.025,98,51.8305079330537
0.6,0.025,99,52.532058043142754
0.6,0.025,100,53.14369982441302
0.6,0.025,101,53.67519388953193
0.6,0.025,102,54.58468730822111
0.6,0.025,103,56.79513880351268
0.6,0.025,104,59.09938712971944
0.6,0.025,105,61.566818490012594
0.6,0.025,106,64.1510175341414
0.6,0.025,107,65.69753071642755
0.6,0.025,108,66.78726945780167
0.6,0.025,109,69.30975223554849
0.6,0.025,110,70.75460662645186
0.6,0.025,111,72.4449928025854
0.6,0.025,112,74.70522048322852
0.6,0.025,113,76.80303396348947
0.6,0.025,114,79.68124356309752
0.6,0.025,115,82.63225903109557
0.6,0.025,116,86.26677229131545
0.6,0.025,117,91.27354473818846
0.6,0.025,118,96.79130710543195
0.625,0.025,1,-93.60970800315785
0.625,0.025,2,-86.28354424758307
0.625,0.025,3,-81.21448750593298
0.625,0.025,4,-78.17362354525578
0.625,0.025,5,-74.86510415932823
0.625,0.025,6,-71.39882643778849
0.625,0.025,7,-69.26889626625736
0.625,0.025,8,-67.47011975849198
0.625,0.025,9,-63.08122791165455
0.625,0.025,10,-62.69864471742558
0.625,0.025,11,-60.76989677492456
0.625,0.025,12,-57.181895151508186
0.625,0.025,13,-55.55593740246455
0.625,0.025,14,-54.417057602998554
0.625,0.025,15,-51.43975733902441
0.625,0.025,16,-50.59627284735991
0.625,0.025,17,-49.02249122542561
0.625,0.025,18,-47.007608744325
0.625,0.025,19,-45.393081228763364
0.625,0.025,20,-45.07481963980224
0.625,0.025,21,-42.686957463805086
0.625,0.025,22,-41.593270202651
0.625,0.025,23,-41.32970553049542
0.625,0.025,24,-39.39625313966492
0.625,0.025,25,-38.73381599532637
0.625,0.025,26,-38.25454999381462
0.625,0.025,27,-36.871060640273804
0.625,0.025,28,-36.74224426047287
0.625,0.025,29,-36.54550812818006
0.625,0.025,30,-35.882401850346994
0.625,0.025,31,-34.203315892053425
0.625,0.025,32,-34.0958453062197
0.625,0.025,33,-31.619711422471923
0.625,0.025,34,-30.87446479785791
0.625,0.025,35,-28.861283333912155
0.625,0.025,36,-26.23051378141122
0.625,0.025,37,-25.560440983752827
0.625,0.025,38,-21.194729356723755
0.625,0.025,39,-21.06447067900666
0.625,0.025,40,-14.967275408303948
0.625,0.025,41,-7.807588037268431
0.625,0.025,42,-7.533745166609734
0.625,0.025,43,-5.90878465857439
0.625,0.025,44,-4.769044021551835
0.625,0.025,45,-4.246369565102071
0.625,0.025,46,-3.6821527346939433
0.625,0.025,47,-2.800825824830767
0.625,0.025,48,-2.1768487656367768
0.625,0.025,49,-1.286660342815594
0.625,0.025,50,-0.27711966352728723
0.625,0.025,51,0.83428265225308
0.625,0.025,52,2.0439258394142
0.625,0.025,53,3.3553795917010234
0.625,0.025,54,4.755290199798978
0.625,0.025,55,6.277946208076344
0.625,0.025,56,7.908060983129545
0.625,0.025,57,9.620521580296327
0.625,0.025,58,11.40961903479166
0.625,0.025,59,13.27175728680264
0.625,0.025,60,15.179064345283066
0.625,0.025,61,16.946563159336712
0.625,0.025,62,16.97221558300077
0.625,0.025,63,17.041966087938533
0.625,0.025,64,18.432640703109726
0.625,0.025,65,18.697962079055387
0.625,0.025,66,18.75104685818154
0.625,0.025,67,19.39671890614956
0.625,0.025,68,19.65625655026504
0.625,0.025,69,20.09487830928967
0.625,0.025,70,20.505697138464157
0.625,0.025,71,20.830858274840367
0.625,0.025,72,21.026546674547106
0.625,0.025,73,21.385073113813107
0.625,0.025,74,21.69445746963852
0.625,0.025,75,21.86029892096535
0.625,0.025,76,22.288649658692208
0.625,0.025,77,22.857774549680833
0.625,0.025,78,22.923157752940842
0.625,0.025,79,25.331491751706963
0.625,0.025,80,31.463557725205874
0.625,0.025,81,33.066550189612045
0.625,0.025,82,35.865961803960495
0.625,0.025,83,36.390670192614884
0.625,0.025,84,38.00588843057205
0.625,0.025,85,39.888507663537546
0.625,0.025,86,40.43222980797433
0.625,0.025,87,42.236725412571694
0.625,0.025,88,42.436952634221
0.625,0.025,89,43.79844076426038
0.625,0.025,90,45.26570897236074
0.625,0.025,91,45.45610867470522
0.625,0.025,92,46.99302563776549
0.625,0.025,93,47.48311499218395
0.625,0.025,94,47.84262745251069
0.625,0.025,95,49.723687268565904
0.625,0.025,96,50.52967964300624
0.625,0.025,97,50.90719437006772
0.625,0.025,98,51.16264735749561
0.625,0.025,99,52.88599350737817
0.625,0.025,100,53.284868420255904
0.625,0.025,101,53.57234153062294
0.625,0.025,102,54.51296912961968
0.625,0.025,103,56.79384160228582
0.625,0.025,104,59.0961041488664
0.625,0.025,105,61.583519491966236
0.625,0.025,106,64.17990932458441
0.625,0.025,107,65.49351897239703
0.625,0.025,108,67.02008005628453
0.625,0.025,109,69.4455974851523
0.625,0.025,110,70.33050468098719
0.625,0.025,111,72.88902867057499
0.625,0.025,112,74.35041622049712
0.625,0.025,113,76.9989382163558
0.625,0.025,114,79.59319404561137
0.625,0.025,115,82.66332231710047
0.625,0.025,116,86.25908866019924
0.625,0.025,117,91.27431600998067
0.625,0.025,118,96.79117223486945
0.65,0.025,1,-93.6142559454402
0.65,0.025,2,-86.28832725439334
0.65,0.025,3,-81.03695300542891
0.65,0.025,4,-78.58214320753665
0.65,0.025,5,-74.39425671196553
0.65,0.025,6,-71.23791215706079
0.65,0.025,7,-70.3089767806784
0.65,0.025,8,-66.10916795071792
0.65,0.025,9,-64.40520518270664
0.65,0.025,10,-62.609325924592454
0.65,0.025,11,-59.831690722804396
0.65,0.025,12,-57.485011990702404
0.65,0.025,13,-56.26628959580363
0.65,0.025,14,-53.42273649135707
0.65,0.025,15,-51.85428943249157
0.65,0.025,16,-50.89414349195205
0.65,0.025,17,-48.16944656750768
0.65,0.025,18,-47.60467361015195
0.65,0.025,19,-45.923555343248054
0.65,0.025,20,-44.07513747074806
0.65,0.025,21,-43.14005797845856
0.65,0.025,22,-42.08375034607646
0.65,0.025,23,-40.378489661198145
0.65,0.025,24,-39.86029258005074
0.65,0.025,25,-38.993720599486394
0.65,0.025,26,-37.698593821089034
0.65,0.025,27,-37.234611476680854
0.65,0.025,28,-36.829743747219496
0.65,0.025,29,-36.310587143485705
0.65,0.025,30,-35.9122530226645
0.65,0.025,31,-34.205879049158774
0.65,0.025,32,-34.09606845777896
0.65,0.025,33,-31.62136390619274
0.65,0.025,34,-30.873548282153067
0.65,0.025,35,-28.86048253820293
0.65,0.025,36,-26.230495972540183
0.65,0.025,37,-25.56080770271774
0.65,0.025,38,-21.194585704068743
0.65,0.025,39,-21.064642720846166
0.65,0.025,40,-14.967241889986042
0.65,0.025,41,-7.808937141643909
0.65,0.025,42,-7.5312612908559515
0.65,0.025,43,-5.919039647700316
0.65,0.025,44,-4.63634850842044
0.65,0.025,45,-4.454478545605028
0.65,0.025,46,-3.545333425332487
0.65,0.025,47,-2.8614823794406874
0.65,0.025,48,-2.1916327823853123
0.65,0.025,49,-1.2373031958110232
0.65,0.025,50,-0.3190486962775907
0.65,0.025,51,0.8600260077528645
0.65,0.025,52,2.026914603908594
0.65,0.025,53,3.367220983757946
0.65,0.025,54,4.748169843524906
0.65,0.025,55,6.280873130665796
0.65,0.025,56,7.907346020242315
0.65,0.025,57,9.620581490414438
0.65,0.025,58,11.40958154224434
0.65,0.025,59,13.271834079945094
0.65,0.025,60,15.179021146290637
0.65,0.025,61,16.944669109487442
0.65,0.025,62,16.97234148265875
0.65,0.025,63,17.044174013029117
0.65,0.025,64,18.428375015955126
0.65,0.025,65,18.69816473741188
0.65,0.025,66,18.75606539522531
0.65,0.025,67,19.398703459219135
0.65,0.025,68,19.646992203957566
0.65,0.025,69,20.11245038813165
0.65,0.025,70,20.486155821801773
0.65,0.025,71,20.811968789008944
0.65,0.025,72,21.091336972549485
0.65,0.025,73,21.32461631072458
0.65,0.025,74,21.74254145990433
0.65,0.025,75,21.833993145939473
0.65,0.025,76,22.28936030009271
0.65,0.025,77,22.85724008392155
0.65,0.025,78,22.92363962628052
0.65,0.025,79,25.3315511856334
0.65,0.025,80,31.463545919001803
0.65,0.025,81,33.06632113523406
0.65,0.025,82,35.865425130885065
0.65,0.025,83,36.39006981632284
0.65,0.025,84,38.00971714921508
0.65,0.025,85,39.87846377741814
0.65,0.025,86,40.4428386047988
0.65,0.025,87,42.2371220249079
0.65,0.025,88,42.446677647043636
0.65,0.025,89,43.74017332792696
0.65,0.025,90,45.276704569970335
0.65,0.025,91,45.61746783641028
0.65,0.025,92,46.846161585368115
0.65,0.025,93,47.07328023727057
0.65,0.025,94,48.66195289185316
0.65,0.025,95,49.33336785931592
0.65,0.025,96,50.10541555521822
0.65,0.025,97,50.987572633944254
0.65,0.025,98,51.83050793305337
0.65,0.025,99,52.532058043142754
0.65,0.025,100,53.14369982441399
0.65,0.025,101,53.67519388953234
0.65,0.025,102,54.58468730822102
0.65,0.025,103,56.79513880351243
0.65,0.025,104,59.09938712971893
0.65,0.025,105,61.56681849001188
0.65,0.025,106,64.15101753414118
0.65,0.025,107,65.69753071642802
0.65,0.025,108,66.78726945780258
0.65,0.025,109,69.30975223554746
0.65,0.025,110,70.75460662645149
0.65,0.025,111,72.44499280258499
0.65,0.025,112,74.70522048322998
0.65,0.025,113,76.80303396349034
0.65,0.025,114,79.68124356309778
0.65,0.025,115,82.63225903109638
0.65,0.025,116,86.26677229131573
0.65,0.025,117,91.27354473818859
0.65,0.025,118,96.79130710543213
0.675,0.025,1,-93.60970800315717
0.675,0.025,2,-86.28354424758338
0.675,0.025,3,-81.21448750593332
0.675,0.025,4,-78.17362354525555
0.675,0.025,5,-74.86510415932851
0.675,0.025,6,-71.39882643778868
0.675,0.025,7,-69.26889626625704
0.675,0.025,8,-67.47011975849124
0.675,0.025,9,-63.08122791165444
0.675,0.025,10,-62.698644717425694
0.675,0.025,11,-60.769896774924646
0.675,0.025,12,-57.1818951515081
0.675,0.025,13,-55.55593740246566
0.675,0.025,14,-54.41705760299864
0.675,0.025,15,-51.43975733902501
0.675,0.025,16,-50.59627284735926
0.675,0.025,17,-49.022491225426464
0.675,0.025,18,-47.00760874432483
0.675,0.025,19,-45.39308122876314
0.675,0.025,20,-45.07481963980173
0.675,0.025,21,-42.686957463805854
0.675,0.025,22,-41.59327020265148
0.675,0.025,23,-41.329705530495644
0.675,0.025,24,-39.39625313966398
0.675,0.025,25,-38.73381599532509
0.675,0.025,26,-38.25454999381411
0.675,0.025,27,-36.87106064027479
0.675,0.025,28,-36.74224426047365
0.675,0.025,29,-36.545508128179236
0.675,0.025,30,-35.88240185034685
0.675,0.025,31,-34.203315892053546
0.675,0.025,32,-34.09584530621989
0.675,0.025,33,-31.619711422472037
0.675,0.025,34,-30.87446479785838
0.675,0.025,35,-28.861283333912198
0.675,0.025,36,-26.230513781411105
0.675,0.025,37,-25.560440983752656
0.675,0.025,38,-21.194729356723784
0.675,0.025,39,-21.064470679006746
0.675,0.025,40,-14.967275408303706
0.675,0.025,41,-7.807588037268474
0.675,0.025,42,-7.5337451666097905
0.675,0.025,43,-5.908784658574405
0.675,0.025,44,-4.769044021551906
0.675,0.025,45,-4.246369565102043
0.675,0.025,46,-3.6821527346939433
0.675,0.025,47,-2.800825824830767
0.675,0.025,48,-2.1768487656367483
0.675,0.025,49,-1.2866603428156083
0.675,0.025,50,-0.2771196635272588
0.675,0.025,51,0.8342826522531084
0.675,0.025,52,2.043925839414271
0.675,0.025,53,3.355379591701066
0.675,0.025,54,4.755290199798935
0.675,0.025,55,6.277946208076358
0.675,0.025,56,7.908060983129502
0.675,0.025,57,9.620521580296312
0.675,0.025,58,11.409619034791532
0.675,0.025,59,13.271757286802426
0.675,0.025,60,15.17906434528308
0.675,0.025,61,16.946563159336694
0.675,0.025,62,16.97221558300083
0.675,0.025,63,17.041966087938494
0.675,0.025,64,18.43264070310967
0.675,0.025,65,18.697962079055696
0.675,0.025,66,18.7510468581816
0.675,0.025,67,19.396718906149715
0.675,0.025,68,19.656256550265184
0.675,0.025,69,20.09487830928977
0.675,0.025,70,20.505697138464086
0.675,0.025,71,20.830858274840452
0.675,0.025,72,21.026546674546978
0.675,0.025,73,21.385073113813945
0.675,0.025,74,21.69445746963899
0.675,0.025,75,21.860298920965278
0.675,0.025,76,22.28864965869208
0.675,0.025,77,22.85777454968085
0.675,0.025,78,22.923157752940387
0.675,0.025,79,25.331491751707603
0.675,0.025,80,31.463557725206144
0.675,0.025,81,33.06655018961226
0.675,0.025,82,35.86596180395982
0.675,0.025,83,36.39067019261429
0.675,0.025,84,38.00588843057232
0.675,0.025,85,39.88850766353801
0.675,0.025,86,40.43222980797593
0.675,0.025,87,42.23672541257203
0.675,0.025,88,42.43695263422367
0.675,0.025,89,43.79844076425968
0.675,0.025,90,45.26570897235961
0.675,0.025,91,45.45610867470445
0.675,0.025,92,46.99302563776223
0.675,0.025,93,47.48311499218389
0.675,0.025,94,47.842627452510065
0.675,0.025,95,49.72368726856607
0.675,0.025,96,50.52967964300648
0.675,0.025,97,50.9071943700676
0.675,0.025,98,51.1626473574956
0.675,0.025,99,52.88599350737776
0.675,0.025,100,53.28486842025575
0.675,0.025,101,53.57234153062262
0.675,0.025,102,54.5129691296209
0.675,0.025,103,56.7938416022856
0.675,0.025,104,59.09610414886609
0.675,0.025,105,61.58351949196519
0.675,0.025,106,64.17990932458352
0.675,0.025,107,65.49351897239583
0.675,0.025,108,67.02008005628551
0.675,0.025,109,69.4455974851524
0.675,0.025,110,70.33050468098617
0.675,0.025,111,72.88902867057463
0.675,0.025,112,74.35041622049692
0.675,0.025,113,76.99893821635564
0.675,0.025,114,79.59319404561093
0.675,0.025,115,82.66332231710078
0.675,0.025,116,86.25908866019765
0.675,0.025,117,91.27431600997977
0.675,0.025,118,96.79117223486932
0.7,0.025,1,-93.61425594544004
0.7,0.025,2,-86.28832725439345
0.7,0.025,3,-81.03695300542857
0.7,0.025,4,-78.58214320753682
0.7,0.025,5,-74.39425671196564
0.7,0.025,6,-71.23791215706053
0.7,0.025,7,-70.30897678067804
0.7,0.025,8,-66.10916795071772
0.7,0.025,9,-64.40520518270706
0.7,0.025,10,-62.60932592459223
0.7,0.025,11,-59.83169072280451
0.7,0.025,12,-57.4850119907028
0.7,0.025,13,-56.266289595803485
0.7,0.025,14,-53.42273649135679
0.7,0.025,15,-51.85428943249208
0.7,0.025,16,-50.89414349195174
0.7,0.025,17,-48.16944656750802
0.7,0.025,18,-47.60467361015192
0.7,0.025,19,-45.92355534324899
0.7,0.025,20,-44.07513747074783
0.7,0.025,21,-43.140057978458955
0.7,0.025,22,-42.08375034607691
0.7,0.025,23,-40.37848966119792
0.7,0.025,24,-39.86029258005071
0.7,0.025,25,-38.99372059948648
0.7,0.025,26,-37.69859382108875
0.7,0.025,27,-37.23461147668077
0.7,0.025,28,-36.82974374721978
0.7,0.025,29,-36.31058714348542
0.7,0.025,30,-35.91225302266504
0.7,0.025,31,-34.20587904915841
0.7,0.025,32,-34.096068457778884
0.7,0.025,33,-31.6213639061926
0.7,0.025,34,-30.87354828215274
0.7,0.025,35,-28.860482538202703
0.7,0.025,36,-26.230495972540382
0.7,0.025,37,-25.56080770271764
0.7,0.025,38,-21.194585704068615
0.7,0.025,39,-21.064642720846294
0.7,0.025,40,-14.967241889986042
0.7,0.025,41,-7.808937141643739
0.7,0.025,42,-7.531261290855966
0.7,0.025,43,-5.919039647700274
0.7,0.025,44,-4.636348508420426
0.7,0.025,45,-4.45447854560507
0.7,0.025,46,-3.5453334253325437
0.7,0.025,47,-2.8614823794406306
0.7,0.025,48,-2.191632782385298
0.7,0.025,49,-1.2373031958110232
0.7,0.025,50,-0.3190486962775907
0.7,0.025,51,0.8600260077528645
0.7,0.025,52,2.0269146039086223
0.7,0.025,53,3.3672209837580027
0.7,0.025,54,4.748169843524892
0.7,0.025,55,6.280873130665924
0.7,0.025,56,7.9073460202424
0.7,0.025,57,9.62058149041441
0.7,0.025,58,11.409581542244368
0.7,0.025,59,13.27183407994518
0.7,0.025,60,15.179021146290594
0.7,0.025,61,16.944669109487343
0.7,0.025,62,16.972341482658614
0.7,0.025,63,17.044174013028996
0.7,0.025,64,18.428375015955083
0.7,0.025,65,18.698164737411815
0.7,0.025,66,18.756065395225278
0.7,0.025,67,19.39870345921898
0.7,0.025,68,19.646992203957566
0.7,0.025,69,20.11245038813162
0.7,0.025,70,20.486155821801688
0.7,0.025,71,20.811968789008716
0.7,0.025,72,21.09133697254954
0.7,0.025,73,21.32461631072495
0.7,0.025,74,21.742541459904515
0.7,0.025,75,21.833993145939047
0.7,0.025,76,22.289360300092568
0.7,0.025,77,22.85724008392146
0.7,0.025,78,22.92363962628065
0.7,0.025,79,25.33155118563336
0.7,0.025,80,31.463545919001163
0.7,0.025,81,33.06632113523376
0.7,0.025,82,35.86542513088474
0.7,0.025,83,36.39006981632315
0.7,0.025,84,38.00971714921433
0.7,0.025,85,39.8784637774177
0.7,0.025,86,40.44283860479869
0.7,0.025,87,42.237122024908224
0.7,0.025,88,42.446677647044034
0.7,0.025,89,43.74017332792673
0.7,0.025,90,45.27670456997029
0.7,0.025,91,45.617467836409716
0.7,0.025,92,46.84616158536861
0.7,0.025,93,47.0732802372706
0.7,0.025,94,48.66195289185348
0.7,0.025,95,49.333367859315665
0.7,0.025,96,50.10541555521883
0.7,0.025,97,50.987572633944126
0.7,0.025,98,51.83050793305295
0.7,0.025,99,52.532058043142975
0.7,0.025,100,53.143699824414405
0.7,0.025,101,53.67519388953345
0.7,0.025,102,54.58468730822124
0.7,0.025,103,56.795138803512714
0.7,0.025,104,59.0993871297191
0.7,0.025,105,61.56681849001141
0.7,0.025,106,64.15101753414301
0.7,0.025,107,65.6975307164286
0.7,0.025,108,66.78726945780218
0.7,0.025,109,69.30975223554768
0.7,0.025,110,70.75460662645132
0.7,0.025,111,72.44499280258539
0.7,0.025,112,74.70522048323016
0.7,0.025,113,76.80303396348987
0.7,0.025,114,79.6812435630975
0.7,0.025,115,82.63225903109623
0.7,0.025,116,86.26677229131599
0.7,0.025,117,91.27354473818849
0.7,0.025,118,96.79130710543221
0.725,0.025,1,-93.60970800315722
0.725,0.025,2,-86.28354424758236
0.725,0.025,3,-81.21448750593392
0.725,0.025,4,-78.17362354525518
0.725,0.025,5,-74.86510415932845
0.725,0.025,6,-71.39882643778877
0.725,0.025,7,-69.2688962662575
0.725,0.025,8,-67.47011975849183
0.725,0.025,9,-63.08122791165438
0.725,0.025,10,-62.698644717426006
0.725,0.025,11,-60.76989677492476
0.725,0.025,12,-57.18189515150756
0.725,0.025,13,-55.555937402465915
0.725,0.025,14,-54.41705760299858
0.725,0.025,15,-51.43975733902529
0.725,0.025,16,-50.59627284735994
0.725,0.025,17,-49.022491225426435
0.725,0.025,18,-47.00760874432483
0.725,0.025,19,-45.393081228762654
0.725,0.025,20,-45.07481963980153
0.725,0.025,21,-42.68695746380605
0.725,0.025,22,-41.5932702026514
0.725,0.025,23,-41.3297055304961
0.725,0.025,24,-39.39625313966384
0.725,0.025,25,-38.73381599532543
0.725,0.025,26,-38.254549993813825
0.725,0.025,27,-36.87106064027424
0.725,0.025,28,-36.742244260473434
0.725,0.025,29,-36.54550812817952
0.725,0.025,30,-35.88240185034671
0.725,0.025,31,-34.20331589205297
0.725,0.025,32,-34.09584530621932
0.725,0.025,33,-31.61971142247178
0.725,0.025,34,-30.874464797857826
0.725,0.025,35,-28.86128333391224
0.725,0.025,36,-26.230513781410977
0.725,0.025,37,-25.5604409837526
0.725,0.025,38,-21.194729356723656
0.725,0.025,39,-21.064470679006618
0.725,0.025,40,-14.967275408303692
0.725,0.025,41,-7.807588037268374
0.725,0.025,42,-7.533745166609748
0.725,0.025,43,-5.908784658574405
0.725,0.025,44,-4.769044021551849
0.725,0.025,45,-4.246369565101958
0.725,0.025,46,-3.6821527346939718
0.725,0.025,47,-2.8008258248307953
0.725,0.025,48,-2.1768487656367626
0.725,0.025,49,-1.286660342815651
0.725,0.025,50,-0.277119663527273
0.725,0.025,51,0.8342826522530942
0.725,0.025,52,2.0439258394142854
0.725,0.025,53,3.355379591701066
0.725,0.025,54,4.755290199798964
0.725,0.025,55,6.277946208076358
0.725,0.025,56,7.908060983129587
0.725,0.025,57,9.62052158029627
0.725,0.025,58,11.409619034791703
0.725,0.025,59,13.271757286802668
0.725,0.025,60,15.179064345283223
0.725,0.025,61,16.94656315933663
0.725,0.025,62,16.97221558300062
0.725,0.025,63,17.04196608793835
0.725,0.025,64,18.432640703109612
0.725,0.025,65,18.697962079055475
0.725,0.025,66,18.75104685818149
0.725,0.025,67,19.396718906149403
0.725,0.025,68,19.656256550265084
0.725,0.025,69,20.094878309289754
0.725,0.025,70,20.505697138464228
0.725,0.025,71,20.830858274840523
0.725,0.025,72,21.02654667454719
0.725,0.025,73,21.38507311381389
0.725,0.025,74,21.694457469639303
0.725,0.025,75,21.86029892096552
0.725,0.025,76,22.288649658692336
0.725,0.025,77,22.85777454968097
0.725,0.025,78,22.92315775294063
0.725,0.025,79,25.331491751707375
0.725,0.025,80,31.463557725205973
0.725,0.025,81,33.06655018961211
0.725,0.025,82,35.865961803959806
0.725,0.025,83,36.39067019261458
0.725,0.025,84,38.00588843057191
0.725,0.025,85,39.888507663537894
0.725,0.025,86,40.43222980797512
0.725,0.025,87,42.23672541257236
0.725,0.025,88,42.43695263422269
0.725,0.025,89,43.79844076425941
0.725,0.025,90,45.26570897236025
0.725,0.025,91,45.456108674704396
0.725,0.025,92,46.9930256377627
0.725,0.025,93,47.48311499218369
0.725,0.025,94,47.84262745251031
0.725,0.025,95,49.72368726856666
0.725,0.025,96,50.529679643006894
0.725,0.025,97,50.907194370067955
0.725,0.025,98,51.162647357496226
0.725,0.025,99,52.88599350737813
0.725,0.025,100,53.28486842025624
0.725,0.025,101,53.57234153062327
0.725,0.025,102,54.51296912962131
0.725,0.025,103,56.793841602285696
0.725,0.025,104,59.09610414886644
0.725,0.025,105,61.58351949196443
0.725,0.025,106,64.17990932458383
0.725,0.025,107,65.49351897239706
0.725,0.025,108,67.02008005628605
0.725,0.025,109,69.44559748515245
0.725,0.025,110,70.33050468098655
0.725,0.025,111,72.88902867057455
0.725,0.025,112,74.3504162204964
0.725,0.025,113,76.99893821635511
0.725,0.025,114,79.59319404561187
0.725,0.025,115,82.66332231710126
0.725,0.025,116,86.25908866019812
0.725,0.025,117,91.27431600997956
0.725,0.025,118,96.79117223486945
0.75,0.025,1,-93.61425594543972
0.75,0.025,2,-86.28832725439302
0.75,0.025,3,-81.03695300542894
0.75,0.025,4,-78.58214320753645
0.75,0.025,5,-74.39425671196567
0.75,0.025,6,-71.23791215706008
0.75,0.025,7,-70.30897678067781
0.75,0.025,8,-66.10916795071763
0.75,0.025,9,-64.40520518270758
0.75,0.025,10,-62.609325924592085
0.75,0.025,11,-59.83169072280431
0.75,0.025,12,-57.485011990702546
0.75,0.025,13,-56.26628959580397
0.75,0.025,14,-53.42273649135616
0.75,0.025,15,-51.854289432492536
0.75,0.025,16,-50.89414349195151
0.75,0.025,17,-48.16944656750785
0.75,0.025,18,-47.60467361015192
0.75,0.025,19,-45.92355534324905
0.75,0.025,20,-44.07513747074718
0.75,0.025,21,-43.14005797845856
0.75,0.025,22,-42.08375034607646
0.75,0.025,23,-40.37848966119772
0.75,0.025,24,-39.86029258005003
0.75,0.025,25,-38.99372059948651
0.75,0.025,26,-37.69859382108855
0.75,0.025,27,-37.23461147668091
0.75,0.025,28,-36.82974374721992
0.75,0.025,29,-36.31058714348582
0.75,0.025,30,-35.91225302266456
0.75,0.025,31,-34.205879049158334
0.75,0.025,32,-34.09606845777876
0.75,0.025,33,-31.62136390619257
0.75,0.025,34,-30.87354828215301
0.75,0.025,35,-28.86048253820269
0.75,0.025,36,-26.230495972540638
0.75,0.025,37,-25.560807702717668
0.75,0.025,38,-21.1945857040689
0.75,0.025,39,-21.064642720846052
0.75,0.025,40,-14.967241889986227
0.75,0.025,41,-7.808937141643682
0.75,0.025,42,-7.531261290855824
0.75,0.025,43,-5.919039647700316
0.75,0.025,44,-4.636348508420511
0.75,0.025,45,-4.454478545605099
0.75,0.025,46,-3.545333425332558
0.75,0.025,47,-2.861482379440659
0.75,0.025,48,-2.1916327823852697
0.75,0.025,49,-1.2373031958110516
0.75,0.025,50,-0.3190486962775765
0.75,0.025,51,0.8600260077528361
0.75,0.025,52,2.0269146039086365
0.75,0.025,53,3.3672209837579317
0.75,0.025,54,4.748169843524835
0.75,0.025,55,6.280873130665896
0.75,0.025,56,7.907346020242329
0.75,0.025,57,9.620581490414366
0.75,0.025,58,11.409581542244496
0.75,0.025,59,13.27183407994508
0.75,0.025,60,15.179021146290665
0.75,0.025,61,16.944669109487435
0.75,0.025,62,16.972341482658976
0.75,0.025,63,17.04417401302923
0.75,0.025,64,18.42837501595524
0.75,0.025,65,18.698164737411787
0.75,0.025,66,18.756065395225477
0.75,0.025,67,19.398703459219007
0.75,0.025,68,19.646992203957282
0.75,0.025,69,20.11245038813159
0.75,0.025,70,20.486155821801475
0.75,0.025,71,20.811968789009242
0.75,0.025,72,21.0913369725495
0.75,0.025,73,21.324616310725176
0.75,0.025,74,21.742541459904416
0.75,0.025,75,21.83399314593916
0.75,0.025,76,22.289360300092582
0.75,0.025,77,22.857240083921276
0.75,0.025,78,22.923639626280742
0.75,0.025,79,25.3315511856335
0.75,0.025,80,31.463545919001604
0.75,0.025,81,33.066321135234126
0.75,0.025,82,35.86542513088475
0.75,0.025,83,36.39006981632225
0.75,0.025,84,38.009717149214026
0.75,0.025,85,39.87846377741757
0.75,0.025,86,40.44283860479849
0.75,0.025,87,42.23712202490762
0.75,0.025,88,42.4466776470435
0.75,0.025,89,43.740173327927465
0.75,0.025,90,45.27670456997027
0.75,0.025,91,45.617467836409645
0.75,0.025,92,46.846161585368876
0.75,0.025,93,47.073280237270595
0.75,0.025,94,48.66195289185374
0.75,0.025,95,49.333367859315565
0.75,0.025,96,50.105415555218634
0.75,0.025,97,50.9875726339436
0.75,0.025,98,51.830507933053056
0.75,0.025,99,52.53205804314299
0.75,0.025,100,53.14369982441444
0.75,0.025,101,53.67519388953453
0.75,0.025,102,54.58468730822233
0.75,0.025,103,56.795138803512444
0.75,0.025,104,59.09938712971896
0.75,0.025,105,61.566818490012025
0.75,0.025,106,64.1510175341414
0.75,0.025,107,65.69753071642856
0.75,0.025,108,66.78726945780264
0.75,0.025,109,69.30975223554816
0.75,0.025,110,70.7546066264515
0.75,0.025,111,72.44499280258566
0.75,0.025,112,74.7052204832296
0.75,0.025,113,76.8030339634893
0.75,0.025,114,79.68124356309784
0.75,0.025,115,82.63225903109607
0.75,0.025,116,86.26677229131634
0.75,0.025,117,91.27354473818848
0.75,0.025,118,96.79130710543213
0.775,0.025,1,-93.60970800315765
0.775,0.025,2,-86.28354424758261
0.775,0.025,3,-81.21448750593306
0.775,0.025,4,-78.17362354525552
0.775,0.025,5,-74.86510415932845
0.775,0.025,6,-71.3988264377884
0.775,0.025,7,-69.26889626625653
0.775,0.025,8,-67.47011975849186
0.775,0.025,9,-63.08122791165441
0.775,0.025,10,-62.69864471742564
0.775,0.025,11,-60.76989677492459
0.775,0.025,12,-57.181895151507675
0.775,0.025,13,-55.55593740246509
0.775,0.025,14,-54.41705760299841
0.775,0.025,15,-51.43975733902518
0.775,0.025,16,-50.59627284736008
0.775,0.025,17,-49.022491225426805
0.775,0.025,18,-47.00760874432585
0.775,0.025,19,-45.39308122876325
0.775,0.025,20,-45.07481963980182
0.775,0.025,21,-42.68695746380597
0.775,0.025,22,-41.59327020265091
0.775,0.025,23,-41.32970553049587
0.775,0.025,24,-39.39625313966407
0.775,0.025,25,-38.733815995325315
0.775,0.025,26,-38.25454999381459
0.775,0.025,27,-36.871060640274735
0.775,0.025,28,-36.742244260473406
0.775,0.025,29,-36.54550812817949
0.775,0.025,30,-35.88240185034702
0.775,0.025,31,-34.20331589205323
0.775,0.025,32,-34.09584530621927
0.775,0.025,33,-31.619711422471894
0.775,0.025,34,-30.87446479785808
0.775,0.025,35,-28.861283333912354
0.775,0.025,36,-26.230513781411005
0.775,0.025,37,-25.56044098375267
0.775,0.025,38,-21.19472935672364
0.775,0.025,39,-21.06447067900656
0.775,0.025,40,-14.967275408303692
0.775,0.025,41,-7.8075880372683315
0.775,0.025,42,-7.533745166609805
0.775,0.025,43,-5.908784658574362
0.775,0.025,44,-4.769044021551906
0.775,0.025,45,-4.246369565102043
0.775,0.025,46,-3.6821527346939575
0.775,0.025,47,-2.800825824830852
0.775,0.025,48,-2.176848765636734
0.775,0.025,49,-1.2866603428156083
0.775,0.025,50,-0.2771196635272588
0.775,0.025,51,0.8342826522531368
0.775,0.025,52,2.0439258394142996
0.775,0.025,53,3.355379591701066
0.775,0.025,54,4.755290199798921
0.775,0.025,55,6.277946208076415
0.775,0.025,56,7.908060983129545
0.775,0.025,57,9.620521580296284
0.775,0.025,58,11.409619034791646
0.775,0.025,59,13.271757286802568
0.775,0.025,60,15.179064345283095
0.775,0.025,61,16.94656315933668
0.775,0.025,62,16.97221558300115
0.775,0.025,63,17.041966087938736
0.775,0.025,64,18.43264070310964
0.775,0.025,65,18.697962079055554
0.775,0.025,66,18.751046858181923
0.775,0.025,67,19.396718906149488
0.775,0.025,68,19.656256550265326
0.775,0.025,69,20.09487830928984
0.775,0.025,70,20.505697138464157
0.775,0.025,71,20.830858274840594
0.775,0.025,72,21.026546674547205
0.775,0.025,73,21.385073113813817
0.775,0.025,74,21.69445746963858
0.775,0.025,75,21.860298920964667
0.775,0.025,76,22.288649658692037
0.775,0.025,77,22.85777454968042
0.775,0.025,78,22.92315775294071
0.775,0.025,79,25.331491751707944
0.775,0.025,80,31.463557725205902
0.775,0.025,81,33.0665501896121
0.775,0.025,82,35.865961803960516
0.775,0.025,83,36.390670192614685
0.775,0.025,84,38.00588843057182
0.775,0.025,85,39.88850766353825
0.775,0.025,86,40.43222980797466
0.775,0.025,87,42.236725412571445
0.775,0.025,88,42.43695263422215
0.775,0.025,89,43.7984407642603
0.775,0.025,90,45.2657089723598
0.775,0.025,91,45.45610867470478
0.775,0.025,92,46.993025637763495
0.775,0.025,93,47.483114992184525
0.775,0.025,94,47.842627452509554
0.775,0.025,95,49.723687268565264
0.775,0.025,96,50.529679643006396
0.775,0.025,97,50.907194370067366
0.775,0.025,98,51.16264735749558
0.775,0.025,99,52.885993507377876
0.775,0.025,100,53.28486842025578
0.775,0.025,101,53.57234153062175
0.775,0.025,102,54.51296912962047
0.775,0.025,103,56.79384160228547
0.775,0.025,104,59.09610414886655
0.775,0.025,105,61.58351949196462
0.775,0.025,106,64.17990932458332
0.775,0.025,107,65.49351897239545
0.775,0.025,108,67.02008005628545
0.775,0.025,109,69.4455974851524
0.775,0.025,110,70.330504680987
0.775,0.025,111,72.88902867057449
0.775,0.025,112,74.35041622049691
0.775,0.025,113,76.99893821635558
0.775,0.025,114,79.59319404561114
0.775,0.025,115,82.6633223171008
0.775,0.025,116,86.25908866019871
0.775,0.025,117,91.27431600998004
0.775,0.025,118,96.7911722348695
0.8,0.025,1,-93.61425594544066
0.8,0.025,2,-86.28832725439402
0.8,0.025,3,-81.03695300542903
0.8,0.025,4,-78.58214320753719
0.8,0.025,5,-74.3942567119659
0.8,0.025,6,-71.23791215706099
0.8,0.025,7,-70.30897678067912
0.8,0.025,8,-66.10916795071911
0.8,0.025,9,-64.40520518270797
0.8,0.025,10,-62.6093259245924
0.8,0.025,11,-59.831690722804225
0.8,0.025,12,-57.48501199070192
0.8,0.025,13,-56.2662895958028
0.8,0.025,14,-53.42273649135713
0.8,0.025,15,-51.85428943249143
0.8,0.025,16,-50.89414349195299
0.8,0.025,17,-48.16944656750782
0.8,0.025,18,-47.60467361015169
0.8,0.025,19,-45.92355534324828
0.8,0.025,20,-44.075137470748516
0.8,0.025,21,-43.14005797845839
0.8,0.025,22,-42.083750346075774
0.8,0.025,23,-40.37848966119829
0.8,0.025,24,-39.86029258005071
0.8,0.025,25,-38.99372059948705
0.8,0.025,26,-37.69859382108838
0.8,0.025,27,-37.23461147668074
0.8,0.025,28,-36.829743747219126
0.8,0.025,29,-36.31058714348602
0.8,0.025,30,-35.91225302266402
0.8,0.025,31,-34.20587904915899
0.8,0.025,32,-34.0960684577787
0.8,0.025,33,-31.621363906192514
0.8,0.025,34,-30.87354828215304
0.8,0.025,35,-28.860482538202987
0.8,0.025,36,-26.230495972539956
0.8,0.025,37,-25.56080770271771
0.8,0.025,38,-21.1945857040689
0.8,0.025,39,-21.064642720846066
0.8,0.025,40,-14.967241889986099
0.8,0.025,41,-7.808937141644051
0.8,0.025,42,-7.531261290855923
0.8,0.025,43,-5.919039647700302
0.8,0.025,44,-4.636348508420468
0.8,0.025,45,-4.454478545605085
0.8,0.025,46,-3.5453334253324016
0.8,0.025,47,-2.861482379440659
0.8,0.025,48,-2.1916327823852555
0.8,0.025,49,-1.2373031958110658
0.8,0.025,50,-0.3190486962775765
0.8,0.025,51,0.8600260077528361
0.8,0.025,52,2.0269146039086223
0.8,0.025,53,3.367220983757889
0.8,0.025,54,4.748169843524735
0.8,0.025,55,6.280873130665739
0.8,0.025,56,7.90734602024223
0.8,0.025,57,9.620581490414423
0.8,0.025,58,11.409581542244368
0.8,0.025,59,13.27183407994518
0.8,0.025,60,15.179021146290694
0.8,0.025,61,16.944669109487467
0.8,0.025,62,16.97234148265851
0.8,0.025,63,17.044174013028698
0.8,0.025,64,18.428375015955027
0.8,0.025,65,18.698164737411528
0.8,0.025,66,18.75606539522537
0.8,0.025,67,19.398703459218765
0.8,0.025,68,19.646992203957396
0.8,0.025,69,20.112450388131677
0.8,0.025,70,20.486155821801603
0.8,0.025,71,20.811968789009228
0.8,0.025,72,21.091336972549655
0.8,0.025,73,21.324616310724565
0.8,0.025,74,21.742541459904032
0.8,0.025,75,21.833993145939502
0.8,0.025,76,22.289360300092966
0.8,0.025,77,22.857240083921795
0.8,0.025,78,22.923639626280696
0.8,0.025,79,25.331551185633415
0.8,0.025,80,31.46354591900112
0.8,0.025,81,33.06632113523408
0.8,0.025,82,35.8654251308848
0.8,0.025,83,36.39006981632287
0.8,0.025,84,38.00971714921511
0.8,0.025,85,39.878463777417764
0.8,0.025,86,40.44283860479817
0.8,0.025,87,42.237122024908
0.8,0.025,88,42.446677647043636
0.8,0.025,89,43.740173327927266
0.8,0.025,90,45.276704569969766
0.8,0.025,91,45.617467836409844
0.8,0.025,92,46.846161585368534
0.8,0.025,93,47.07328023727051
0.8,0.025,94,48.661952891853296
0.8,0.025,95,49.33336785931642
0.8,0.025,96,50.10541555521825
0.8,0.025,97,50.98757263394348
0.8,0.025,98,51.830507933054264
0.8,0.025,99,52.53205804314415
0.8,0.025,100,53.14369982441398
0.8,0.025,101,53.67519388953205
0.8,0.025,102,54.58468730822005
0.8,0.025,103,56.79513880351285
0.8,0.025,104,59.09938712971833
0.8,0.025,105,61.56681849001285
0.8,0.025,106,64.15101753414078
0.8,0.025,107,65.69753071642884
0.8,0.025,108,66.78726945780214
0.8,0.025,109,69.30975223554746
0.8,0.025,110,70.75460662645133
0.8,0.025,111,72.44499280258532
0.8,0.025,112,74.70522048323005
0.8,0.025,113,76.80303396349093
0.8,0.025,114,79.68124356309849
0.8,0.025,115,82.63225903109723
0.8,0.025,116,86.26677229131559
0.8,0.025,117,91.2735447381896
0.8,0.025,118,96.79130710543234
0.825,0.025,1,-93.60970800315731
0.825,0.025,2,-86.2835442475825
0.825,0.025,3,-81.21448750593355
0.825,0.025,4,-78.17362354525496
0.825,0.025,5,-74.86510415932823
0.825,0.025,6,-71.398826437789
0.825,0.025,7,-69.26889626625656
0.825,0.025,8,-67.47011975849155
0.825,0.025,9,-63.08122791165398
0.825,0.025,10,-62.69864471742629
0.825,0.025,11,-60.769896774924305
0.825,0.025,12,-57.18189515150739
0.825,0.025,13,-55.55593740246586
0.825,0.025,14,-54.417057602998355
0.825,0.025,15,-51.43975733902495
0.825,0.025,16,-50.596272847359316
0.825,0.025,17,-49.02249122542561
0.825,0.025,18,-47.007608744325225
0.825,0.025,19,-45.393081228763194
0.825,0.025,20,-45.07481963980173
0.825,0.025,21,-42.68695746380688
0.825,0.025,22,-41.59327020265148
0.825,0.025,23,-41.32970553049584
0.825,0.025,24,-39.39625313966478
0.825,0.025,25,-38.73381599532608
0.825,0.025,26,-38.25454999381428
0.825,0.025,27,-36.8710606402745
0.825,0.025,28,-36.74224426047336
0.825,0.025,29,-36.54550812818
0.825,0.025,30,-35.88240185034714
0.825,0.025,31,-34.203315892052714
0.825,0.025,32,-34.09584530621937
0.825,0.025,33,-31.619711422472065
0.825,0.025,34,-30.874464797857826
0.825,0.025,35,-28.861283333912297
0.825,0.025,36,-26.23051378141139
0.825,0.025,37,-25.56044098375284
0.825,0.025,38,-21.19472935672374
0.825,0.025,39,-21.06447067900666
0.825,0.025,40,-14.96727540830409
0.825,0.025,41,-7.807588037268289
0.825,0.025,42,-7.533745166609748
0.825,0.025,43,-5.9087846585743335
0.825,0.025,44,-4.769044021551778
0.825,0.025,45,-4.246369565102029
0.825,0.025,46,-3.682152734693929
0.825,0.025,47,-2.8008258248307953
0.825,0.025,48,-2.1768487656367483
0.825,0.025,49,-1.286660342815594
0.825,0.025,50,-0.277119663527273
0.825,0.025,51,0.8342826522530942
0.825,0.025,52,2.043925839414257
0.825,0.025,53,3.3553795917010802
0.825,0.025,54,4.755290199798949
0.825,0.025,55,6.277946208076301
0.825,0.025,56,7.908060983129488
0.825,0.025,57,9.620521580296355
0.825,0.025,58,11.40961903479159
0.825,0.025,59,13.271757286802611
0.825,0.025,60,15.179064345283223
0.825,0.025,61,16.94656315933662
0.825,0.025,62,16.972215583000775
0.825,0.025,63,17.041966087938537
0.825,0.025,64,18.43264070310967
0.825,0.025,65,18.69796207905539
0.825,0.025,66,18.751046858181564
0.825,0.025,67,19.396718906149445
0.825,0.025,68,19.65625655026524
0.825,0.025,69,20.09487830928971
0.825,0.025,70,20.505697138464086
0.825,0.025,71,20.830858274840466
0.825,0.025,72,21.026546674547063
0.825,0.025,73,21.38507311381359
0.825,0.025,74,21.694457469638905
0.825,0.025,75,21.860298920965207
0.825,0.025,76,22.28864965869225
0.825,0.025,77,22.857774549680848
0.825,0.025,78,22.92315775294062
0.825,0.025,79,25.331491751707105
0.825,0.025,80,31.463557725206
0.825,0.025,81,33.066550189612116
0.825,0.025,82,35.86596180395974
0.825,0.025,83,36.390670192614344
0.825,0.025,84,38.005888430571844
0.825,0.025,85,39.88850766353806
0.825,0.025,86,40.43222980797565
0.825,0.025,87,42.23672541257188
0.825,0.025,88,42.436952634223175
0.825,0.025,89,43.7984407642592
0.825,0.025,90,45.26570897236045
0.825,0.025,91,45.45610867470442
0.825,0.025,92,46.99302563776285
0.825,0.025,93,47.48311499218423
0.825,0.025,94,47.84262745250999
0.825,0.025,95,49.72368726856589
0.825,0.025,96,50.52967964300729
0.825,0.025,97,50.907194370067984
0.825,0.025,98,51.16264735749664
0.825,0.025,99,52.8859935073789
0.825,0.025,100,53.28486842025557
0.825,0.025,101,53.5723415306228
0.825,0.025,102,54.51296912962056
0.825,0.025,103,56.7938416022851
0.825,0.025,104,59.096104148867084
0.825,0.025,105,61.58351949196518
0.825,0.025,106,64.17990932458343
0.825,0.025,107,65.49351897239725
0.825,0.025,108,67.02008005628545
0.825,0.025,109,69.44559748515293
0.825,0.025,110,70.33050468098727
0.825,0.025,111,72.88902867057436
0.825,0.025,112,74.35041622049711
0.825,0.025,113,76.99893821635528
0.825,0.025,114,79.5931940456106
0.825,0.025,115,82.66332231710135
0.825,0.025,116,86.25908866019839
0.825,0.025,117,91.27431600997888
0.825,0.025,118,96.79117223486949
0.85,0.025,1,-93.61425594543987
0.85,0.025,2,-86.2883272543936
0.85,0.025,3,-81.03695300542911
0.85,0.025,4,-78.58214320753673
0.85,0.025,5,-74.39425671196587
0.85,0.025,6,-71.23791215706031
0.85,0.025,7,-70.30897678067772
0.85,0.025,8,-66.10916795071749
0.85,0.025,9,-64.4052051827074
0.85,0.025,10,-62.609325924592085
0.85,0.025,11,-59.83169072280465
0.85,0.025,12,-57.485011990702404
0.85,0.025,13,-56.26628959580343
0.85,0.025,14,-53.42273649135679
0.85,0.025,15,-51.854289432492195
0.85,0.025,16,-50.89414349195191
0.85,0.025,17,-48.16944656750779
0.85,0.025,18,-47.60467361015189
0.85,0.025,19,-45.92355534324825
0.85,0.025,20,-44.075137470747606
0.85,0.025,21,-43.1400579784587
0.85,0.025,22,-42.08375034607603
0.85,0.025,23,-40.378489661198
0.85,0.025,24,-39.86029258005057
0.85,0.025,25,-38.993720599486366
0.85,0.025,26,-37.69859382108889
0.85,0.025,27,-37.23461147668108
0.85,0.025,28,-36.82974374721978
0.85,0.025,29,-36.31058714348582
0.85,0.025,30,-35.9122530226647
0.85,0.025,31,-34.205879049158526
0.85,0.025,32,-34.09606845777881
0.85,0.025,33,-31.621363906192514
0.85,0.025,34,-30.873548282153067
0.85,0.025,35,-28.860482538203073
0.85,0.025,36,-26.230495972540453
0.85,0.025,37,-25.560807702717625
0.85,0.025,38,-21.194585704068714
0.85,0.025,39,-21.064642720846123
0.85,0.025,40,-14.967241889985985
0.85,0.025,41,-7.808937141643852
0.85,0.025,42,-7.531261290855866
0.85,0.025,43,-5.919039647700302
0.85,0.025,44,-4.63634850842044
0.85,0.025,45,-4.454478545605028
0.85,0.025,46,-3.5453334253325295
0.85,0.025,47,-2.8614823794406306
0.85,0.025,48,-2.191632782385284
0.85,0.025,49,-1.237303195811009
0.85,0.025,50,-0.3190486962775765
0.85,0.025,51,0.8600260077528645
0.85,0.025,52,2.026914603908594
0.85,0.025,53,3.3672209837579317
0.85,0.025,54,4.748169843524863
0.85,0.025,55,6.280873130665839
0.85,0.025,56,7.907346020242386
0.85,0.025,57,9.620581490414438
0.85,0.025,58,11.409581542244396
0.85,0.025,59,13.271834079945123
0.85,0.025,60,15.179021146290737
0.85,0.025,61,16.94466910948749
0.85,0.025,62,16.97234148265897
0.85,0.025,63,17.04417401302926
0.85,0.025,64,18.428375015955325
0.85,0.025,65,18.69816473741187
0.85,0.025,66,18.75606539522544
0.85,0.025,67,19.398703459219107
0.85,0.025,68,19.646992203957538
0.85,0.025,69,20.11245038813152
0.85,0.025,70,20.486155821801646
0.85,0.025,71,20.811968789008787
0.85,0.025,72,21.091336972549428
0.85,0.025,73,21.32461631072485
0.85,0.025,74,21.7425414599045
0.85,0.025,75,21.833993145939388
0.85,0.025,76,22.289360300092824
0.85,0.025,77,22.857240083921607
0.85,0.025,78,22.923639626280632
0.85,0.025,79,25.3315511856334
0.85,0.025,80,31.463545919001618
0.85,0.025,81,33.06632113523394
0.85,0.025,82,35.86542513088529
0.85,0.025,83,36.39006981632281
0.85,0.025,84,38.00971714921436
0.85,0.025,85,39.87846377741821
0.85,0.025,86,40.442838604798936
0.85,0.025,87,42.23712202490771
0.85,0.025,88,42.44667764704377
0.85,0.025,89,43.740173327926996
0.85,0.025,90,45.276704569970484
0.85,0.025,91,45.61746783641044
0.85,0.025,92,46.84616158536831
0.85,0.025,93,47.07328023727084
0.85,0.025,94,48.66195289185296
0.85,0.025,95,49.33336785931572
0.85,0.025,96,50.10541555521828
0.85,0.025,97,50.98757263394369
0.85,0.025,98,51.83050793305319
0.85,0.025,99,52.53205804314285
0.85,0.025,100,53.14369982441388
0.85,0.025,101,53.67519388953315
0.85,0.025,102,54.58468730822091
0.85,0.025,103,56.795138803512685
0.85,0.025,104,59.09938712971923
0.85,0.025,105,61.566818490012786
0.85,0.025,106,64.15101753414065
0.85,0.025,107,65.69753071642754
0.85,0.025,108,66.78726945780213
0.85,0.025,109,69.3097522355485
0.85,0.025,110,70.75460662645162
0.85,0.025,111,72.44499280258543
0.85,0.025,112,74.70522048322869
0.85,0.025,113,76.80303396348921
0.85,0.025,114,79.68124356309774
0.85,0.025,115,82.6322590310961
0.85,0.025,116,86.26677229131579
0.85,0.025,117,91.27354473818906
0.85,0.025,118,96.79130710543197
0.875,0.025,1,-93.6097080031579
0.875,0.025,2,-86.28354424758253
0.875,0.025,3,-81.21448750593355
0.875,0.025,4,-78.17362354525575
0.875,0.025,5,-74.86510415932806
0.875,0.025,6,-71.39882643778874
0.875,0.025,7,-69.26889626625619
0.875,0.025,8,-67.47011975849186
0.875,0.025,9,-63.08122791165461
0.875,0.025,10,-62.698644717425495
0.875,0.025,11,-60.769896774923254
0.875,0.025,12,-57.18189515150699
0.875,0.025,13,-55.555937402465204
0.875,0.025,14,-54.417057602998696
0.875,0.025,15,-51.43975733902509
0.875,0.025,16,-50.596272847359316
0.875,0.025,17,-49.02249122542558
0.875,0.025,18,-47.00760874432653
0.875,0.025,19,-45.39308122876257
0.875,0.025,20,-45.07481963980182
0.875,0.025,21,-42.686957463805655
0.875,0.025,22,-41.59327020265174
0.875,0.025,23,-41.32970553049596
0.875,0.025,24,-39.39625313966407
0.875,0.025,25,-38.73381599532574
0.875,0.025,26,-38.254549993814564
0.875,0.025,27,-36.8710606402742
0.875,0.025,28,-36.74224426047312
0.875,0.025,29,-36.54550812817992
0.875,0.025,30,-35.88240185034731
0.875,0.025,31,-34.20331589205358
0.875,0.025,32,-34.09584530621953
0.875,0.025,33,-31.619711422472008
0.875,0.025,34,-30.874464797858096
0.875,0.025,35,-28.861283333912255
0.875,0.025,36,-26.23051378141112
0.875,0.025,37,-25.560440983752684
0.875,0.025,38,-21.194729356723315
0.875,0.025,39,-21.064470679006618
0.875,0.025,40,-14.96727540830372
0.875,0.025,41,-7.8075880372682605
0.875,0.025,42,-7.533745166609762
0.875,0.025,43,-5.908784658574319
0.875,0.025,44,-4.769044021551849
0.875,0.025,45,-4.246369565102171
0.875,0.025,46,-3.682152734693929
0.875,0.025,47,-2.8008258248307953
0.875,0.025,48,-2.176848765636791
0.875,0.025,49,-1.2866603428156225
0.875,0.025,50,-0.2771196635272588
0.875,0.025,51,0.8342826522531226
0.875,0.025,52,2.043925839414257
0.875,0.025,53,3.355379591701066
0.875,0.025,54,4.755290199798992
0.875,0.025,55,6.2779462080763295
0.875,0.025,56,7.908060983129545
0.875,0.025,57,9.620521580296298
0.875,0.025,58,11.409619034791604
0.875,0.025,59,13.271757286802611
0.875,0.025,60,15.179064345283095
0.875,0.025,61,16.94656315933668
0.875,0.025,62,16.972215583001034
0.875,0.025,63,17.041966087938533
0.875,0.025,64,18.43264070310977
0.875,0.025,65,18.697962079055465
0.875,0.025,66,18.751046858181663
0.875,0.025,67,19.39671890614939
0.875,0.025,68,19.656256550265326
0.875,0.025,69,20.094878309289783
0.875,0.025,70,20.505697138464328
0.875,0.025,71,20.83085827484065
0.875,0.025,72,21.02654667454736
0.875,0.025,73,21.38507311381379
0.875,0.025,74,21.694457469639246
0.875,0.025,75,21.860298920965036
0.875,0.025,76,22.288649658692123
0.875,0.025,77,22.85777454968074
0.875,0.025,78,22.92315775294091
0.875,0.025,79,25.33149175170766
0.875,0.025,80,31.46355772520559
0.875,0.025,81,33.06655018961216
0.875,0.025,82,35.865961803960026
0.875,0.025,83,36.390670192614806
0.875,0.025,84,38.00588843057163
0.875,0.025,85,39.88850766353754
0.875,0.025,86,40.432229807974494
0.875,0.025,87,42.2367254125717
0.875,0.025,88,42.43695263422166
0.875,0.025,89,43.79844076426043
0.875,0.025,90,45.265708972359974
0.875,0.025,91,45.45610867470479
0.875,0.025,92,46.993025637762685
0.875,0.025,93,47.48311499218439
0.875,0.025,94,47.84262745251085
0.875,0.025,95,49.72368726856592
0.875,0.025,96,50.52967964300669
0.875,0.025,97,50.90719437006792
0.875,0.025,98,51.16264735749561
0.875,0.025,99,52.88599350737805
0.875,0.025,100,53.28486842025538
0.875,0.025,101,53.57234153062275
0.875,0.025,102,54.512969129621354
0.875,0.025,103,56.79384160228545
0.875,0.025,104,59.09610414886716
0.875,0.025,105,61.58351949196621
0.875,0.025,106,64.17990932458375
0.875,0.025,107,65.49351897239637
0.875,0.025,108,67.02008005628605
0.875,0.025,109,69.44559748515223
0.875,0.025,110,70.33050468098602
0.875,0.025,111,72.8890286705745
0.875,0.025,112,74.35041622049683
0.875,0.025,113,76.9989382163552
0.875,0.025,114,79.59319404561055
0.875,0.025,115,82.66332231710005
0.875,0.025,116,86.2590886601982
0.875,0.025,117,91.27431600998086
0.875,0.025,118,96.7911722348696
0.9,0.025,1,-93.61425594544001
0.9,0.025,2,-86.28832725439362
0.9,0.025,3,-81.03695300542937
0.9,0.025,4,-78.58214320753693
0.9,0.025,5,-74.39425671196624
0.9,0.025,6,-71.23791215706053
0.9,0.025,7,-70.30897678067835
0.9,0.025,8,-66.10916795071869
0.9,0.025,9,-64.40520518270755
0.9,0.025,10,-62.60932592459231
0.9,0.025,11,-59.83169072280445
0.9,0.025,12,-57.48501199070229
0.9,0.025,13,-56.266289595802974
0.9,0.025,14,-53.422736491356815
0.9,0.025,15,-51.85428943249205
0.9,0.025,16,-50.89414349195182
0.9,0.025,17,-48.169446567507876
0.9,0.025,18,-47.604673610151664
0.9,0.025,19,-45.923555343248424
0.9,0.025,20,-44.075137470747606
0.9,0.025,21,-43.14005797845864
0.9,0.025,22,-42.08375034607626
0.9,0.025,23,-40.37848966119786
0.9,0.025,24,-39.8602925800506
0.9,0.025,25,-38.99372059948659
0.9,0.025,26,-37.69859382108869
0.9,0.025,27,-37.2346114766802
0.9,0.025,28,-36.8297437472193
0.9,0.025,29,-36.31058714348656
0.9,0.025,30,-35.91225302266504
0.9,0.025,31,-34.20587904915863
0.9,0.025,32,-34.096068457778934
0.9,0.025,33,-31.62136390619237
0.9,0.025,34,-30.873548282152782
0.9,0.025,35,-28.860482538202646
0.9,0.025,36,-26.23049597254048
0.9,0.025,37,-25.56080770271771
0.9,0.025,38,-21.194585704068814
0.9,0.025,39,-21.064642720846237
0.9,0.025,40,-14.967241889986113
0.9,0.025,41,-7.808937141643753
0.9,0.025,42,-7.531261290856051
0.9,0.025,43,-5.91903964770033
0.9,0.025,44,-4.636348508420426
0.9,0.025,45,-4.454478545605085
0.9,0.025,46,-3.545333425332487
0.9,0.025,47,-2.8614823794406874
0.9,0.025,48,-2.1916327823852413
0.9,0.025,49,-1.2373031958110374
0.9,0.025,50,-0.3190486962775765
0.9,0.025,51,0.8600260077528503
0.9,0.025,52,2.0269146039086223
0.9,0.025,53,3.3672209837579032
0.9,0.025,54,4.74816984352492
0.9,0.025,55,6.280873130665853
0.9,0.025,56,7.9073460202423576
0.9,0.025,57,9.620581490414423
0.9,0.025,58,11.409581542244439
0.9,0.025,59,13.271834079945037
0.9,0.025,60,15.179021146290722
0.9,0.025,61,16.944669109487478
0.9,0.025,62,16.972341482658738
0.9,0.025,63,17.044174013029014
0.9,0.025,64,18.42837501595494
0.9,0.025,65,18.698164737411854
0.9,0.025,66,18.75606539522547
0.9,0.025,67,19.39870345921895
0.9,0.025,68,19.646992203957296
0.9,0.025,69,20.112450388131577
0.9,0.025,70,20.486155821801546
0.9,0.025,71,20.811968789008773
0.9,0.025,72,21.091336972549655
0.9,0.025,73,21.324616310724792
0.9,0.025,74,21.742541459904317
0.9,0.025,75,21.833993145939232
0.9,0.025,76,22.28936030009274
0.9,0.025,77,22.857240083921504
0.9,0.025,78,22.923639626280675
0.9,0.025,79,25.33155118563353
0.9,0.025,80,31.46354591900176
0.9,0.025,81,33.06632113523383
0.9,0.025,82,35.86542513088517
0.9,0.025,83,36.39006981632335
0.9,0.025,84,38.009717149214346
0.9,0.025,85,39.87846377741775
0.9,0.025,86,40.44283860479907
0.9,0.025,87,42.2371220249074
0.9,0.025,88,42.446677647044126
0.9,0.025,89,43.74017332792701
0.9,0.025,90,45.27670456997048
0.9,0.025,91,45.617467836410405
0.9,0.025,92,46.84616158536814
0.9,0.025,93,47.07328023727056
0.9,0.025,94,48.6619528918533
0.9,0.025,95,49.3333678593161
0.9,0.025,96,50.10541555521833
0.9,0.025,97,50.98757263394345
0.9,0.025,98,51.83050793305361
0.9,0.025,99,52.53205804314292
0.9,0.025,100,53.14369982441392
0.9,0.025,101,53.67519388953341
0.9,0.025,102,54.58468730822034
0.9,0.025,103,56.79513880351261
0.9,0.025,104,59.099387129718814
0.9,0.025,105,61.56681849001209
0.9,0.025,106,64.15101753414211
0.9,0.025,107,65.69753071642792
0.9,0.025,108,66.78726945780136
0.9,0.025,109,69.30975223554807
0.9,0.025,110,70.75460662645091
0.9,0.025,111,72.4449928025854
0.9,0.025,112,74.70522048322941
0.9,0.025,113,76.80303396348994
0.9,0.025,114,79.68124356309778
0.9,0.025,115,82.63225903109682
0.9,0.025,116,86.26677229131658
0.9,0.025,117,91.27354473818953
0.9,0.025,118,96.7913071054322
0.925,0.025,1,-93.60970800315734
0.925,0.025,2,-86.28354424758227
0.925,0.025,3,-81.21448750593349
0.925,0.025,4,-78.17362354525581
0.925,0.025,5,-74.86510415932806
0.925,0.025,6,-71.3988264377886
0.925,0.025,7,-69.26889626625773
0.925,0.025,8,-67.47011975849163
0.925,0.025,9,-63.081227911654665
0.925,0.025,10,-62.69864471742592
0.925,0.025,11,-60.769896774923964
0.925,0.025,12,-57.1818951515079
0.925,0.025,13,-55.55593740246634
0.925,0.025,14,-54.41705760299892
0.925,0.025,15,-51.43975733902538
0.925,0.025,16,-50.59627284735923
0.925,0.025,17,-49.02249122542652
0.925,0.025,18,-47.00760874432548
0.925,0.025,19,-45.393081228761886
0.925,0.025,20,-45.074819639802016
0.925,0.025,21,-42.68695746380551
0.925,0.025,22,-41.593270202651794
0.925,0.025,23,-41.329705530495985
0.925,0.025,24,-39.3962531396633
0.925,0.025,25,-38.733815995324946
0.925,0.025,26,-38.254549993814564
0.925,0.025,27,-36.87106064027393
0.925,0.025,28,-36.7422442604733
0.925,0.025,29,-36.545508128179605
0.925,0.025,30,-35.88240185034677
0.925,0.025,31,-34.203315892053816
0.925,0.025,32,-34.09584530621984
0.925,0.025,33,-31.619711422471923
0.925,0.025,34,-30.874464797858437
0.925,0.025,35,-28.86128333391234
0.925,0.025,36,-26.230513781411275
0.925,0.025,37,-25.56044098375274
0.925,0.025,38,-21.194729356723784
0.925,0.025,39,-21.064470679006604
0.925,0.025,40,-14.967275408304104
0.925,0.025,41,-7.807588037268459
0.925,0.025,42,-7.533745166609805
0.925,0.025,43,-5.908784658574348
0.925,0.025,44,-4.769044021551849
0.925,0.025,45,-4.246369565102114
0.925,0.025,46,-3.6821527346939575
0.925,0.025,47,-2.8008258248307243
0.925,0.025,48,-2.1768487656367483
0.925,0.025,49,-1.2866603428156367
0.925,0.025,50,-0.27711966352730144
0.925,0.025,51,0.8342826522531084
0.925,0.025,52,2.0439258394142428
0.925,0.025,53,3.3553795917010376
0.925,0.025,54,4.755290199798935
0.925,0.025,55,6.277946208076358
0.925,0.025,56,7.908060983129545
0.925,0.025,57,9.620521580296284
0.925,0.025,58,11.40961903479166
0.925,0.025,59,13.27175728680254
0.925,0.025,60,15.179064345283138
0.925,0.025,61,16.946563159336566
0.925,0.025,62,16.97221558300057
0.925,0.025,63,17.041966087938288
0.925,0.025,64,18.43264070310964
0.925,0.025,65,18.697962079055387
0.925,0.025,66,18.751046858181244
0.925,0.025,67,19.396718906149488
0.925,0.025,68,19.656256550265084
0.925,0.025,69,20.094878309289754
0.925,0.025,70,20.505697138464342
0.925,0.025,71,20.830858274840423
0.925,0.025,72,21.02654667454749
0.925,0.025,73,21.385073113814244
0.925,0.025,74,21.694457469639303
0.925,0.025,75,21.860298920965818
0.925,0.025,76,22.28864965869218
0.925,0.025,77,22.857774549681036
0.925,0.025,78,22.92315775294071
0.925,0.025,79,25.331491751706906
0.925,0.025,80,31.46355772520573
0.925,0.025,81,33.06655018961183
0.925,0.025,82,35.8659618039598
0.925,0.025,83,36.39067019261468
0.925,0.025,84,38.00588843057232
0.925,0.025,85,39.8885076635384
0.925,0.025,86,40.43222980797417
0.925,0.025,87,42.23672541257179
0.925,0.025,88,42.43695263422184
0.925,0.025,89,43.798440764259425
0.925,0.025,90,45.265708972360024
0.925,0.025,91,45.456108674704474
0.925,0.025,92,46.99302563776209
0.925,0.025,93,47.483114992183715
0.925,0.025,94,47.84262745251064
0.925,0.025,95,49.72368726856586
0.925,0.025,96,50.52967964300676
0.925,0.025,97,50.90719437006811
0.925,0.025,98,51.1626473574956
0.925,0.025,99,52.885993507378316
0.925,0.025,100,53.284868420256096
0.925,0.025,101,53.572341530622865
0.925,0.025,102,54.51296912962092
0.925,0.025,103,56.79384160228558
0.925,0.025,104,59.09610414886593
0.925,0.025,105,61.583519491964765
0.925,0.025,106,64.17990932458329
0.925,0.025,107,65.49351897239688
0.925,0.025,108,67.02008005628716
0.925,0.025,109,69.44559748515192
0.925,0.025,110,70.33050468098655
0.925,0.025,111,72.88902867057476
0.925,0.025,112,74.35041622049762
0.925,0.025,113,76.9989382163556
0.925,0.025,114,79.59319404561103
0.925,0.025,115,82.66332231710017
0.925,0.025,116,86.25908866019786
0.925,0.025,117,91.2743160099794
0.925,0.025,118,96.79117223486924
0.95,0.025,1,-93.61425594544032
0.95,0.025,2,-86.28832725439365
0.95,0.025,3,-81.03695300542866
0.95,0.025,4,-78.58214320753696
0.95,0.025,5,-74.39425671196567
0.95,0.025,6,-71.23791215706034
0.95,0.025,7,-70.30897678067801
0.95,0.025,8,-66.10916795071806
0.95,0.025,9,-64.40520518270732
0.95,0.025,10,-62.609325924592284
0.95,0.025,11,-59.83169072280451
0.95,0.025,12,-57.48501199070215
0.95,0.025,13,-56.266289595803286
0.95,0.025,14,-53.42273649135687
0.95,0.025,15,-51.85428943249154
0.95,0.025,16,-50.89414349195202
0.95,0.025,17,-48.16944656750785
0.95,0.025,18,-47.60467361015172
0.95,0.025,19,-45.92355534324837
0.95,0.025,20,-44.07513747074806
0.95,0.025,21,-43.140057978458785
0.95,0.025,22,-42.083750346076144
0.95,0.025,23,-40.37848966119789
0.95,0.025,24,-39.86029258005097
0.95,0.025,25,-38.99372059948651
0.95,0.025,26,-37.69859382108861
0.95,0.025,27,-37.23461147668071
0.95,0.025,28,-36.829743747219354
0.95,0.025,29,-36.31058714348548
0.95,0.025,30,-35.91225302266453
0.95,0.025,31,-34.20587904915876
0.95,0.025,32,-34.09606845777902
0.95,0.025,33,-31.62136390619274
0.95,0.025,34,-30.873548282153195
0.95,0.025,35,-28.860482538203172
0.95,0.025,36,-26.23049597254031
0.95,0.025,37,-25.560807702717668
0.95,0.025,38,-21.194585704068686
0.95,0.025,39,-21.06464272084621
0.95,0.025,40,-14.96724188998617
0.95,0.025,41,-7.808937141643881
0.95,0.025,42,-7.531261290856023
0.95,0.025,43,-5.919039647700288
0.95,0.025,44,-4.636348508420468
0.95,0.025,45,-4.45447854560507
0.95,0.025,46,-3.5453334253325153
0.95,0.025,47,-2.8614823794406306
0.95,0.025,48,-2.1916327823853123
0.95,0.025,49,-1.2373031958109948
0.95,0.025,50,-0.31904869627756227
0.95,0.025,51,0.8600260077528503
0.95,0.025,52,2.0269146039086223
0.95,0.025,53,3.367220983757946
0.95,0.025,54,4.748169843524863
0.95,0.025,55,6.280873130665853
0.95,0.025,56,7.9073460202423576
0.95,0.025,57,9.620581490414395
0.95,0.025,58,11.409581542244354
0.95,0.025,59,13.271834079945151
0.95,0.025,60,15.17902114629058
0.95,0.025,61,16.94466910948747
0.95,0.025,62,16.972341482658777
0.95,0.025,63,17.04417401302895
0.95,0.025,64,18.428375015955055
0.95,0.025,65,18.698164737411734
0.95,0.025,66,18.756065395225356
0.95,0.025,67,19.398703459219035
0.95,0.025,68,19.64699220395761
0.95,0.025,69,20.112450388131663
0.95,0.025,70,20.486155821801646
0.95,0.025,71,20.811968789008915
0.95,0.025,72,21.091336972549527
0.95,0.025,73,21.32461631072475
0.95,0.025,74,21.742541459904317
0.95,0.025,75,21.83399314593943
0.95,0.025,76,22.289360300092852
0.95,0.025,77,22.85724008392149
0.95,0.025,78,22.92363962628066
0.95,0.025,79,25.331551185633458
0.95,0.025,80,31.463545919001334
0.95,0.025,81,33.066321135234034
0.95,0.025,82,35.86542513088485
0.95,0.025,83,36.390069816323404
0.95,0.025,84,38.009717149214474
0.95,0.025,85,39.87846377741826
0.95,0.025,86,40.44283860479874
0.95,0.025,87,42.237122024907755
0.95,0.025,88,42.44667764704393
0.95,0.025,89,43.74017332792711
0.95,0.025,90,45.27670456997054
0.95,0.025,91,45.61746783641042
0.95,0.025,92,46.84616158536819
0.95,0.025,93,47.0732802372704
0.95,0.025,94,48.661952891853204
0.95,0.025,95,49.333367859316205
0.95,0.025,96,50.105415555218826
0.95,0.025,97,50.987572633943465
0.95,0.025,98,51.830507933053745
0.95,0.025,99,52.53205804314293
0.95,0.025,100,53.14369982441457
0.95,0.025,101,53.67519388953317
0.95,0.025,102,54.584687308220396
0.95,0.025,103,56.79513880351269
0.95,0.025,104,59.099387129718785
0.95,0.025,105,61.56681849001199
0.95,0.025,106,64.15101753414126
0.95,0.025,107,65.6975307164279
0.95,0.025,108,66.78726945780208
0.95,0.025,109,69.30975223554779
0.95,0.025,110,70.75460662645096
0.95,0.025,111,72.44499280258535
0.95,0.025,112,74.70522048322923
0.95,0.025,113,76.80303396348978
0.95,0.025,114,79.68124356309794
0.95,0.025,115,82.63225903109696
0.95,0.025,116,86.26677229131602
0.95,0.025,117,91.2735447381889
0.95,0.025,118,96.791307105432
0.975,0.025,1,-93.60970800315756
0.975,0.025,2,-86.28354424758255
0.975,0.025,3,-81.2144875059334
0.975,0.025,4,-78.17362354525535
0.975,0.025,5,-74.86510415932871
0.975,0.025,6,-71.39882643778874
0.975,0.025,7,-69.26889626625704
0.975,0.025,8,-67.47011975849195
0.975,0.025,9,-63.08122791165452
0.975,0.025,10,-62.69864471742618
0.975,0.025,11,-60.769896774924646
0.975,0.025,12,-57.18189515150722
0.975,0.025,13,-55.555937402465204
0.975,0.025,14,-54.41705760299844
0.975,0.025,15,-51.439757339024695
0.975,0.025,16,-50.59627284736
0.975,0.025,17,-49.022491225426265
0.975,0.025,18,-47.00760874432497
0.975,0.025,19,-45.39308122876294
0.975,0.025,20,-45.074819639802385
0.975,0.025,21,-42.68695746380574
0.975,0.025,22,-41.5932702026508
0.975,0.025,23,-41.32970553049525
0.975,0.025,24,-39.39625313966398
0.975,0.025,25,-38.73381599532563
0.975,0.025,26,-38.254549993814706
0.975,0.025,27,-36.87106064027414
0.975,0.025,28,-36.7422442604733
0.975,0.025,29,-36.54550812818009
0.975,0.025,30,-35.88240185034674
0.975,0.025,31,-34.20331589205334
0.975,0.025,32,-34.0958453062193
0.975,0.025,33,-31.619711422471724
0.975,0.025,34,-30.87446479785808
0.975,0.025,35,-28.86128333391204
0.975,0.025,36,-26.23051378141102
0.975,0.025,37,-25.560440983752656
0.975,0.025,38,-21.194729356724025
0.975,0.025,39,-21.06447067900673
0.975,0.025,40,-14.967275408304118
0.975,0.025,41,-7.807588037268346
0.975,0.025,42,-7.533745166609805
0.975,0.025,43,-5.9087846585743335
0.975,0.025,44,-4.769044021551892
0.975,0.025,45,-4.246369565102071
0.975,0.025,46,-3.6821527346939007
0.975,0.025,47,-2.8008258248307385
0.975,0.025,48,-2.176848765636734
0.975,0.025,49,-1.286660342815594
0.975,0.025,50,-0.277119663527273
0.975,0.025,51,0.8342826522531368
0.975,0.025,52,2.043925839414257
0.975,0.025,53,3.3553795917010945
0.975,0.025,54,4.755290199798978
0.975,0.025,55,6.277946208076344
0.975,0.025,56,7.908060983129587
0.975,0.025,57,9.620521580296312
0.975,0.025,58,11.409619034791731
0.975,0.025,59,13.271757286802654
0.975,0.025,60,15.179064345283194
0.975,0.025,61,16.946563159336726
0.975,0.025,62,16.972215583000917
0.975,0.025,63,17.04196608793858
0.975,0.025,64,18.432640703109627
0.975,0.025,65,18.697962079055287
0.975,0.025,66,18.751046858181613
0.975,0.025,67,19.396718906149445
0.975,0.025,68,19.65625655026517
0.975,0.025,69,20.09487830928957
0.975,0.025,70,20.505697138464257
0.975,0.025,71,20.83085827484058
0.975,0.025,72,21.02654667454732
0.975,0.025,73,21.38507311381376
0.975,0.025,74,21.694457469639133
0.975,0.025,75,21.86029892096512
0.975,0.025,76,22.28864965869232
0.975,0.025,77,22.857774549680702
0.975,0.025,78,22.92315775294079
0.975,0.025,79,25.331491751707347
0.975,0.025,80,31.463557725205817
0.975,0.025,81,33.06655018961186
0.975,0.025,82,35.865961803960275
0.975,0.025,83,36.390670192614664
0.975,0.025,84,38.00588843057201
0.975,0.025,85,39.88850766353843
0.975,0.025,86,40.432229807974124
0.975,0.025,87,42.23672541257136
0.975,0.025,88,42.4369526342214
0.975,0.025,89,43.79844076426
0.975,0.025,90,45.265708972360116
0.975,0.025,91,45.45610867470471
0.975,0.025,92,46.99302563776256
0.975,0.025,93,47.48311499218431
0.975,0.025,94,47.84262745251015
0.975,0.025,95,49.723687268565264
0.975,0.025,96,50.52967964300617
0.975,0.025,97,50.90719437006781
0.975,0.025,98,51.16264735749579
0.975,0.025,99,52.88599350737871
0.975,0.025,100,53.28486842025625
0.975,0.025,101,53.57234153062274
0.975,0.025,102,54.51296912962035
0.975,0.025,103,56.79384160228518
0.975,0.025,104,59.096104148866104
0.975,0.025,105,61.5835194919654
0.975,0.025,106,64.17990932458358
0.975,0.025,107,65.4935189723962
0.975,0.025,108,67.0200800562852
0.975,0.025,109,69.4455974851524
0.975,0.025,110,70.33050468098732
0.975,0.025,111,72.88902867057377
0.975,0.025,112,74.350416220497
0.975,0.025,113,76.99893821635567
0.975,0.025,114,79.5931940456107
0.975,0.025,115,82.6633223171007
0.975,0.025,116,86.2590886601989
0.975,0.025,117,91.27431600998054
0.975,0.025,118,96.79117223486963
